arm,group,runs,p50_med,p50_absmed,p95_med,p95_absmed,p99_med,p99_absmed,drop_med,drop_absmed,goodput_absmed,prb_med,prb_absmed,tbs_ratio_med,tbs_ratio_absmed,ks_med,ks_absmed,w1_ms_med,w1_ms_absmed
primary,all,153,-0.0722953,0.0970861,-0.077865,0.0920053,-0.0683164,0.0770078,-0.00628931,0.00628931,0.00632911,-0.0968779,0.0968779,0.552037,0.552037,0.277559,0.277559,12.8228,12.8228
primary,light,79,-0.00163233,0.044565,-0.0920053,0.0952464,-0.0967229,0.0970861,0,0,0,-0.133147,0.133147,0.711171,0.711171,0.256667,0.256667,3.46939,3.46939
primary,moderate,36,-0.269284,0.269284,-0.152378,0.168237,-0.128074,0.136827,-0.0408722,0.0408722,0.0451212,-0.0539045,0.0539045,0.380141,0.380141,0.316196,0.316196,65.9631,65.9631
primary,saturated,38,-0.351956,0.356862,-0.0258681,0.0349554,0.00013008,0.0104438,-0.0689059,0.0689059,0.118074,0.00048389,0.000542327,0.226266,0.226266,0.37908,0.37908,132.935,132.935
primary,light_seed2,34,-0.00107782,0.0422928,-0.0760251,0.0852877,-0.0683164,0.0726621,0,0,0,-0.138822,0.138822,0.723885,0.723885,0.265575,0.265575,2.55947,2.55947
primary,moderate_seed2,8,-0.307304,0.307304,-0.182823,0.182823,-0.118824,0.118824,-0.0408722,0.0408722,0.0451212,-0.0160219,0.0160219,0.346484,0.346484,0.356764,0.356764,90.6619,90.6619
primary,saturated_seed2,9,-0.371905,0.371905,-0.0313448,0.0313448,-0.0090076,0.0125935,-0.0648872,0.0648872,0.11006,0.000283603,0.000500609,0.225305,0.225305,0.396205,0.396205,175.156,175.156
all,all,153,-0.00240873,0.0366144,-0.0122205,0.0355327,-0.00507287,0.0248316,0,0.00434028,0.00454344,-0.0332869,0.0343918,0.998371,0.998371,0.169482,0.169482,7.49871,7.49871
all,light,79,-0.00240873,0.0133202,-0.025018,0.033074,-0.0174066,0.0360179,0,0,0,-0.0323384,0.0378874,1.01875,1.01875,0.248101,0.248101,1.97049,1.97049
all,moderate,36,-0.0118114,0.0459432,-0.0520897,0.0857537,-0.0356643,0.0486869,-0.0143599,0.0165349,0.0181661,-0.0471374,0.0471374,0.994423,0.994423,0.129717,0.129717,17.5526,17.5526
all,saturated,38,-0.00596107,0.0454249,0.00357045,0.014576,-0.000239055,0.00710809,-0.0172933,0.0196285,0.0403143,-0.0307082,0.0307082,0.970278,0.970278,0.0881957,0.0881957,30.5972,30.5972
all,light_seed2,34,-0.00218799,0.00220838,-0.0223848,0.0311054,-0.0122074,0.0218612,0,0,0,-0.0242235,0.0242235,1.0471,1.0471,0.270044,0.270044,0.965239,0.965239
all,moderate_seed2,8,-0.0113401,0.0898287,-0.0182876,0.177233,-0.0151501,0.0423729,-0.0158293,0.0158293,0.017241,-0.02307,0.02307,1.04319,1.04319,0.130881,0.130881,40.9888,40.9888
all,saturated_seed2,9,-0.0278074,0.0668334,0.0109619,0.0216622,-0.00499405,0.0077285,-0.0352113,0.0352113,0.0546667,-0.0236374,0.0236374,0.975645,0.975645,0.0540828,0.0540828,28.5058,28.5058
all_no_active,all,153,-0.0319036,0.0809409,-0.00220838,0.033074,-0.00132624,0.0360179,0,0.00612624,0.00675676,-0.0313756,0.0317882,0.997883,0.997883,0.243216,0.243216,7.79286,7.79286
all_no_active,light,79,-0.00158572,0.0347475,-0.00163233,0.0286082,-0.00163233,0.0506266,0,0,0,-0.0271033,0.027497,1.04785,1.04785,0.235788,0.235788,2.48099,2.48099
all_no_active,moderate,36,-0.199176,0.206402,-0.0114789,0.0729419,-0.019515,0.0487814,-0.00934234,0.0149971,0.017217,-0.0437396,0.0437396,0.950072,0.950072,0.254626,0.254626,32.2367,32.2367
all_no_active,saturated,38,-0.154375,0.179539,-0.00381412,0.025882,0.00156825,0.00731703,-0.0144526,0.0202247,0.0368678,-0.0300722,0.0300722,0.928918,0.928918,0.244236,0.244236,97.1067,97.1067
all_no_active,light_seed2,34,-0.00127527,0.00230855,-0.00198796,0.0330802,-0.00169994,0.0466763,0,0,0,-0.0220998,0.0220998,1.06534,1.06534,0.259433,0.259433,1.78782,1.78782
all_no_active,moderate_seed2,8,-0.321987,0.321987,0.0374185,0.211018,0.0230305,0.0275699,-0.00510147,0.0114167,0.0124331,-0.0252491,0.0252491,0.950072,0.950072,0.36109,0.36109,50.2857,50.2857
all_no_active,saturated_seed2,9,-0.210749,0.210749,-0.015825,0.0387115,-0.00172208,0.0130008,-0.0405816,0.0405816,0.0623333,-0.0246881,0.0246881,0.943166,0.943166,0.297235,0.297235,142.791,142.791
all_no_amc,all,153,-0.0108825,0.039428,-0.0262539,0.0470967,-0.0123868,0.0308653,-0.00136612,0.00314465,0.00324675,-0.0353865,0.0363663,0.994975,0.994975,0.176233,0.176233,8.94137,8.94137
all_no_amc,light,79,-0.00240873,0.0310711,-0.0445816,0.0512599,-0.0379834,0.042726,0,0,0,-0.0393801,0.0393801,1.01182,1.01182,0.247676,0.247676,2.11405,2.11405
all_no_amc,moderate,36,-0.0427012,0.0698938,-0.0544203,0.0891674,-0.0352818,0.0462888,-0.0222774,0.0222774,0.0252014,-0.0468933,0.0468933,0.980818,0.980818,0.132978,0.132978,19.6285,19.6285
all_no_amc,saturated,38,-0.00786113,0.0677828,-5.2185e-05,0.0165906,-0.00122752,0.0076086,-0.021161,0.021161,0.0405988,-0.0281641,0.0281641,0.968999,0.968999,0.0894825,0.0894825,30.7736,30.7736
all_no_amc,light_seed2,34,-0.00218799,0.00220838,-0.0311054,0.033074,-0.0122074,0.0252271,0,0,0,-0.0242578,0.0242578,1.0428,1.0428,0.270934,0.270934,0.965239,0.965239
all_no_amc,moderate_seed2,8,-0.0113401,0.100695,-0.0436312,0.188574,0.00301843,0.0379348,-0.0160296,0.0160296,0.0173903,-0.0209835,0.0209835,1.0277,1.0277,0.127746,0.127746,43.8581,43.8581
all_no_amc,saturated_seed2,9,-0.030027,0.0668334,0.00558463,0.0246552,-0.00683501,0.00859632,-0.0362413,0.0362413,0.0556667,-0.0236374,0.0236374,0.97438,0.97438,0.0539263,0.0539263,29.7819,29.7819
all_no_intra,all,153,-0.0539541,0.057847,-0.042726,0.0607392,-0.0263267,0.033749,-0.00333333,0.00666593,0.00675676,-0.0313911,0.0313911,0.685614,0.685614,0.191358,0.191358,10.9707,10.9707
all_no_intra,light,79,-0.0353529,0.039428,-0.0569343,0.0602917,-0.0402681,0.0466056,0,0,0,-0.0473783,0.0473783,0.885814,0.885814,0.235324,0.235324,3.01507,3.01507
all_no_intra,moderate,36,-0.0953685,0.0953685,-0.104405,0.20431,-0.0725103,0.095763,-0.0239748,0.0239748,0.0255187,-0.03766,0.03766,0.401144,0.401144,0.169766,0.169766,33.6105,33.6105
all_no_intra,saturated,38,-0.074321,0.0949746,-0.0137645,0.0289648,-0.000813238,0.00970017,-0.058088,0.058088,0.0954891,-0.000175044,0.00153608,0.230283,0.230283,0.117858,0.117858,56.0689,56.0689
all_no_intra,light_seed2,34,-0.00230855,0.00252885,-0.0503081,0.0518702,-0.0385338,0.0385338,0,0,0,-0.0427961,0.0427961,0.905684,0.905684,0.302351,0.302351,2.47769,2.47769
all_no_intra,moderate_seed2,8,-0.10898,0.10898,-0.233901,0.233901,-0.0589828,0.0678926,-0.0342279,0.0342279,0.037277,-0.0108056,0.0108056,0.372405,0.372405,0.173337,0.173337,49.1491,49.1491
all_no_intra,saturated_seed2,9,-0.0948006,0.105787,-0.0141943,0.0234887,-0.00473413,0.00992881,-0.0572917,0.0572917,0.088,-0.000688246,0.000688246,0.226536,0.226536,0.100509,0.100509,60.7844,60.7844
all_no_oh8,all,153,-0.00240873,0.037999,-0.0205093,0.0360511,-0.00859743,0.0246281,0,0.005,0.00658986,-0.0334371,0.0343376,0.998682,0.998682,0.170275,0.170275,7.8644,7.8644
all_no_oh8,light,79,-0.00240873,0.0269856,-0.0301694,0.0353662,-0.019112,0.0335498,0,0,0,-0.0323384,0.0388543,1.01772,1.01772,0.248101,0.248101,2.01853,2.01853
all_no_oh8,moderate,36,-0.0182075,0.055725,-0.0630024,0.0881143,-0.0329824,0.0449924,-0.017823,0.0189526,0.0205915,-0.0490104,0.0490104,0.992248,0.992248,0.131171,0.131171,16.785,16.785
all_no_oh8,saturated,38,-0.00358623,0.0607399,-0.00122083,0.0167071,-0.0010127,0.00743628,-0.0186859,0.0205111,0.0464531,-0.0301283,0.0301283,0.965358,0.965358,0.0828632,0.0828632,31.8993,31.8993
all_no_oh8,light_seed2,34,-0.00218799,0.00230855,-0.020808,0.0325577,-0.0151775,0.0251356,0,0,0,-0.0245784,0.0245784,1.04619,1.04619,0.269599,0.269599,0.974768,0.974768
all_no_oh8,moderate_seed2,8,-0.0217508,0.095262,-0.0650406,0.154746,-0.0185352,0.0222095,-0.0189836,0.0189836,0.0209525,-0.0236786,0.0236786,1.04225,1.04225,0.133017,0.133017,40.5112,40.5112
all_no_oh8,saturated_seed2,9,-0.0395414,0.0727604,0.000360873,0.025369,-0.00220105,0.00758639,-0.0394965,0.0394965,0.0606667,-0.0234374,0.0234374,0.966403,0.966403,0.0633897,0.0633897,29.5381,29.5381
all_no_pipe,all,153,-0.0322466,0.0519269,-0.0595582,0.0809409,-0.0405487,0.0510914,0,0.00925926,0.00983607,-0.0922231,0.0922231,0.932887,0.932887,0.161408,0.161408,11.1846,11.1846
all_no_pipe,light,79,-0.033074,0.044565,-0.0865018,0.088947,-0.0808996,0.0848355,0,0,0,-0.129081,0.129081,0.866667,0.866667,0.234114,0.234114,3.58262,3.58262
all_no_pipe,moderate,36,-0.0616653,0.0646528,-0.139958,0.151674,-0.0741539,0.0889417,-0.0248623,0.0253131,0.0281709,-0.0603416,0.0603416,0.935482,0.935482,0.14241,0.14241,24.1359,24.1359
all_no_pipe,saturated,38,-0.00492337,0.0508249,-0.00399544,0.01309,-0.000433238,0.00515168,-0.0261578,0.0265767,0.0460785,-0.0309596,0.0309596,0.964297,0.964297,0.0773117,0.0773117,29.4082,29.4082
all_no_pipe,light_seed2,34,-0.00220838,0.0370011,-0.0683164,0.0834341,-0.0683164,0.074608,0,0,0,-0.138673,0.138673,0.881374,0.881374,0.257462,0.257462,2.41437,2.41437
all_no_pipe,moderate_seed2,8,-0.0696934,0.0696934,-0.228427,0.228427,-0.0424869,0.0424869,-0.0266789,0.0266789,0.0304188,-0.0255246,0.0255246,0.967361,0.967361,0.158683,0.158683,54.2648,54.2648
all_no_pipe,saturated_seed2,9,-0.0366887,0.0519269,-0.0032138,0.0289479,-0.00264397,0.00509572,-0.0355942,0.0355942,0.0606667,-0.0242179,0.0242179,0.97026,0.97026,0.0552244,0.0552244,26.5429,26.5429
all_no_retx,all,153,-0.0366144,0.0456823,-0.033074,0.0470967,-0.0155596,0.029308,-0.00145871,0.00901639,0.00925926,-0.0179774,0.0191294,1.00072,1.00072,0.169251,0.169251,10.2408,10.2408
all_no_retx,light,79,-0.0269856,0.033074,-0.0353662,0.0433444,-0.0269856,0.0367994,0,0,0,-0.0295345,0.0297631,1.02416,1.02416,0.25,0.25,2.22447,2.22447
all_no_retx,moderate,36,-0.0631247,0.0751633,-0.0999991,0.12511,-0.0590304,0.066734,-0.0222882,0.0222882,0.0237523,-0.0119474,0.0143097,0.993799,0.993799,0.149358,0.149358,28.8785,28.8785
all_no_retx,saturated,38,-0.0410471,0.0658099,-0.0121487,0.0191294,-0.00193296,0.0084526,-0.0390458,0.0390458,0.0711816,0.00105704,0.00105704,0.996625,0.996625,0.116064,0.116064,37.22,37.22
all_no_retx,light_seed2,34,-0.00218799,0.00220838,-0.0311054,0.033074,-0.0216785,0.0295135,0,0,0,-0.0237028,0.0237028,1.04808,1.04808,0.256947,0.256947,1.08821,1.08821
all_no_retx,moderate_seed2,8,-0.0382029,0.0921372,-0.201742,0.211653,-0.0451968,0.0451968,-0.0246162,0.0246162,0.0267396,-0.00266865,0.00293819,1.03876,1.03876,0.136485,0.136485,38.6573,38.6573
all_no_retx,saturated_seed2,9,-0.065141,0.0658554,-0.0133805,0.0173389,-0.00648305,0.00655524,-0.0450413,0.0450413,0.073,0.000867491,0.000867491,0.994187,0.994187,0.0754654,0.0754654,37.5773,37.5773
amc,all,153,-0.0731869,0.0949921,-0.0683164,0.0846482,-0.0575733,0.068978,-0.00357143,0.00925926,0.00934579,-0.095545,0.095545,0.559037,0.559037,0.276873,0.276873,12.75,12.75
amc,light,79,-0.00163233,0.0485843,-0.0846482,0.0920053,-0.088947,0.0920053,0,0,0,-0.133147,0.133147,0.711171,0.711171,0.252451,0.252451,3.41543,3.41543
amc,moderate,36,-0.269284,0.269284,-0.136982,0.159126,-0.116805,0.119485,-0.0385593,0.0385593,0.0409897,-0.0520072,0.0520072,0.38002,0.38002,0.315333,0.315333,64.0546,64.0546
amc,saturated,38,-0.341421,0.343748,-0.030037,0.040357,-0.00471654,0.0115709,-0.0676413,0.0676413,0.114008,0.00048389,0.000542291,0.22698,0.22698,0.378169,0.378169,133.931,133.931
amc,light_seed2,34,-0.000967951,0.0422928,-0.0760251,0.0852877,-0.0623122,0.0683164,0,0,0,-0.138822,0.138822,0.725551,0.725551,0.265575,0.265575,2.54265,2.54265
amc,moderate_seed2,8,-0.307304,0.307304,-0.165956,0.165956,-0.116805,0.116805,-0.0399107,0.0399107,0.0446435,-0.0145504,0.0145504,0.34796,0.34796,0.356337,0.356337,88.8882,88.8882
amc,saturated_seed2,9,-0.371905,0.371905,-0.0353586,0.0353586,-0.0103767,0.0103767,-0.0642361,0.0642361,0.108837,0.000283603,0.000500609,0.225292,0.225292,0.396632,0.396632,175.985,175.985
oh8,all,153,-0.0722953,0.0938754,-0.0698174,0.0859273,-0.0642913,0.08098,-0.00479167,0.00479167,0.00481474,-0.0956505,0.0956505,0.551903,0.551903,0.278666,0.278666,12.3902,12.3902
oh8,light,79,-0.00163233,0.0466593,-0.0920053,0.0943127,-0.0967229,0.0970861,0,0,0,-0.133098,0.133098,0.70904,0.70904,0.256667,0.256667,3.34933,3.34933
oh8,moderate,36,-0.269284,0.269284,-0.150017,0.170092,-0.116503,0.118783,-0.0395027,0.0395027,0.0441634,-0.0520087,0.0520087,0.378736,0.378736,0.31379,0.31379,63.6005,63.6005
oh8,saturated,38,-0.341421,0.348413,-0.0277377,0.0450396,-0.004202,0.0105437,-0.0687762,0.0687762,0.116569,0.000500593,0.000542327,0.225926,0.225926,0.380165,0.380165,131.886,131.886
oh8,light_seed2,34,-0.00116189,0.0382134,-0.0683164,0.0823374,-0.0609171,0.0683164,0,0,0,-0.138772,0.138772,0.727418,0.727418,0.265575,0.265575,2.52262,2.52262
oh8,moderate_seed2,8,-0.307304,0.307304,-0.170092,0.170092,-0.112639,0.112639,-0.0395027,0.0395027,0.0441634,-0.0139477,0.0139477,0.348971,0.348971,0.355317,0.355317,88.7964,88.7964
oh8,saturated_seed2,9,-0.371905,0.371905,-0.0487285,0.0487285,-0.00891632,0.012171,-0.0635851,0.0635851,0.106768,0.000283603,0.000517296,0.224756,0.224756,0.395157,0.395157,174.92,174.92
pf,all,153,-0.0640537,0.0731869,-0.0832214,0.0994599,-0.0815227,0.0864076,-0.00628931,0.00628931,0.00632911,-0.0938184,0.0938184,0.914074,0.914074,0.186195,0.186195,12.5495,12.5495
pf,light,79,-0.040422,0.051241,-0.116287,0.116458,-0.113642,0.113642,0,0,0,-0.133131,0.133131,0.868579,0.868579,0.245684,0.245684,3.92162,3.92162
pf,moderate,36,-0.112982,0.112982,-0.178671,0.22391,-0.110433,0.118856,-0.0365819,0.0365819,0.0420849,-0.0362004,0.0362004,0.896984,0.896984,0.167983,0.167983,38.401,38.401
pf,saturated,38,-0.0674152,0.0772167,-0.018174,0.0289299,-0.00420427,0.0130877,-0.0524734,0.0524734,0.0901732,0.00048389,0.000542327,0.996005,0.996005,0.110408,0.110408,49.5666,49.5666
pf,light_seed2,34,-0.00220838,0.0416833,-0.0764823,0.0889663,-0.0902224,0.0930177,0,0,0,-0.138683,0.138683,0.88273,0.88273,0.257462,0.257462,2.49594,2.49594
pf,moderate_seed2,8,-0.13987,0.13987,-0.255092,0.255092,-0.0547234,0.0547234,-0.0365819,0.0365819,0.0420849,-0.0113915,0.0113915,0.962333,0.962333,0.174591,0.174591,44.0432,44.0432
pf,saturated_seed2,9,-0.0773348,0.0816437,-0.0173389,0.0278529,-0.0104664,0.0192553,-0.0524468,0.0524468,0.0933489,0.000283603,0.000517227,0.995968,0.995968,0.0788229,0.0788229,48.3806,48.3806
pf_active,all,153,-0.0722953,0.0777488,-0.0920053,0.100715,-0.0822364,0.0920053,-0.00628931,0.00628931,0.00632911,-0.0966369,0.0966369,0.550305,0.550305,0.192484,0.192484,13.5544,13.5544
pf_active,light,79,-0.0392854,0.0485843,-0.116821,0.116821,-0.113642,0.113642,0,0,0,-0.133294,0.133294,0.711831,0.711831,0.246348,0.246348,3.87714,3.87714
pf_active,moderate,36,-0.146461,0.146461,-0.175269,0.185221,-0.184183,0.191192,-0.0441107,0.0441107,0.0465201,-0.0545913,0.0545913,0.375092,0.375092,0.185551,0.185551,51.451,51.451
pf_active,saturated,38,-0.0879574,0.0984869,-0.0205842,0.0315885,-0.00162112,0.0105458,-0.0689603,0.0689603,0.125788,0.00048389,0.000542327,0.222411,0.222411,0.100788,0.100788,61.9121,61.9121
pf_active,light_seed2,34,-0.00220838,0.0395214,-0.0764823,0.0889663,-0.0856571,0.090805,0,0,0,-0.138765,0.138765,0.726038,0.726038,0.255683,0.255683,2.50143,2.50143
pf_active,moderate_seed2,8,-0.192933,0.192933,-0.197467,0.197467,-0.184384,0.184384,-0.0441107,0.0441107,0.0465201,-0.0162288,0.0162288,0.341889,0.341889,0.162178,0.162178,66.5281,66.5281
pf_active,saturated_seed2,9,-0.093485,0.106826,-0.0260117,0.0260117,-0.00541214,0.00992881,-0.066781,0.066781,0.100233,0.000283603,0.000517296,0.222342,0.222342,0.0878917,0.0878917,64.9094,64.9094
pf_intra,all,153,-0.0575341,0.08104,-0.077865,0.0920053,-0.0624267,0.0711599,-0.00479167,0.00479167,0.00481474,-0.0938184,0.0938184,0.921844,0.921844,0.282759,0.282759,12.8228,12.8228
pf_intra,light,79,-0.00163233,0.0422928,-0.0920053,0.0943127,-0.0920053,0.0967229,0,0,0,-0.132903,0.132903,0.921844,0.921844,0.256667,0.256667,3.33966,3.33966
pf_intra,moderate,36,-0.279695,0.279695,-0.140008,0.167875,-0.105919,0.106369,-0.0366193,0.0366193,0.0391294,-0.039403,0.039403,0.84808,0.84808,0.308088,0.308088,61.2891,61.2891
pf_intra,saturated,38,-0.310141,0.326206,-0.0218766,0.0384026,-0.000474863,0.0121873,-0.0551511,0.0551511,0.0900101,0.000450504,0.000542327,0.951824,0.951824,0.356897,0.356897,126.315,126.315
pf_intra,light_seed2,34,-0.00145405,0.0416833,-0.0841911,0.0889281,-0.0639795,0.0683164,0,0,0,-0.138622,0.138622,0.935129,0.935129,0.267605,0.267605,2.61663,2.61663
pf_intra,moderate_seed2,8,-0.317715,0.317715,-0.240232,0.240232,-0.0753874,0.0753874,-0.0360169,0.0360169,0.0391294,-0.0126716,0.0126716,0.852005,0.852005,0.360654,0.360654,85.8615,85.8615
pf_intra,saturated_seed2,9,-0.353728,0.353728,-0.0500757,0.0500757,-0.00836681,0.0143776,-0.0568576,0.0568576,0.089111,-0.000316778,0.00048389,0.967271,0.967271,0.37811,0.37811,179.945,179.945
pf_pipe,all,153,-0.0351486,0.0463156,-0.0363668,0.0512599,-0.0245305,0.0372228,-0.00479167,0.00479167,0.00481474,-0.0200307,0.020149,1,1,0.17,0.17,10.1413,10.1413
pf_pipe,light,79,-0.0133202,0.033074,-0.0470967,0.0539541,-0.0445816,0.0466056,0,0,0,-0.0382802,0.0382802,1.01401,1.01401,0.25,0.25,2.22625,2.22625
pf_pipe,moderate,36,-0.0571229,0.0736472,-0.0928387,0.153124,-0.0615532,0.0887367,-0.0304271,0.0304271,0.0330562,-0.0125927,0.0129584,0.992337,0.992337,0.139777,0.139777,26.2758,26.2758
pf_pipe,saturated,38,-0.0404362,0.0658099,-0.0133054,0.0162518,-0.00180188,0.00877893,-0.0384109,0.0384109,0.0735406,0.00105124,0.00105124,0.996008,0.996008,0.118323,0.118323,37.0326,37.0326
pf_pipe,light_seed2,34,-0.00218799,0.00220838,-0.0325577,0.0345267,-0.0243877,0.025758,0,0,0,-0.0238122,0.0238122,1.04296,1.04296,0.257837,0.257837,1.08821,1.08821
pf_pipe,moderate_seed2,8,-0.0382029,0.059538,-0.216062,0.216062,-0.0470744,0.0528447,-0.0265472,0.0265472,0.0283607,-0.00314991,0.00395948,1.03143,1.03143,0.138894,0.138894,38.5793,38.5793
pf_pipe,saturated_seed2,9,-0.0658554,0.0671733,-0.0141943,0.0148708,-0.00574664,0.00574664,-0.0452479,0.0452479,0.072,0.000867491,0.000867491,0.995575,0.995575,0.0789372,0.0789372,39.7287,39.7287
pipe,all,153,-0.0569471,0.0821538,-0.0569471,0.0649425,-0.0300072,0.0529802,-0.00628931,0.00628931,0.00632911,-0.0319787,0.0319787,0.662552,0.662552,0.283122,0.283122,10.4719,10.4719
pipe,light,79,-0.00189355,0.033074,-0.0640537,0.0649425,-0.0735075,0.074984,0,0,0,-0.0500805,0.0500805,0.850358,0.850358,0.25,0.25,3.34807,3.34807
pipe,moderate,36,-0.269284,0.269284,-0.135967,0.167164,-0.0813011,0.090148,-0.033245,0.033245,0.0351282,-0.0302454,0.0302454,0.4054,0.4054,0.302157,0.302157,46.5657,46.5657
pipe,saturated,38,-0.267316,0.286032,-0.0255968,0.039046,0.000203704,0.00909363,-0.0596446,0.0596446,0.0935913,0.00105124,0.00106789,0.234164,0.234164,0.32858,0.32858,123.301,123.301
pipe,light_seed2,34,-0.00159612,0.0305094,-0.052077,0.0536391,-0.0384065,0.0489428,0,0,0,-0.0417413,0.0417413,0.896313,0.896313,0.291601,0.291601,2.36313,2.36313
pipe,moderate_seed2,8,-0.336262,0.336262,-0.215191,0.279545,-0.0570116,0.0570116,-0.0249789,0.0249789,0.0274057,-0.00505222,0.00559085,0.389167,0.389167,0.400388,0.400388,77.378,77.378
pipe,saturated_seed2,9,-0.315982,0.315982,-0.0333517,0.0369205,0.000804718,0.0090076,-0.0603299,0.0603299,0.0926667,0.000867491,0.000867491,0.232931,0.232931,0.367366,0.367366,163.635,163.635
retx,all,153,-0.0575341,0.0938754,-0.077865,0.0920053,-0.0671983,0.0803226,-0.00628931,0.00628931,0.00632911,-0.0969306,0.0969306,0.552037,0.552037,0.277742,0.277742,12.8228,12.8228
retx,light,79,-0.00163233,0.0485843,-0.0920053,0.0952464,-0.0936003,0.0959502,0,0,0,-0.133147,0.133147,0.710918,0.710918,0.256667,0.256667,3.48707,3.48707
retx,moderate,36,-0.269284,0.269284,-0.146477,0.174328,-0.119603,0.131061,-0.0388418,0.0388418,0.0436288,-0.0543153,0.0543153,0.379701,0.379701,0.315121,0.315121,65.6118,65.6118
retx,saturated,38,-0.345565,0.353889,-0.0326918,0.0437501,-0.00408684,0.010791,-0.0685785,0.0685785,0.11554,-0.000336073,0.00100825,0.225982,0.225982,0.377897,0.377897,134.156,134.156
retx,light_seed2,34,-0.00107782,0.0434289,-0.0760251,0.0852877,-0.0683164,0.0726621,0,0,0,-0.138822,0.138822,0.723473,0.723473,0.265096,0.265096,2.54488,2.54488
retx,moderate_seed2,8,-0.307304,0.307304,-0.210079,0.210079,-0.119603,0.119603,-0.0388418,0.0388418,0.0436288,-0.0172681,0.0172681,0.344139,0.344139,0.353982,0.353982,88.9753,88.9753
retx,saturated_seed2,9,-0.371905,0.371905,-0.0490602,0.0490602,-0.0104664,0.0104664,-0.0644531,0.0644531,0.109685,-0.00146826,0.00146826,0.225141,0.225141,0.394913,0.394913,172.612,172.612
