S,regime,runs,pad_frac_rbg,empty_frac_tbs,util_data,util_pad,util_retx,util_retx_blocked,tbs_per_frame,boot_per_frame,tail_stalls_per_frame,sr_per_frame,tail_gap_ms,retx_gap_ms
all,light,79,0.0886089,0.0725938,0.31225,0.0308167,0.00266667,0.000533333,12.6822,1.00333,1,2.66875,15,2.5
all,moderate,36,0.0160526,0.0132136,0.9255,0.0123,0.00654167,0.001475,21.8446,0.648889,0.999661,3.9028,15,2.5
all,saturated,38,0.000217045,0.000134928,0.996017,0.000216667,0.00055,0.00105,49.4221,0.0747921,0.590737,12.854,15,2.5
4000,light,37,0.169175,0.113781,0.30505,0.0511,0.00276667,0.00141667,7.25263,1.00355,1.00125,2.61538,15,2.5
4000,moderate,15,0.0118688,0.0121685,0.986567,0.01185,0.00223333,0.00153333,8.88858,0.759545,0.99733,3.13076,15,2.5
4000,saturated,11,6.67668e-05,3.34001e-05,0.9983,6.66667e-05,0.000283333,0.00113333,6.67518,0.0109397,0.358444,16.301,22.5,2.5
30000,light,42,0.0560547,0.0451008,0.3256,0.0208,0.002175,0.00025,20.7238,0.917695,1,3.05481,15,2.5
30000,moderate,21,0.0161675,0.0142586,0.920717,0.01275,0.00896667,0.00118333,43.1981,0.572917,1.03595,4.45425,15,2.5
30000,saturated,27,0.000287984,0.000187947,0.994983,0.000283333,0.000633333,0.001,50.341,0.0921659,1.11233,3.77668,12.5,2.5
