run,N,S,load,seed,regime,frames,lena_drop,new_tbs,tb_bytes,rlc_bytes,rbg_new,data_rbg,pad_rbg,unknown_rbg,boot_tbs,empty_tbs,empty_rbg,retx_tbs,retx_rbg,ul_slots_sched,ul_slots,rbg_used_slots,retx_slots,retx_lost_rbg,tail_stalls,tail_gap_ms_med,n_sr,lead_ms_med,retx_gap_ms_med,retx_gap_n,tbs_per_frame,pad_frac_bytes,pad_frac_rbg,empty_frac_tbs,util_new,util_data,util_pad,util_retx,util_retx_blocked,util_slots_trace
n16_s30000_f0.1_r1,16,30000,0.1,1,moderate,106,0.0566038,2051,3.69964e+06,3.29965e+06,8790,8236,554,0,116,104,298,400,1990,2341,12000,10780,400,10,122,15,329,2.5,2.5,184,19.3491,0.108116,0.0630262,0.050707,0.1465,0.137267,0.00923333,0.0331667,0.000166667,0.179667
n16_s30000_f0.1_r2,16,30000,0.1,2,light,102,0,2032,3.59233e+06,3.17523e+06,8689,8160,529,0,117,102,324,58,276,1961,12000,8965,58,14,117,15,257,2.5,2.5,58,19.9216,0.116108,0.0608816,0.0501969,0.144817,0.136,0.00881667,0.0046,0.000233333,0.149417
n16_s30000_f0.1_r3,16,30000,0.1,3,light,107,0,3590,3.65595e+06,3.33404e+06,15013,14480,533,0,113,107,316,11,47,3200,12000,15060,11,8,139,15,342,2.5,2.5,10,33.5514,0.0880494,0.0355026,0.029805,0.250217,0.241333,0.00888333,0.000783333,0.000133333,0.251
n16_s30000_f0.3_r1,16,30000,0.3,1,moderate,308,0.0584416,6512,1.06329e+07,9.5889e+06,24333,22982,1351,0,256,283,752,886,4342,6037,12000,28675,886,88,283,15,1473,2.5,2.5,408,21.1429,0.0981862,0.0555213,0.0434582,0.40555,0.383033,0.0225167,0.0723667,0.00146667,0.477917
n16_s30000_f0.3_r2,16,30000,0.3,2,light,281,0,5478,9.90908e+06,8.74717e+06,23023,21658,1365,0,258,276,757,117,563,5042,12000,23586,117,22,275,15,929,2.5,2.5,112,19.4947,0.117257,0.0592885,0.0503834,0.383717,0.360967,0.02275,0.00938333,0.000366667,0.3931
n16_s30000_f0.3_r3,16,30000,0.3,3,light,295,0,10198,1.01001e+07,9.19248e+06,35253,33978,1275,0,225,287,713,35,160,7341,12000,35413,35,15,300,15,1523,2.5,2.5,35,34.5695,0.0898665,0.0361671,0.0281428,0.58755,0.5663,0.02125,0.00266667,0.00025,0.590217
n16_s30000_f0.6_r1,16,30000,0.6,1,moderate,579,0.0518135,19517,1.9397e+07,1.79748e+07,45517,44012,1505,0,392,459,934,875,4086,10132,12000,49608,875,289,436,15,3793,2.5,2.5,476,33.7081,0.0733231,0.0330646,0.023518,0.758617,0.733533,0.0250833,0.0681,0.00481667,0.8268
n16_s30000_f0.6_r2,16,30000,0.6,2,light,560,0.00357143,14923,1.91806e+07,1.7441e+07,46330,44481,1849,0,432,481,1122,216,987,9692,12000,47317,216,93,477,15,3560,2.5,2.5,206,26.6482,0.090693,0.0399093,0.0322321,0.772167,0.74135,0.0308167,0.01645,0.00155,0.788617
n16_s30000_f0.6_r3,16,30000,0.6,3,moderate,593,0.136594,53058,1.7884e+07,1.70368e+07,59648,59408,240,0,147,156,191,27,68,11958,12000,59721,27,67,1092,5,2223,2.5,2.5,27,89.4739,0.0473719,0.00402361,0.00294018,0.994133,0.990133,0.004,0.00113333,0.00111667,0.99535
n16_s30000_f0.9_r1,16,30000,0.9,1,moderate,875,0.130286,55478,2.61204e+07,2.52225e+07,59215,59078,137,0,135,75,109,106,350,11955,12000,59570,106,180,203,15,2684,2.5,2.5,67,63.4034,0.0343757,0.0023136,0.00135189,0.986917,0.984633,0.00228333,0.00583333,0.003,0.992833
n16_s30000_f0.9_r2,16,30000,0.9,2,moderate,885,0.112994,52073,2.66273e+07,2.55541e+07,59850,59579,271,0,169,137,195,27,93,11998,12000,59948,27,42,260,15,3365,2.5,2.5,32,58.8395,0.0403033,0.00452799,0.00263092,0.9975,0.992983,0.00451667,0.00155,0.0007,0.999133
n16_s30000_f0.9_r3,16,30000,0.9,3,saturated,888,0.31982,58527,2.23775e+07,2.1632e+07,59683,59663,20,0,99,11,16,20,33,11958,12000,59721,20,67,2680,7.5,2082,2.5,2.5,23,65.9088,0.0333172,0.000335104,0.000187947,0.994717,0.994383,0.000333333,0.00055,0.00111667,0.99535
n16_s30000_f1.2_r1,16,30000,1.2,1,saturated,1191,0.354324,59273,2.96353e+07,2.89405e+07,59914,59898,16,0,86,6,9,14,20,11998,12000,59939,14,50,126,17.5,3180,2.5,2.5,29,49.7674,0.0234473,0.000267049,0.000101227,0.998567,0.9983,0.000266667,0.000333333,0.000833333,0.998983
n16_s30000_f1.2_r2,16,30000,1.2,2,saturated,1210,0.291736,59383,3.08507e+07,3.00103e+07,59972,59969,3,0,81,2,2,3,5,11999,12000,59982,3,10,165,17.5,2642,2.5,2.5,11,49.0769,0.0272392,5.00233e-05,3.36797e-05,0.999533,0.999483,5e-05,8.33333e-05,0.000166667,0.9997
n16_s30000_f1.2_r3,16,30000,1.2,3,saturated,1189,0.481918,59498,2.50747e+07,2.44159e+07,59894,59891,3,0,92,2,2,18,20,11998,12000,59919,18,70,3554,7.5,3312,2.5,2.5,19,50.0404,0.0262729,5.00885e-05,3.36146e-05,0.998233,0.998183,5e-05,0.000333333,0.00116667,0.99865
n16_s4000_f0.1_r1,16,4000,0.1,1,moderate,730,0.0328767,4223,4.83951e+06,3.0349e+06,11119,8530,2589,0,730,636,1636,193,876,3014,12000,11995,193,89,714,15,1794,2.5,2.5,100,5.78493,0.37289,0.232845,0.150604,0.185317,0.142167,0.04315,0.0146,0.00148333,0.199917
n16_s4000_f0.1_r2,16,4000,0.1,2,light,699,0.00143062,3891,4.59652e+06,2.90593e+06,10774,8528,2246,0,720,497,1480,62,249,2798,12000,11023,62,61,697,15,1643,2.5,2.5,54,5.56652,0.367797,0.208465,0.127731,0.179567,0.142133,0.0374333,0.00415,0.00101667,0.183717
n16_s4000_f0.1_r3,16,4000,0.1,3,light,744,0,4984,4.62141e+06,3.09458e+06,15368,12640,2728,0,771,631,1828,29,60,3664,12000,15428,29,85,792,15,1873,2.5,2.5,29,6.69892,0.330383,0.177512,0.126605,0.256133,0.210667,0.0454667,0.001,0.00141667,0.257133
n16_s4000_f0.3_r1,16,4000,0.3,1,moderate,2279,0.0351031,17341,1.43072e+07,9.48342e+06,32719,26570,6149,0,2245,2105,4170,450,1998,7473,12000,34717,450,252,2239,15,7135,2.5,2.5,235,7.60904,0.337155,0.187934,0.121389,0.545317,0.442833,0.102483,0.0333,0.0042,0.578617
n16_s4000_f0.3_r2,16,4000,0.3,2,light,2262,0,15112,1.50608e+07,9.4085e+06,33886,27017,6869,0,2340,2022,4545,111,424,7441,12000,34310,111,131,2247,15,7127,2.5,2.5,107,6.68081,0.3753,0.202709,0.133801,0.564767,0.450283,0.114483,0.00706667,0.00218333,0.571833
n16_s4000_f0.3_r3,16,4000,0.3,3,light,2218,0,20476,1.34421e+07,9.23724e+06,44376,38469,5907,0,2176,1941,3970,34,85,9321,12000,44461,34,85,2298,15,7596,2.5,2.5,34,9.23174,0.312814,0.133112,0.0947939,0.7396,0.64115,0.09845,0.00141667,0.00141667,0.741017
n16_s4000_f0.6_r1,16,4000,0.6,1,moderate,4506,0.015091,38323,2.41342e+07,1.87641e+07,56130,51747,4383,0,4058,1596,2839,428,1530,11744,12000,57660,428,610,3990,15,12993,2.5,2.5,283,8.50488,0.222511,0.0780866,0.041646,0.9355,0.86245,0.07305,0.0255,0.0101667,0.961
n16_s4000_f0.6_r2,16,4000,0.6,2,light,4516,0.00044287,35590,2.53086e+07,1.88e+07,59006,53819,5187,0,4000,2004,3486,124,505,11948,12000,59516,124,115,3916,15,13840,2.5,2.5,124,7.88087,0.257168,0.0879063,0.056308,0.983433,0.896983,0.08645,0.00841667,0.00191667,0.991933
n16_s4000_f0.6_r3,16,4000,0.6,3,moderate,4479,0.153829,56375,2.0455e+07,1.65866e+07,59905,59194,711,0,3402,686,690,17,17,11999,12000,59927,17,68,4353,15,12645,2.5,2.5,17,12.5865,0.189116,0.0118688,0.0121685,0.998417,0.986567,0.01185,0.000283333,0.00113333,0.998783
n16_s4000_f0.9_r1,16,4000,0.9,1,light,4800,0.00479167,40630,2.53079e+07,1.99873e+07,58416,54848,3568,0,4189,1254,2155,299,978,11991,12000,59399,299,517,4122,15,13956,2.5,2.5,237,8.46458,0.210234,0.0610792,0.0308639,0.9736,0.914133,0.0594667,0.0163,0.00861667,0.989983
n16_s4000_f0.9_r2,16,4000,0.9,2,moderate,4800,0.014375,38208,2.60086e+07,1.97583e+07,59460,55207,4253,0,4210,1753,2791,106,435,11999,12000,59900,106,95,4153,15,14127,2.5,2.5,112,7.96,0.240315,0.0715271,0.0458804,0.991,0.920117,0.0708833,0.00725,0.00158333,0.998333
n16_s4000_f0.9_r3,16,4000,0.9,3,moderate,4800,0.161667,58622,2.15134e+07,1.7513e+07,59885,59274,611,0,3630,594,596,21,21,11999,12000,59911,21,84,4934,15,13250,2.5,2.5,21,12.2129,0.185949,0.0102029,0.0101327,0.998083,0.9879,0.0101833,0.00035,0.0014,0.998517
n1_s30000_f0.1_r1,1,30000,0.1,1,light,100,0,1500,3.45338e+06,3.1117e+06,6402,5901,501,0,101,100,202,,,1500,12000,6402,0,0,100,15,200,2.5,nan,0,15,0.098941,0.0782568,0.0666667,0.1067,0.09835,0.00835,0,0,0.1067
n1_s30000_f0.1_r2,1,30000,0.1,2,light,106,0,1060,3.9867e+06,3.29734e+06,4029,3499,530,0,107,106,107,,,1060,12000,4029,0,0,106,15,212,2.5,nan,0,10,0.172914,0.131546,0.1,0.06715,0.0583167,0.00883333,0,0,0.06715
n1_s30000_f0.1_r3,1,30000,0.1,3,light,98,0,7399,3.14995e+06,3.06239e+06,36320,36052,268,0,43,51,209,9,13,7408,12000,36333,9,32,97,15,189,2.5,2.5,9,75.5,0.0277976,0.00737885,0.00689282,0.605333,0.600867,0.00446667,0.000216667,0.000533333,0.60555
n1_s30000_f0.3_r1,1,30000,0.3,1,light,300,0,4500,1.0359e+07,9.3351e+06,19202,17701,1501,0,301,300,602,,,4500,12000,19202,0,0,300,15,600,2.5,nan,0,15,0.0988399,0.0781689,0.0666667,0.320033,0.295017,0.0250167,0,0,0.320033
n1_s30000_f0.3_r2,1,30000,0.3,2,light,300,0,3000,1.1283e+07,9.3321e+06,11401,9901,1500,0,301,300,301,,,3000,12000,11401,0,0,300,15,600,2.5,nan,0,10,0.172909,0.131567,0.1,0.190017,0.165017,0.025,0,0,0.190017
n1_s30000_f0.3_r3,1,30000,0.3,3,saturated,300,0.706667,11933,5.18751e+06,5.09051e+06,59633,59617,16,0,2,3,11,2,10,11936,12000,59648,2,0,6,21.25,303,2.5,2.5,2,39.7767,0.0187001,0.000268308,0.000251404,0.993883,0.993617,0.000266667,0.000166667,0,0.994133
n1_s4000_f0.1_r1,1,4000,0.1,1,light,300,0,1500,1.94152e+06,1.2465e+06,3603,2701,902,0,301,300,601,,,1500,12000,3603,0,0,300,15,600,2.5,nan,0,5,0.357977,0.250347,0.2,0.06005,0.0450167,0.0150333,0,0,0.06005
n1_s4000_f0.1_r2,1,4000,0.1,2,light,300,0,901,1.78213e+06,1.2459e+06,1802,1801,1,0,301,1,1,,,901,12000,1802,0,0,300,15,600,2.5,nan,0,3.00333,0.300892,0.000554939,0.00110988,0.0300333,0.0300167,1.66667e-05,0,0,0.0300333
n1_s4000_f0.1_r3,1,4000,0.1,3,light,300,0,3900,1.44927e+06,1.2516e+06,17100,15600,1500,0,301,300,1500,44,44,3944,12000,17144,44,176,599,15,600,2.5,2.5,44,13,0.136395,0.0877193,0.0769231,0.285,0.26,0.025,0.000733333,0.00293333,0.285733
n2_s30000_f0.1_r1,2,30000,0.1,1,light,110,0,2582,3.70436e+06,3.42518e+06,11352,10766,586,0,54,110,294,178,890,2647,12000,12242,178,0,104,15,244,2.5,2.5,163,23.4727,0.0753665,0.0516209,0.0426026,0.1892,0.179433,0.00976667,0.0148333,0,0.204033
n2_s30000_f0.1_r2,2,30000,0.1,2,light,89,0,1226,3.21072e+06,2.76929e+06,5210,4724,486,0,95,89,264,6,26,1214,12000,5236,6,4,89,15,188,2.5,2.5,6,13.7753,0.137487,0.0932821,0.0725938,0.0868333,0.0787333,0.0081,0.000433333,6.66667e-05,0.0872667
n2_s30000_f0.1_r3,2,30000,0.1,3,light,94,0,4247,3.1895e+06,2.93119e+06,20152,19728,424,0,81,83,211,1,1,4200,12000,20153,1,4,116,15,239,2.5,2.5,1,45.1809,0.0809894,0.0210401,0.0195432,0.335867,0.3288,0.00706667,1.66667e-05,6.66667e-05,0.335883
n2_s30000_f0.3_r1,2,30000,0.3,1,light,309,0.00323625,7716,1.02814e+07,9.62304e+06,31139,29916,1223,0,141,264,670,426,2121,6975,12000,33260,426,9,248,15,749,2.5,2.5,382,24.9709,0.0640316,0.0392755,0.0342146,0.518983,0.4986,0.0203833,0.03535,0.00015,0.554333
n2_s30000_f0.3_r2,2,30000,0.3,2,light,319,0,4452,1.1513e+07,9.92596e+06,18453,16763,1690,0,386,336,677,10,34,4180,12000,18487,10,16,319,15,831,2.5,2.5,10,13.9561,0.137851,0.091584,0.0754717,0.30755,0.279383,0.0281667,0.000566667,0.000266667,0.308117
n2_s30000_f0.3_r3,2,30000,0.3,3,moderate,314,0.127389,11698,9.82494e+06,8.99764e+06,55791,54889,902,0,178,204,231,5,13,11218,12000,55809,5,12,190,15,833,2.5,2.5,6,37.2548,0.0842043,0.0161675,0.0174389,0.92985,0.914817,0.0150333,0.000216667,0.0002,0.93015
n2_s30000_f0.6_r1,2,30000,0.6,1,light,600,0.00333333,14969,1.90314e+07,1.83085e+07,56822,56002,820,0,290,300,602,632,3113,11998,12000,59940,632,47,300,15,1457,2.5,2.5,605,24.9483,0.037986,0.014431,0.0200414,0.947033,0.933367,0.0136667,0.0518833,0.000783333,0.999
n2_s30000_f0.6_r2,2,30000,0.6,2,light,600,0,8502,2.16738e+07,1.86696e+07,34291,31204,3087,0,811,689,782,18,49,7518,12000,34340,18,41,600,15,1888,2.5,2.5,18,14.17,0.138607,0.0900236,0.0810398,0.571517,0.520067,0.05145,0.000816667,0.000683333,0.572333
n2_s30000_f0.6_r3,2,30000,0.6,3,saturated,600,0.42,12828,1.45239e+07,1.30897e+07,59512,57994,1518,0,304,307,311,1,5,11913,12000,59522,1,0,305,20,1505,2.5,2.5,1,21.38,0.0987486,0.0255075,0.023932,0.991867,0.966567,0.0253,8.33333e-05,0,0.992033
n2_s4000_f0.1_r1,2,4000,0.1,1,light,600,0,3900,3.70816e+06,2.4951e+06,11096,8401,2695,0,601,599,1498,76,380,3010,12000,11476,76,0,599,15,1198,2.5,2.5,67,6.5,0.327132,0.24288,0.15359,0.184933,0.140017,0.0449167,0.00633333,0,0.191267
n2_s4000_f0.1_r2,2,4000,0.1,2,light,600,0,2703,4.09931e+06,2.4933e+06,7203,5401,1802,0,602,301,1500,13,13,2114,12000,7216,13,52,600,15,1200,2.5,2.5,13,4.505,0.391775,0.250174,0.111358,0.12005,0.0900167,0.0300333,0.000216667,0.000866667,0.120267
n2_s4000_f0.1_r3,2,4000,0.1,3,light,600,0,5404,3.1577e+06,2.49811e+06,20405,18303,2102,0,602,600,1800,34,34,4535,12000,20439,34,136,899,15,1200,2.5,2.5,34,9.00667,0.208885,0.103014,0.111029,0.340083,0.30505,0.0350333,0.000566667,0.00226667,0.34065
n32_s30000_f0.1_r1,32,30000,0.1,1,moderate,119,0.0336134,2374,4.14584e+06,3.70451e+06,10098,9451,647,0,141,122,380,222,1097,2430,12000,11195,222,13,144,15,346,2.5,2.5,95,19.9496,0.106453,0.0640721,0.0513901,0.1683,0.157517,0.0107833,0.0182833,0.000216667,0.186583
n32_s30000_f0.1_r2,32,30000,0.1,2,light,109,0.00917431,2296,3.84184e+06,3.3934e+06,9310,8779,531,0,157,108,326,62,290,2095,12000,9600,62,20,140,15,280,2.5,2.5,56,21.0642,0.116727,0.0570354,0.0470383,0.155167,0.146317,0.00885,0.00483333,0.000333333,0.16
n32_s30000_f0.1_r3,32,30000,0.1,3,light,108,0.00925926,3123,3.68568e+06,3.36423e+06,13706,13171,535,0,114,108,339,74,339,3000,12000,14045,74,31,136,15,329,2.5,2.5,71,28.9167,0.0872159,0.039034,0.0345821,0.228433,0.219517,0.00891667,0.00565,0.000516667,0.234083
n32_s30000_f0.3_r1,32,30000,0.3,1,moderate,306,0.0457516,7265,1.05058e+07,9.52846e+06,26347,24967,1380,0,272,294,787,550,2646,6110,12000,28993,550,104,317,15,1363,2.5,2.5,252,23.7418,0.0930324,0.0523779,0.040468,0.439117,0.416117,0.023,0.0441,0.00173333,0.483217
n32_s30000_f0.3_r2,32,30000,0.3,2,light,288,0,7271,1.00563e+07,8.96858e+06,27892,26581,1311,0,297,285,752,157,729,6010,12000,28622,157,56,332,15,1219,2.5,2.5,152,25.2465,0.108163,0.0470027,0.0391968,0.464867,0.443017,0.02185,0.01215,0.000933333,0.477033
n32_s30000_f0.3_r3,32,30000,0.3,3,light,285,0,9216,9.70963e+06,8.87971e+06,32646,31373,1273,0,250,280,748,123,553,6921,12000,33199,123,62,304,15,1267,2.5,2.5,121,32.3368,0.0854735,0.0389941,0.0303819,0.5441,0.522883,0.0212167,0.00921667,0.00103333,0.553317
n32_s30000_f0.6_r1,32,30000,0.6,1,moderate,588,0.0255102,27243,1.95486e+07,1.82754e+07,49325,48038,1287,0,365,440,831,438,2021,10440,12000,51351,438,169,427,15,3789,2.5,2.5,228,46.3316,0.0651261,0.0260922,0.0161509,0.822083,0.800633,0.02145,0.0336833,0.00281667,0.85585
n32_s30000_f0.6_r2,32,30000,0.6,2,moderate,590,0.059322,36578,1.91167e+07,1.78458e+07,56721,55817,904,0,329,288,569,95,404,11487,12000,57130,95,71,1970,7.5,4440,2.5,2.5,94,61.9966,0.066484,0.0159377,0.00787359,0.94535,0.930283,0.0150667,0.00673333,0.00118333,0.952167
n32_s30000_f0.6_r3,32,30000,0.6,3,moderate,585,0.117949,54925,1.78803e+07,1.71038e+07,59066,58947,119,0,238,70,88,179,241,11995,12000,59312,179,654,1554,7.5,4725,2.5,2.5,182,93.8889,0.0434314,0.0020147,0.00127447,0.984433,0.98245,0.00198333,0.00401667,0.0109,0.988533
n32_s30000_f0.9_r1,32,30000,0.9,1,saturated,885,0.229379,58482,2.49125e+07,2.42222e+07,59615,59586,29,0,192,13,21,29,85,11957,12000,59705,29,60,194,17.5,35801,2.5,2.5,20,66.0814,0.0277092,0.000486455,0.000222291,0.993583,0.9931,0.000483333,0.00141667,0.001,0.995083
n32_s30000_f0.9_r2,32,30000,0.9,2,saturated,892,0.237668,56751,2.44725e+07,2.35955e+07,59731,59631,100,0,288,29,71,24,73,11973,12000,59809,24,47,6204,7.5,24057,2.5,2.5,24,63.6222,0.0358369,0.00167417,0.000511004,0.995517,0.99385,0.00166667,0.00121667,0.000783333,0.996817
n32_s30000_f0.9_r3,32,30000,0.9,3,saturated,868,0.390553,58162,2.15084e+07,2.09246e+07,59031,59014,17,0,80,11,14,186,203,11995,12000,59239,186,727,2767,10,51019,2.5,2.5,201,67.0069,0.0271424,0.000287984,0.000189127,0.98385,0.983567,0.000283333,0.00338333,0.0121167,0.987317
n32_s30000_f1.2_r1,32,30000,1.2,1,saturated,1179,0.481764,59352,2.70668e+07,2.64822e+07,59717,59699,18,0,50,9,13,18,18,11966,12000,59740,18,72,48,12.5,58556,2.5,2.5,20,50.341,0.0215996,0.000301422,0.000151638,0.995283,0.994983,0.0003,0.0003,0.0012,0.995667
n32_s30000_f1.2_r2,32,30000,1.2,2,saturated,1152,0.348958,59214,2.79438e+07,2.72798e+07,59923,59900,23,0,115,12,20,5,7,11994,12000,59935,5,18,5533,10,52160,2.5,2.5,23,51.401,0.0237627,0.000383826,0.000202655,0.998717,0.998333,0.000383333,0.000116667,0.0003,0.998917
n32_s30000_f1.2_r3,32,30000,1.2,3,saturated,1168,0.578767,58541,2.36289e+07,2.30744e+07,59177,59172,5,0,52,4,5,161,187,11998,12000,59369,161,618,2341,12.5,58182,2.5,2.5,173,50.1207,0.0234645,8.44923e-05,6.83282e-05,0.986283,0.9862,8.33333e-05,0.00311667,0.0103,0.989483
n32_s4000_f0.1_r1,32,4000,0.1,1,moderate,749,0.0106809,4527,4.8505e+06,3.11433e+06,11908,9190,2718,0,787,654,1781,102,416,3070,12000,12324,102,94,747,15,1843,2.5,2.5,64,6.04406,0.357936,0.22825,0.144467,0.198467,0.153167,0.0453,0.00693333,0.00156667,0.2054
n32_s4000_f0.1_r2,32,4000,0.1,2,light,732,0.00136612,4570,4.74098e+06,3.04404e+06,13156,10800,2356,0,771,569,1548,63,209,3281,12000,13365,63,106,782,15,1782,2.5,2.5,55,6.24317,0.357931,0.179082,0.124508,0.219267,0.18,0.0392667,0.00348333,0.00176667,0.22275
n32_s4000_f0.1_r3,32,4000,0.1,3,light,726,0,4827,4.5043e+06,3.01966e+06,14028,11311,2717,0,780,628,1803,57,166,3415,12000,14194,57,119,752,15,1864,2.5,2.5,54,6.64876,0.329605,0.193684,0.130102,0.2338,0.188517,0.0452833,0.00276667,0.00198333,0.236567
n32_s4000_f0.3_r1,32,4000,0.3,1,moderate,2255,0.0150776,19481,1.36517e+07,9.38832e+06,33741,28227,5514,0,2316,1920,3705,208,770,7554,12000,34511,208,270,2248,15,7141,2.5,2.5,114,8.63902,0.312297,0.163421,0.0985576,0.56235,0.47045,0.0919,0.0128333,0.0045,0.575183
n32_s4000_f0.3_r2,32,4000,0.3,2,light,2251,0.000444247,17393,1.453e+07,9.36748e+06,39780,33373,6407,0,2290,1979,4302,88,265,8481,12000,40045,88,175,2379,15,7571,2.5,2.5,83,7.72679,0.355299,0.161061,0.113781,0.663,0.556217,0.106783,0.00441667,0.00291667,0.667417
n32_s4000_f0.3_r3,32,4000,0.3,3,light,2230,0,21565,1.30646e+07,9.28921e+06,40959,35547,5412,0,2225,1870,3651,104,231,8777,12000,41190,104,289,2273,15,7427,2.5,2.5,103,9.6704,0.288977,0.132132,0.0867146,0.68265,0.59245,0.0902,0.00385,0.00481667,0.6865
n32_s4000_f0.6_r1,32,4000,0.6,1,light,4538,0.00110181,54441,2.27447e+07,1.89176e+07,58436,57215,1221,0,3519,725,956,81,160,11831,12000,58601,81,245,3736,15,16738,2.5,2.5,60,11.9967,0.168264,0.0208947,0.0133172,0.973933,0.953583,0.02035,0.00266667,0.00408333,0.976683
n32_s4000_f0.6_r2,32,4000,0.6,2,moderate,4484,0.073149,58509,2.14367e+07,1.77713e+07,59955,59703,252,0,2714,181,205,7,13,11999,12000,59973,7,22,7082,10,18543,2.5,2.5,7,13.0484,0.170986,0.00420315,0.00309354,0.99925,0.99505,0.0042,0.000216667,0.000366667,0.99955
n32_s4000_f0.6_r3,32,4000,0.6,3,moderate,4516,0.0801594,59110,1.97939e+07,1.77355e+07,59330,59280,50,0,1140,39,44,132,134,11999,12000,59469,132,526,4525,10,36724,2.5,2.5,133,13.089,0.103993,0.000842744,0.000659787,0.988833,0.988,0.000833333,0.00223333,0.00876667,0.99115
n32_s4000_f0.9_r1,32,4000,0.9,1,saturated,6782,0.208198,59880,2.6145e+07,2.44129e+07,59910,59906,4,0,84,2,3,16,16,11999,12000,59931,16,64,422,12.5,61237,2.5,2.5,18,8.82925,0.0662493,6.67668e-05,3.34001e-05,0.9985,0.998433,6.66667e-05,0.000266667,0.00106667,0.99885
n32_s4000_f0.9_r2,32,4000,0.9,2,moderate,6740,0.197181,59909,2.64504e+07,2.389e+07,59955,59942,13,0,549,11,13,7,7,11999,12000,59967,7,28,6311,10,48711,2.5,2.5,8,8.88858,0.0967979,0.000216829,0.000183612,0.99925,0.999033,0.000216667,0.000116667,0.000466667,0.99945
n32_s4000_f0.9_r3,32,4000,0.9,3,saturated,6770,0.319055,59212,2.31711e+07,2.17396e+07,59225,59218,7,0,53,7,7,153,153,11999,12000,59383,153,612,2354,12.5,63686,2.5,2.5,158,8.74623,0.0617791,0.000118193,0.000118219,0.987083,0.986967,0.000116667,0.00255,0.0102,0.989717
n32_s4000_f1.2_r1,32,4000,1.2,1,saturated,9029,0.399158,59875,2.86087e+07,2.69654e+07,59880,59880,0,0,38,,,22,22,11999,12000,59907,22,88,29,15,67496,2.5,2.5,23,6.63141,0.0574411,0,0,0.998,0.998,0,0.000366667,0.00146667,0.99845
n32_s4000_f1.2_r2,32,4000,1.2,2,saturated,9037,0.333739,59964,3.05185e+07,2.80488e+07,59970,59970,0,0,42,,,4,4,11999,12000,59979,4,16,4613,15,61304,2.5,2.5,6,6.63539,0.0809228,0,0,0.9995,0.9995,0,6.66667e-05,0.000266667,0.99965
n32_s4000_f1.2_r3,32,4000,1.2,3,saturated,8966,0.515057,59211,2.49493e+07,2.33638e+07,59215,59214,1,0,38,1,1,155,155,11999,12000,59375,155,620,2055,15,67521,2.5,2.5,163,6.60395,0.0635473,1.68876e-05,1.68888e-05,0.986917,0.9869,1.66667e-05,0.00258333,0.0103333,0.989583
n4_s30000_f0.1_r1,4,30000,0.1,1,light,100,0,1917,3.43278e+06,3.11276e+06,8132,7623,509,0,77,100,270,69,345,1873,12000,8477,69,0,99,15,232,2.5,2.5,63,19.17,0.0932272,0.0625922,0.0521648,0.135533,0.12705,0.00848333,0.00575,0,0.141283
n4_s30000_f0.1_r2,4,30000,0.1,2,light,100,0,1160,3.69467e+06,3.11113e+06,4728,4210,518,0,111,99,257,4,16,1131,12000,4744,4,4,103,15,226,2.5,2.5,4,11.6,0.157941,0.10956,0.0853448,0.0788,0.0701667,0.00863333,0.000266667,6.66667e-05,0.0790667
n4_s30000_f0.1_r3,4,30000,0.1,3,light,93,0,4232,3.09003e+06,2.90026e+06,19774,19344,430,0,61,84,208,19,90,4144,12000,19864,19,5,115,15,450,2.5,2.5,19,45.5054,0.0614117,0.0217457,0.0198488,0.329567,0.3224,0.00716667,0.0015,8.33333e-05,0.331067
n4_s30000_f0.3_r1,4,30000,0.3,1,light,305,0,6626,1.04045e+07,9.49589e+06,24113,22785,1328,0,198,286,771,190,909,5368,12000,25022,190,41,277,15,894,2.5,2.5,180,21.7246,0.0873308,0.055074,0.0431633,0.401883,0.37975,0.0221333,0.01515,0.000683333,0.417033
n4_s30000_f0.3_r2,4,30000,0.3,2,light,321,0,4071,1.17039e+07,9.98745e+06,15258,13740,1518,0,340,319,749,16,69,3529,12000,15327,16,11,319,15,825,2.5,2.5,16,12.6822,0.146657,0.0994888,0.0783591,0.2543,0.229,0.0253,0.00115,0.000183333,0.25545
n4_s30000_f0.3_r3,4,30000,0.3,3,moderate,297,0.185185,22122,8.76235e+06,8.23824e+06,58414,57907,507,0,110,148,290,31,143,11741,12000,58562,31,12,217,15,1740,2.5,2.5,31,74.4848,0.0598136,0.00867943,0.00669017,0.973567,0.965117,0.00845,0.00238333,0.0002,0.976033
n4_s30000_f0.6_r1,4,30000,0.6,1,light,616,0,17793,2.04817e+07,1.91884e+07,48685,47118,1567,0,239,463,1004,358,1585,10294,12000,50275,358,205,371,15,2026,2.5,2.5,328,28.8847,0.0631435,0.0321865,0.0260215,0.811417,0.7853,0.0261167,0.0264167,0.00341667,0.837917
n4_s30000_f0.6_r2,4,30000,0.6,2,light,637,0,8851,2.28516e+07,1.98211e+07,30234,27555,2679,0,647,603,1553,26,98,6603,12000,30332,26,32,613,15,2043,2.5,2.5,26,13.8948,0.132617,0.0886089,0.0681279,0.5039,0.45925,0.04465,0.00163333,0.000533333,0.505533
n4_s30000_f0.6_r3,4,30000,0.6,3,saturated,592,0.466216,31972,1.25508e+07,1.17595e+07,59877,59297,580,0,133,168,344,21,93,11998,12000,59975,21,12,389,10,1966,2.5,2.5,21,54.0068,0.0630459,0.00968652,0.0052546,0.99795,0.988283,0.00966667,0.00155,0.0002,0.999583
n4_s30000_f0.9_r1,4,30000,0.9,1,moderate,908,0.150881,33397,2.63386e+07,2.53914e+07,58343,57578,765,0,84,368,521,249,820,11932,12000,59168,249,425,194,15,2108,2.5,2.5,266,36.7808,0.0359613,0.0131121,0.011019,0.972383,0.959633,0.01275,0.0136667,0.00708333,0.986133
n4_s30000_f0.9_r2,4,30000,0.9,2,light,928,0,14152,3.29215e+07,2.88789e+07,43607,40008,3599,0,839,852,2260,28,79,9171,12000,43686,28,61,826,15,3358,2.5,2.5,28,15.25,0.122797,0.0825326,0.0602035,0.726783,0.6668,0.0599833,0.00131667,0.00101667,0.7281
n4_s30000_f0.9_r3,4,30000,0.9,3,saturated,884,0.625566,35427,1.43337e+07,1.35429e+07,59947,59434,513,0,105,185,301,7,32,11998,12000,59984,7,3,479,7.5,2077,2.5,2.5,7,40.0758,0.0551742,0.00855756,0.00522201,0.999117,0.990567,0.00855,0.000533333,5e-05,0.999733
n4_s30000_f1.2_r1,4,30000,1.2,1,saturated,1200,0.376667,47709,2.84492e+07,2.80632e+07,59844,59839,5,0,5,5,5,28,42,11998,12000,59891,28,98,4,15,1212,2.5,2.5,41,39.7575,0.013567,8.35506e-05,0.000104802,0.9974,0.997317,8.33333e-05,0.0007,0.00163333,0.998183
n4_s30000_f1.2_r2,4,30000,1.2,2,light,1200,0,19354,4.2154e+07,3.73459e+07,55583,51251,4332,0,887,1151,2961,31,100,11336,12000,55685,31,55,891,15,4562,2.5,2.5,31,16.1283,0.114062,0.0779375,0.0594709,0.926383,0.854183,0.0722,0.00166667,0.000916667,0.928083
n4_s30000_f1.2_r3,4,30000,1.2,3,saturated,1200,0.699167,36939,1.61874e+07,1.54482e+07,59969,59497,472,0,25,214,284,3,14,11998,12000,59988,3,1,499,7.5,2337,2.5,2.5,3,30.7825,0.0456667,0.00787073,0.00579333,0.999483,0.991617,0.00786667,0.000233333,1.66667e-05,0.9998
n4_s4000_f0.1_r1,4,4000,0.1,1,light,760,0,4853,4.93604e+06,3.16054e+06,11523,8695,2828,0,764,740,1739,57,263,2980,12000,11786,57,22,759,15,1694,2.5,2.5,53,6.38553,0.359701,0.245422,0.152483,0.19205,0.144917,0.0471333,0.00438333,0.000366667,0.196433
n4_s4000_f0.1_r2,4,4000,0.1,2,light,784,0,3759,5.85504e+06,3.25807e+06,8021,5879,2142,0,788,567,1370,7,11,2369,12000,8032,7,24,784,15,1658,2.5,2.5,7,4.79464,0.443545,0.267049,0.150838,0.133683,0.0979833,0.0357,0.000183333,0.0004,0.133867
n4_s4000_f0.1_r3,4,4000,0.1,3,light,732,0,6726,3.93831e+06,3.04811e+06,25071,21911,3160,0,734,747,2185,40,149,5535,12000,25220,40,51,921,15,2150,2.5,2.5,40,9.18852,0.226037,0.126042,0.111062,0.41785,0.365183,0.0526667,0.00248333,0.00085,0.420333
n4_s4000_f0.3_r1,4,4000,0.3,1,light,1200,0,8682,7.158e+06,4.99256e+06,16860,13794,3066,0,1205,1198,2350,70,340,3950,12000,17200,70,10,1200,15,2724,2.5,2.5,63,7.235,0.30252,0.181851,0.137987,0.281,0.2299,0.0511,0.00566667,0.000166667,0.286667
n4_s4000_f0.3_r2,4,4000,0.3,2,light,1200,0,6477,8.97686e+06,4.98792e+06,12182,8940,3242,0,1204,1131,1830,5,11,3266,12000,12193,5,14,1200,15,2699,2.5,2.5,5,5.3975,0.444358,0.26613,0.174618,0.203033,0.149,0.0540333,0.000183333,0.000233333,0.203217
n4_s4000_f0.3_r3,4,4000,0.3,3,light,1200,0,10853,6.43774e+06,4.99661e+06,40226,35137,5089,0,1204,1199,3294,44,220,8452,12000,40446,44,0,1500,20,4367,2.5,2.5,44,9.04417,0.223857,0.12651,0.110476,0.670433,0.585617,0.0848167,0.00366667,0,0.6741
n64_s30000_f0.1_r1,64,30000,0.1,1,moderate,97,0.0103093,2187,3.3592e+06,3.02022e+06,9403,8892,511,0,136,98,326,109,538,2151,12000,9941,109,7,115,15,243,2.5,2.5,67,22.5464,0.100913,0.0543444,0.0448102,0.156717,0.1482,0.00851667,0.00896667,0.000116667,0.165683
n64_s30000_f0.1_r2,64,30000,0.1,2,light,122,0,3528,4.25129e+06,3.80016e+06,13351,12749,602,0,246,126,347,80,387,2940,12000,13738,80,13,172,15,441,2.5,2.5,78,28.918,0.106115,0.0450903,0.0357143,0.222517,0.212483,0.0100333,0.00645,0.000216667,0.228967
n64_s30000_f0.1_r3,64,30000,0.1,3,light,119,0,3170,4.10721e+06,3.70622e+06,13540,12931,609,0,163,120,397,48,226,2932,12000,13766,48,14,149,15,366,2.5,2.5,48,26.6387,0.0976296,0.0449778,0.0378549,0.225667,0.215517,0.01015,0.00376667,0.000233333,0.229433
n64_s30000_f0.3_r1,64,30000,0.3,1,moderate,300,0.0133333,7330,1.03624e+07,9.34194e+06,28071,26642,1429,0,338,309,824,270,1317,6196,12000,29388,270,33,356,15,1201,2.5,2.5,152,24.4333,0.0984751,0.0509066,0.0421555,0.46785,0.444033,0.0238167,0.02195,0.00055,0.4898
n64_s30000_f0.3_r2,64,30000,0.3,2,moderate,318,0.0157233,13737,1.08583e+07,9.88358e+06,40565,39293,1272,0,1018,307,814,143,667,8451,12000,41233,143,48,475,15,2053,2.5,2.5,134,43.1981,0.0897644,0.0313571,0.0223484,0.676083,0.654883,0.0212,0.0111167,0.0008,0.687217
n64_s30000_f0.3_r3,64,30000,0.3,3,light,318,0.00628931,13825,1.0792e+07,9.86195e+06,39709,38411,1298,0,338,300,853,97,440,8243,12000,40154,97,45,506,15,2287,2.5,2.5,93,43.4748,0.086178,0.0326878,0.0216998,0.661817,0.640183,0.0216333,0.00733333,0.00075,0.669233
n64_s30000_f0.6_r1,64,30000,0.6,1,moderate,593,0.0472175,38622,1.94012e+07,1.82597e+07,56061,55243,818,0,472,270,564,214,854,11471,12000,56920,214,216,1516,7.5,7558,2.5,2.5,124,65.1298,0.0588333,0.0145912,0.00699083,0.93435,0.920717,0.0136333,0.0142333,0.0036,0.948667
n64_s30000_f0.6_r2,64,30000,0.6,2,saturated,591,0.243655,56343,1.70948e+07,1.6435e+07,59762,59722,40,0,3318,18,28,44,100,11998,12000,59867,44,120,11301,10,35993,2.5,2.5,47,95.335,0.0385942,0.000669322,0.000319472,0.996033,0.995367,0.000666667,0.00166667,0.002,0.997783
n64_s30000_f0.6_r3,64,30000,0.6,3,moderate,576,0.196181,54106,1.70598e+07,1.63444e+07,59252,59147,105,0,330,52,88,77,151,11930,12000,59408,77,234,6042,7.5,23643,2.5,2.5,78,93.934,0.0419362,0.00177209,0.000961076,0.987533,0.985783,0.00175,0.00251667,0.0039,0.990133
n64_s30000_f0.9_r1,64,30000,0.9,1,saturated,892,0.383408,58077,2.37768e+07,2.31357e+07,59833,59800,33,0,145,16,26,19,40,11989,12000,59878,19,55,3278,17.5,68577,2.5,2.5,19,65.1087,0.0269634,0.000551535,0.000275496,0.997217,0.996667,0.00055,0.000666667,0.000916667,0.997967
n64_s30000_f0.9_r2,64,30000,0.9,2,saturated,923,0.494041,58492,2.14276e+07,2.08125e+07,59837,59823,14,0,1878,9,11,29,38,11998,12000,59880,29,107,7844,17.5,81419,2.5,2.5,34,63.3716,0.028705,0.000233969,0.000153867,0.997283,0.99705,0.000233333,0.000633333,0.00178333,0.998
n64_s30000_f0.9_r3,64,30000,0.9,3,saturated,872,0.446101,58728,2.1319e+07,2.07263e+07,59610,59608,2,0,128,2,2,75,95,11998,12000,59710,75,280,5326,17.5,77943,2.5,2.5,76,67.3486,0.027801,3.35514e-05,3.40553e-05,0.9935,0.993467,3.33333e-05,0.00158333,0.00466667,0.995167
n64_s30000_f1.2_r1,64,30000,1.2,1,saturated,1180,0.582203,59079,2.60126e+07,2.54097e+07,59889,59882,7,0,106,5,6,19,33,11998,12000,59927,19,62,2641,22.5,110118,2.5,2.5,17,50.0669,0.0231749,0.000116883,8.46324e-05,0.99815,0.998033,0.000116667,0.00055,0.00103333,0.998783
n64_s30000_f1.2_r2,64,30000,1.2,2,saturated,1210,0.633058,59177,2.40189e+07,2.3428e+07,59868,59862,6,0,1416,3,4,23,54,11998,12000,59927,23,61,6589,22.5,113646,2.5,2.5,22,48.9066,0.0245992,0.00010022,5.06954e-05,0.9978,0.9977,0.0001,0.0009,0.00101667,0.998783
n64_s30000_f1.2_r3,64,30000,1.2,3,saturated,1156,0.628893,59138,2.33249e+07,2.27297e+07,59625,59621,4,0,98,4,4,72,76,11998,12000,59706,72,284,4198,22.5,113844,2.5,2.5,84,51.1574,0.0255173,6.7086e-05,6.76384e-05,0.99375,0.993683,6.66667e-05,0.00126667,0.00473333,0.9951
n64_s4000_f0.1_r1,64,4000,0.1,1,moderate,737,0.0122117,4653,4.78746e+06,3.06482e+06,12806,10170,2636,0,886,652,1756,92,381,3233,12000,13187,92,79,829,15,1874,2.5,2.5,55,6.31343,0.359822,0.205841,0.140125,0.213433,0.1695,0.0439333,0.00635,0.00131667,0.219783
n64_s4000_f0.1_r2,64,4000,0.1,2,light,760,0.00131579,5512,4.80017e+06,3.16193e+06,16136,13395,2741,0,935,677,1820,78,265,3877,12000,16401,78,125,909,15,1995,2.5,2.5,63,7.25263,0.341287,0.169869,0.122823,0.268933,0.22325,0.0456833,0.00441667,0.00208333,0.27335
n64_s4000_f0.1_r3,64,4000,0.1,3,light,715,0,5039,4.49593e+06,2.97442e+06,14562,11906,2656,0,860,639,1782,40,103,3468,12000,14665,40,97,828,15,1870,2.5,2.5,40,7.04755,0.338419,0.182393,0.126811,0.2427,0.198433,0.0442667,0.00171667,0.00161667,0.244417
n64_s4000_f0.3_r1,64,4000,0.3,1,light,2228,0.0040395,18423,1.37226e+07,9.27433e+06,37258,31344,5914,0,2301,1923,3959,135,469,8099,12000,37727,135,206,2288,15,7412,2.5,2.5,105,8.26885,0.324156,0.158731,0.10438,0.620967,0.5224,0.0985667,0.00781667,0.00343333,0.628783
n64_s4000_f0.3_r2,64,4000,0.3,2,light,2228,0,23743,1.32914e+07,9.28508e+06,46669,41417,5252,0,2771,1847,3653,47,133,9692,12000,46802,47,102,2661,15,8409,2.5,2.5,45,10.6566,0.301421,0.112537,0.0777913,0.777817,0.690283,0.0875333,0.00221667,0.0017,0.780033
n64_s4000_f0.3_r3,64,4000,0.3,3,light,2175,0,20486,1.30536e+07,9.05876e+06,41800,36199,5601,0,2214,1861,3745,106,285,8888,12000,42085,106,245,2314,15,7799,2.5,2.5,105,9.41885,0.306035,0.133995,0.0908425,0.696667,0.603317,0.09335,0.00475,0.00408333,0.701417
n64_s4000_f0.6_r1,64,4000,0.6,1,moderate,4536,0.0321869,59397,2.03643e+07,1.85053e+07,59812,59713,99,0,593,57,79,20,25,11986,12000,59842,20,75,5501,12.5,53713,2.5,2.5,19,13.0946,0.091287,0.00165519,0.000959644,0.996867,0.995217,0.00165,0.000416667,0.00125,0.997367
n64_s4000_f0.6_r2,64,4000,0.6,2,moderate,4484,0.131356,59710,1.85095e+07,1.69953e+07,59875,59839,36,0,2180,22,28,23,23,11999,12000,59903,23,92,10081,15,66532,2.5,2.5,24,13.3162,0.0818066,0.000601253,0.000368447,0.997917,0.997317,0.0006,0.000383333,0.00153333,0.998383
n64_s4000_f0.6_r3,64,4000,0.6,3,moderate,4448,0.119155,59374,1.86389e+07,1.7122e+07,59675,59596,79,0,272,60,69,63,63,11999,12000,59743,63,252,6277,15,64365,2.5,2.5,63,13.3485,0.0813821,0.00132384,0.00101054,0.994583,0.993267,0.00131667,0.00105,0.0042,0.995717
n64_s4000_f0.9_r1,64,4000,0.9,1,saturated,6782,0.249926,59867,2.47909e+07,2.34237e+07,59905,59898,7,0,132,5,5,17,17,11999,12000,59927,17,68,2728,22.5,119491,2.5,2.5,17,8.82734,0.0551501,0.000116852,8.35185e-05,0.998417,0.9983,0.000116667,0.000283333,0.00113333,0.998783
n64_s4000_f0.9_r2,64,4000,0.9,2,saturated,6745,0.325574,59885,2.27324e+07,2.14866e+07,59925,59920,5,0,1392,4,4,13,13,11999,12000,59943,13,52,6453,22.5,121216,2.5,2.5,13,8.87843,0.0548003,8.34376e-05,6.67947e-05,0.99875,0.998667,8.33333e-05,0.000216667,0.000866667,0.99905
n64_s4000_f0.9_r3,64,4000,0.9,3,saturated,6734,0.309326,59478,2.2923e+07,2.17471e+07,59555,59540,15,0,120,10,13,87,87,11999,12000,59647,87,348,3808,25,121577,2.5,2.5,91,8.83249,0.0513001,0.000251868,0.000168129,0.992583,0.992333,0.00025,0.00145,0.0058,0.994117
n64_s4000_f1.2_r1,64,4000,1.2,1,saturated,9141,0.433104,59898,2.74499e+07,2.63587e+07,59915,59913,2,0,100,2,2,15,15,11999,12000,59935,15,60,2231,27.5,149007,2.5,2.5,17,6.55267,0.0397515,3.33806e-05,3.33901e-05,0.998583,0.99855,3.33333e-05,0.00025,0.001,0.998917
n64_s4000_f1.2_r2,64,4000,1.2,2,saturated,8971,0.475867,59883,2.52896e+07,2.42193e+07,59910,59908,2,0,1191,2,2,16,16,11999,12000,59931,16,64,5526,27.5,147970,2.5,2.5,19,6.67518,0.0423211,3.33834e-05,3.33985e-05,0.9985,0.998467,3.33333e-05,0.000266667,0.00106667,0.99885
n64_s4000_f1.2_r3,64,4000,1.2,3,saturated,9000,0.482889,59520,2.53955e+07,2.44146e+07,59555,59549,6,0,90,4,5,87,87,11999,12000,59647,87,348,3226,27.5,155368,2.5,2.5,91,6.61333,0.0386235,0.000100747,6.72043e-05,0.992583,0.992483,0.0001,0.00145,0.0058,0.994117
n8_s30000_f0.1_r1,8,30000,0.1,1,light,102,0,1783,3.53808e+06,3.17463e+06,7637,7094,543,0,100,101,312,47,235,1754,12000,7872,47,0,112,15,228,2.5,2.5,44,17.4804,0.102725,0.0711012,0.0566461,0.127283,0.118233,0.00905,0.00391667,0,0.1312
n8_s30000_f0.1_r2,8,30000,0.1,2,light,96,0,1343,3.46758e+06,2.98722e+06,5643,5147,496,0,95,96,252,2,8,1307,12000,5651,2,2,104,15,219,2.5,2.5,2,13.9896,0.138528,0.0878965,0.0714818,0.09405,0.0857833,0.00826667,0.000133333,3.33333e-05,0.0941833
n8_s30000_f0.1_r3,8,30000,0.1,3,light,106,0,3221,3.60763e+06,3.30219e+06,14216,13691,525,0,85,106,296,16,80,3035,12000,14296,16,0,122,15,363,2.5,2.5,16,30.3868,0.0846663,0.0369302,0.032909,0.236933,0.228183,0.00875,0.00133333,0,0.238267
n8_s30000_f0.3_r1,8,30000,0.3,1,light,300,0.00333333,6115,1.03105e+07,9.33929e+06,21613,20280,1333,0,227,288,812,96,465,4766,12000,22078,96,15,281,15,919,2.5,2.5,89,20.3833,0.0941939,0.0616758,0.0470973,0.360217,0.338,0.0222167,0.00775,0.00025,0.367967
n8_s30000_f0.3_r2,8,30000,0.3,2,light,290,0,4107,1.04357e+07,9.02397e+06,16235,14834,1401,0,266,290,719,7,31,3656,12000,16266,7,4,288,15,828,2.5,2.5,7,14.1621,0.135282,0.086295,0.0706112,0.270583,0.247233,0.02335,0.000516667,6.66667e-05,0.2711
n8_s30000_f0.3_r3,8,30000,0.3,3,light,304,0,11216,1.02427e+07,9.47458e+06,41464,40274,1190,0,202,279,699,36,155,8519,12000,41619,36,25,322,15,1761,2.5,2.5,36,36.8947,0.0749914,0.0286996,0.0248752,0.691067,0.671233,0.0198333,0.00258333,0.000416667,0.69365
n8_s30000_f0.6_r1,8,30000,0.6,1,light,599,0,15803,2.02193e+07,1.86559e+07,41802,39929,1873,0,354,522,1240,137,566,8820,12000,42368,137,119,463,15,2444,2.5,2.5,134,26.3823,0.0773224,0.0448065,0.0330317,0.6967,0.665483,0.0312167,0.00943333,0.00198333,0.706133
n8_s30000_f0.6_r2,8,30000,0.6,2,light,615,0,9830,2.17013e+07,1.91396e+07,33147,30707,2440,0,532,577,1446,21,77,7094,12000,33224,21,28,569,15,2283,2.5,2.5,21,15.9837,0.118043,0.0736115,0.0586979,0.55245,0.511783,0.0406667,0.00128333,0.000466667,0.553733
n8_s30000_f0.6_r3,8,30000,0.6,3,saturated,609,0.220033,43367,1.693e+07,1.61365e+07,59913,59469,444,0,150,244,326,14,62,11998,12000,59980,14,8,497,10,2300,2.5,2.5,14,71.2102,0.0468733,0.00741075,0.0056264,0.99855,0.99115,0.0074,0.00103333,0.000133333,0.999667
n8_s30000_f0.9_r1,8,30000,0.9,1,moderate,893,0.0492721,45026,2.82954e+07,2.72173e+07,58616,57951,665,0,149,358,500,110,328,11854,12000,58949,110,222,220,15,2716,2.5,2.5,105,50.4211,0.0381004,0.011345,0.00795096,0.976933,0.96585,0.0110833,0.00546667,0.0037,0.982483
n8_s30000_f0.9_r2,8,30000,0.9,2,light,928,0,17836,3.17541e+07,2.88881e+07,49022,46484,2538,0,616,724,1558,33,106,10078,12000,49128,33,59,712,15,4441,2.5,2.5,33,19.2198,0.0902571,0.0517727,0.0405921,0.817033,0.774733,0.0423,0.00176667,0.000983333,0.8188
n8_s30000_f0.9_r3,8,30000,0.9,3,saturated,908,0.373348,58782,2.09734e+07,2.03705e+07,59973,59929,44,0,29,41,42,2,5,11998,12000,59983,2,5,1010,5,1419,2.5,2.5,2,64.7379,0.0287428,0.000733663,0.000697492,0.99955,0.998817,0.000733333,8.33333e-05,8.33333e-05,0.999717
n8_s30000_f1.2_r1,8,30000,1.2,1,saturated,1222,0.3527,59172,3.04467e+07,2.99142e+07,59849,59832,17,0,21,10,16,27,40,11998,12000,59894,27,95,21,15,1426,2.5,2.5,28,48.4223,0.0174872,0.000284048,0.000168999,0.997483,0.9972,0.000283333,0.000666667,0.00158333,0.998233
n8_s30000_f1.2_r2,8,30000,1.2,2,moderate,1223,0.0441537,35838,3.89045e+07,3.69443e+07,59455,58404,1051,0,361,511,748,29,74,11931,12000,59534,29,71,484,15,5824,2.5,2.5,29,29.3034,0.0503857,0.0176772,0.0142586,0.990917,0.9734,0.0175167,0.00123333,0.00118333,0.992233
n8_s30000_f1.2_r3,8,30000,1.2,3,saturated,1190,0.557143,59544,2.24396e+07,2.18973e+07,59964,59952,12,0,19,10,10,4,10,11998,12000,59979,4,10,1278,5,1446,2.5,2.5,4,50.037,0.0241679,0.00020012,0.000167943,0.9994,0.9992,0.0002,0.000166667,0.000166667,0.99965
n8_s4000_f0.1_r1,8,4000,0.1,1,light,753,0,4528,4.9899e+06,3.13079e+06,10291,7678,2613,0,761,735,1717,23,105,2752,12000,10396,23,10,753,15,1734,2.5,2.5,22,6.01328,0.372574,0.253911,0.162323,0.171517,0.127967,0.04355,0.00175,0.000166667,0.173267
n8_s4000_f0.1_r2,8,4000,0.1,2,light,777,0,3731,5.47336e+06,3.22906e+06,8705,6516,2189,0,788,524,1449,12,29,2459,12000,8734,12,31,774,15,1718,2.5,2.5,12,4.8018,0.410041,0.251465,0.140445,0.145083,0.1086,0.0364833,0.000483333,0.000516667,0.145567
n8_s4000_f0.1_r3,8,4000,0.1,3,light,761,0,5522,4.62705e+06,3.16597e+06,17804,14792,3012,0,777,743,2099,24,65,4130,12000,17869,24,55,870,15,1972,2.5,2.5,24,7.25624,0.31577,0.169175,0.134553,0.296733,0.246533,0.0502,0.00108333,0.000916667,0.297817
n8_s4000_f0.3_r1,8,4000,0.3,1,light,2256,0,19205,1.33452e+07,9.3918e+06,28420,23416,5004,0,2264,2058,3776,72,290,6259,12000,28710,72,70,2257,15,6044,2.5,2.5,66,8.51285,0.296243,0.176073,0.10716,0.473667,0.390267,0.0834,0.00483333,0.00116667,0.4785
n8_s4000_f0.3_r2,8,4000,0.3,2,light,2263,0,14398,1.55545e+07,9.41106e+06,24261,18735,5526,0,2328,2151,3932,13,37,5582,12000,24298,13,28,2257,15,5998,2.5,2.5,13,6.36235,0.394963,0.227773,0.149396,0.40435,0.31225,0.0921,0.000616667,0.000466667,0.404967
n8_s4000_f0.3_r3,8,4000,0.3,3,light,2250,0,18961,1.35232e+07,9.367e+06,53232,45276,7956,0,2038,2042,5104,66,205,10999,12000,53440,66,125,2313,15,8644,2.5,2.5,66,8.42711,0.307338,0.149459,0.107695,0.8872,0.7546,0.1326,0.00341667,0.00208333,0.890667
n8_s4000_f0.6_r1,8,4000,0.6,1,light,2400,0,20797,1.4009e+07,9.99208e+06,29952,24908,5044,0,2408,2113,3943,80,333,6491,12000,30285,80,67,2401,15,6405,2.5,2.5,75,8.66542,0.286736,0.168403,0.101601,0.4992,0.415133,0.0840667,0.00555,0.00111667,0.50475
n8_s4000_f0.6_r2,8,4000,0.6,2,light,2400,0,15953,1.52047e+07,9.9831e+06,23705,19815,3890,0,2408,1923,2677,28,84,5418,12000,23789,28,56,2403,15,6012,2.5,2.5,28,6.64708,0.34342,0.1641,0.120542,0.395083,0.33025,0.0648333,0.0014,0.000933333,0.396483
n8_s4000_f0.6_r3,8,4000,0.6,3,light,2400,0,20306,1.43098e+07,9.99169e+06,56169,47924,8245,0,2144,2210,5446,75,245,11510,12000,56416,75,130,2410,15,9491,2.5,2.5,75,8.46083,0.301759,0.146789,0.108835,0.93615,0.798733,0.137417,0.00408333,0.00216667,0.940267
