run,N,S,load,p,seed,reps,offered_frac_of_8mbps,regime,lena_frames,lena_ok,nr_ok_per_rep,ks,w1_ms,self_ks,self_w1_ms,self_p50_relerr,self_p95_relerr,lena_p50_ms,nr_p50_ms,p50_relerr,p50_err_ms,lena_p95_ms,nr_p95_ms,p95_relerr,p95_err_ms,lena_p99_ms,nr_p99_ms,p99_relerr,p99_err_ms,lena_mean_ms,nr_mean_ms,lena_drop,nr_drop,drop_diff,delivery_relerr,lena_goodput_kbps,nr_goodput_kbps,goodput_relerr,ue_goodput_med_abs_relerr,ue_goodput_max_abs_relerr,lena_first_tx_bler,nr_first_tx_bler,bler_diff,lena_retx_frac,nr_retx_frac,retx_frac_diff,lena_tbs,nr_tbs,tbs_ratio,lena_retx_tbs,nr_retx_tbs,retx_tbs_relerr,lena_lost_tbs,nr_lost_tbs,lena_prb,nr_prb,prb_relerr,edge_ues,edge_ks,edge_p95_relerr,edge_p50_relerr,mid_ues,mid_ks,mid_p95_relerr,mid_p50_relerr,centre_ues,centre_ks,centre_p95_relerr,centre_p50_relerr
n16_s30000_f0.1_r1,16,30000,0.1,0.0208,1,4,0.106,moderate,106,100,106,0.141698,4.28449,0.00943396,0.0707547,0,0,52.5654,60,0.141435,7.4346,125.065,122.5,-0.0205093,-2.565,205.79,160,-0.222508,-45.79,67.7403,66.1321,0.0566038,0,-0.0566038,0.06,800,848,0.06,0,0,0.0897123,0.00116339,-0.0885489,0.163199,0.00116204,-0.162037,2451,1936.25,0.789984,400,2.25,-0.994375,90,0,0.179667,0.134771,-0.249884,3,0.636364,-0.283122,-0.143387,8,0.365385,-0.0440996,-0.00108875,5,0.46875,-0.0867967,0.0607656
n16_s30000_f0.1_r2,16,30000,0.1,0.0208,2,4,0.102,light,102,102,102,0.252451,2.15467,0.0196078,0.269608,0,0,52.5654,53.75,0.0225357,1.1846,172.065,157.5,-0.0846482,-14.565,227.265,219.825,-0.0327371,-7.44,72.0261,71.4828,0,0,0,0,816,816,0,0,0,0.0285433,0.00537366,-0.0231697,0.0277512,0.00546856,-0.0222826,2090,2011.5,0.96244,58,11,-0.810345,0,0,0.149417,0.135717,-0.0916899,4,0.206897,0.00897641,-0.0218177,5,0.513514,0.274714,-0.00124424,7,0.715278,-0.0233655,-0.00163233
n16_s30000_f0.1_r3,16,30000,0.1,0.0208,3,4,0.107,light,107,107,107,0.0934579,9.04541,0.0186916,0.443925,0,-0.000833333,75.0654,75,-0.00087124,-0.0654,312.815,306.625,-0.0197881,-6.19,416.665,327.5,-0.213997,-89.165,114.948,107.301,0,0,0,0,856,856,0,0,0,0.00278552,0.00462436,0.00183884,0.00305471,0.00460307,0.00154837,3601,3530.25,0.980353,11,16.25,nan,0,0,0.251,0.233471,-0.0698373,5,0.232558,-0.189152,-0.117181,6,0.189189,-0.254095,-0.00108875,5,0.296296,-0.00108875,-0.00145122
n16_s30000_f0.3_r1,16,30000,0.3,0.0625,1,4,0.308,moderate,308,290,308,0.10421,10.8175,0.00649351,0.162338,0,0,70.0654,70,-0.000933414,-0.0654,226.94,190,-0.162774,-36.94,327.24,280,-0.144359,-47.24,93.505,86.1688,0.0584416,0,-0.0584416,0.062069,2320,2464,0.062069,0,0,0.0626536,0.00183405,-0.0608195,0.119762,0.00183069,-0.117931,7398,7374.25,0.99679,886,13.5,-0.984763,193,0,0.477917,0.377054,-0.211046,3,0.313353,-0.239861,-0.197064,8,0.232877,-0.365911,-0.000933414,5,0.206311,-0.379465,0.156303
n16_s30000_f0.3_r2,16,30000,0.3,0.0625,2,4,0.281,light,281,281,281,0.174377,3.17869,0.0106762,0.231317,0,-0.012987,57.5654,60,0.0422928,2.4346,202.565,192.125,-0.051539,-10.44,266.565,242.5,-0.0902782,-24.065,78.8998,79.7931,0,0,0,0,2248,2248,0,0,0,0.0204454,0.00386824,-0.0165772,0.0209115,0.00397453,-0.016937,5595,6164.25,1.10174,117,24.5,-0.790598,1,0,0.3931,0.359737,-0.0848703,4,0.101449,-0.0746571,-0.000406085,5,0.422043,0.0884085,0.0422928,7,0.411765,0.0729186,0.123164
n16_s30000_f0.3_r3,16,30000,0.3,0.0625,3,4,0.295,light,295,295,295,0.0669492,20.8846,0.0135593,1.5,0,-0.00794613,82.5654,82.5,-0.000792099,-0.0654,488.065,407.5,-0.16507,-80.565,1082.87,925.5,-0.145327,-157.37,158.091,138.754,0,0,0,0,2360,2360,0,0,0,0.00343205,0.00618124,0.00274919,0.00342031,0.00614327,0.00272296,10233,10906.2,1.06579,35,67,0.914286,0,0,0.590217,0.545517,-0.0757349,5,0.111702,-0.196899,-0.152591,6,0.127232,-0.295187,-0.0320413,5,0.171348,-0.12557,-0.00145122
n16_s30000_f0.6_r1,16,30000,0.6,0.125,1,4,0.579,moderate,579,549,579,0.245836,34.3529,0.00518135,0.600173,0,0.00555199,127.565,90,-0.294477,-37.565,475.565,405.625,-0.147067,-69.94,780.465,647.125,-0.170847,-133.34,172.515,138.167,0.0518135,0,-0.0518135,0.0546448,4392,4632,0.0546448,0,15,0.0243703,0.00170671,-0.0226636,0.0466147,0.00170381,-0.0449109,20530,18634.8,0.907684,957,31.75,-0.966823,196,0,0.8268,0.719287,-0.130034,3,0.254736,-0.193152,-0.28095,8,0.352473,-0.104096,-0.362355,5,0.255435,-0.315598,-0.138708
n16_s30000_f0.6_r2,16,30000,0.6,0.125,2,4,0.56,light,560,558,560,0.162468,24.5463,0.00714286,0.808036,0,-0.0248307,95.0654,80,-0.158474,-15.0654,454.065,387.5,-0.146598,-66.565,749.715,705,-0.0596427,-44.715,150.5,125.964,0.00357143,0,-0.00357143,0.00358423,4464,4480,0.00358423,0,0.08,0.0138042,0.00452919,-0.009275,0.0142678,0.00458357,-0.00968421,15139,16635.5,1.09885,216,76.25,-0.646991,2,0,0.788617,0.731967,-0.0718346,4,0.168919,-0.0642284,-0.243421,5,0.268641,-0.219852,-0.125568,7,0.200855,-0.349048,-0.0809617
n16_s30000_f0.6_r3,16,30000,0.6,0.125,3,4,0.593,moderate,593,512,543,0.458139,126.189,0.00736648,1.89227,0,-0.00699627,265.065,107.5,-0.594439,-157.565,1022.07,1076.12,0.0528878,54.055,1607.29,1573.62,-0.0209482,-33.67,362.023,238.898,0.136594,0.084317,-0.0522766,0.0605469,4096,4344,0.0605469,0,2.35,0.000506272,0.00780497,0.0072987,0.000506016,0.00774452,0.00723851,53358,35799.5,0.67093,27,277.25,9.26852,0,0,0.99535,0.99495,-0.000401869,5,0.323293,-0.0275824,-0.28431,6,0.657955,-0.362417,-0.628179,5,0.7,-0.631571,-0.62701
n16_s30000_f0.9_r1,16,30000,0.9,0.1875,1,4,0.875,moderate,875,761,808.25,0.418513,157.357,0.00618812,1.34901,-0.0152672,-0.013673,317.565,162.5,-0.488294,-155.065,1475.07,1131.5,-0.232918,-343.57,1814.57,1641.7,-0.0952678,-172.87,464.32,306.963,0.130286,0.0762857,-0.054,0.0620894,6088,6466,0.0620894,0,2.125,0.00118698,0.00190445,0.000717473,0.00190968,0.00190083,-8.8508e-06,56554,42613,0.753492,108,81,-0.25,16,0,0.992833,0.991204,-0.00164093,3,0.326914,-0.1034,-0.285753,8,0.460613,-0.447144,-0.474119,5,0.732601,-0.402113,-0.66677
n16_s30000_f0.9_r2,16,30000,0.9,0.1875,2,4,0.885,moderate,885,785,818.75,0.511758,175.547,0.00855746,3.76528,-0.0133333,-0.00781363,255.068,95,-0.62755,-160.068,1271.07,920.75,-0.27561,-350.32,1725.27,1602.5,-0.0711599,-122.77,390.572,215.025,0.112994,0.0748588,-0.0381356,0.0429936,6280,6550,0.0429936,0,1.975,0.000604435,0.00315352,0.00254908,0.0006418,0.00317905,0.00253725,52976,35152,0.663546,34,111.75,2.28676,1,0,0.999133,0.9986,-0.000533796,4,0.385851,-0.0850579,-0.516076,5,0.62623,-0.498022,-0.656999,7,0.734085,-0.537533,-0.628709
n16_s30000_f0.9_r3,16,30000,0.9,0.1875,3,4,0.888,saturated,888,604,645.25,0.364258,159.913,0.00726954,2.93489,0,-0.00365369,432.565,245,-0.433611,-187.565,1574.69,1572.5,-0.00139392,-2.195,1874.77,1907.5,0.0174582,32.7301,586.163,427.601,0.31982,0.273367,-0.0464527,0.0682947,4832,5162,0.0682947,0,2,0.00037334,0.00816955,0.00779621,0.000373201,0.00810335,0.00773014,61629,53064.5,0.861031,23,430,17.6957,0,0,0.99535,0.995967,0.000619548,5,0.255439,-0.00860621,-0.190266,6,0.408626,0.00662403,-0.382179,5,0.724813,-0.428933,-0.713032
n16_s30000_f1.2_r1,16,30000,1.2,0.25,1,4,1.191,saturated,1191,769,856.75,0.267721,165.993,0.00987408,3.74701,-0.00593468,-0.00159658,632.565,420,-0.336037,-212.565,1765.07,1728,-0.021002,-37.07,1893.67,1914.35,0.0109206,20.68,763.308,597.607,0.354324,0.280647,-0.0736776,0.114109,6152,6854,0.114109,0.126471,3,0.000493843,0.00125638,0.000762533,0.000559376,0.0012548,0.000695424,60782,56383.5,0.927635,34,70.75,1.08088,2,0,0.998983,0.999317,0.000333673,3,0.216841,0.0468215,0.231712,8,0.218542,-0.0287797,-0.270724,5,0.56267,-0.346999,-0.488831
n16_s30000_f1.2_r2,16,30000,1.2,0.25,2,4,1.21,saturated,1210,857,935.5,0.389385,139.688,0.0102687,3.50477,0.00564968,-0.00264026,375.067,222.5,-0.406773,-152.567,1706.57,1515,-0.112254,-191.57,1917.27,1917.5,0.000119899,0.229878,591.473,451.876,0.291736,0.22686,-0.064876,0.0915986,6856,7484,0.0915986,0.104882,2,0.000179665,0.00183593,0.00165626,0.000179633,0.00183716,0.00165753,61236,54295.8,0.886664,11,99.75,nan,0,0,0.9997,0.999333,-0.000366777,4,0.173344,-0.00768237,-0.0988355,5,0.220238,-0.0403377,-0.305568,7,0.675048,-0.383873,-0.605871
n16_s30000_f1.2_r3,16,30000,1.2,0.25,3,4,1.189,saturated,1189,616,668,0.300125,111.524,0.0129143,7.6683,0.0138503,0.00779589,558.817,457.5,-0.181306,-101.317,1786.32,1769.75,-0.00927609,-16.5701,1959.32,1970.73,0.00582094,11.4051,761.284,650.446,0.481918,0.438183,-0.0437342,0.0844156,4928,5344,0.0844156,0.0670732,0.76,0.000302129,0.00732939,0.00702726,0.000302038,0.00727606,0.00697403,62906,56383.5,0.896314,19,410.25,nan,0,0,0.99865,0.999317,0.000667568,5,0.211692,0.0385141,0.0217686,6,0.108726,-0.0346977,-0.00445687,5,0.537088,-0.228095,-0.490154
n16_s4000_f0.1_r1,16,4000,0.1,0.1562,1,4,0.0973333,moderate,730,706,730,0.171388,2.40665,0.00136986,0.0205479,0,0,30.0669,32.5,0.0809211,2.43305,57.5664,50,-0.131438,-7.5664,72.4414,57.5,-0.206255,-14.9414,34.592,34.4752,0.0328767,0,-0.0328767,0.0339943,753.067,778.667,0.0339943,0,1.26316,0.0236798,0.00170157,-0.0219783,0.0437047,0.0017639,-0.0419408,4416,3826.75,0.866565,193,6.75,-0.965026,31,0,0.199917,0.127587,-0.361797,3,0.331939,-0.207622,-0.106512,8,0.169014,-0.0724002,-0.00203891,5,0.528384,0.0693998,0.0970861
n16_s4000_f0.1_r2,16,4000,0.1,0.1562,2,4,0.0932,light,699,698,699,0.22212,2.32503,0.00429185,0.0643777,0,0,30.0664,32.5,0.0809409,2.4336,55.0664,50,-0.0920053,-5.0664,65.1414,62.5,-0.0405487,-2.6414,33.469,33.9387,0.00143062,0,-0.00143062,0.00143266,744.533,745.6,0.00143266,0,0.030303,0.0138782,0.00379613,-0.010082,0.0156843,0.00385154,-0.0118327,3953,3570,0.903112,62,13.75,-0.778226,1,0,0.183717,0.128542,-0.300327,4,0.21875,-0.0410188,-0.0870998,5,0.171966,-0.00448334,0.0809409,7,0.520408,-0.00203891,0.0970861
n16_s4000_f0.1_r3,16,4000,0.1,0.1562,3,4,0.0992,light,744,744,744,0.164987,2.29219,0.00672043,0.104167,0,-0.0342052,32.5664,35,0.0747273,2.4336,70.0664,62.5,-0.107989,-7.5664,83.9914,75,-0.107051,-8.9914,37.5496,37.4866,0,0,0,0,793.6,793.6,0,0,0,0.00581862,0.00726314,0.00144452,0.00578496,0.00721077,0.00142581,5013,4680.5,0.933672,29,33.75,0.163793,0,0,0.257133,0.190958,-0.257357,5,0.210744,-0.0945016,-0.0512599,6,0.175993,-0.0569471,0.0747273,5,0.545556,0.0747273,0.0970861
n16_s4000_f0.3_r1,16,4000,0.3,0.4688,1,4,0.303867,moderate,2279,2199,2279,0.140127,2.90918,0.00219394,0.0427819,0,0,42.5664,42.5,-0.00155992,-0.0664,82.5664,70,-0.152198,-12.5664,100.066,77.5,-0.225511,-22.566,47.0198,44.2124,0.0351031,0,-0.0351031,0.0363802,2345.6,2430.93,0.0363802,0,1.06667,0.0136094,0.00169235,-0.011917,0.0252937,0.00170706,-0.0235866,17791,14205.8,0.79848,450,24.25,-0.946111,87,0,0.578617,0.396292,-0.315105,3,0.433475,-0.225511,-0.13872,8,0.173556,-0.109451,-0.00160917,5,0.24539,-0.00141904,-0.0731869
n16_s4000_f0.3_r2,16,4000,0.3,0.4688,2,4,0.3016,light,2262,2262,2262,0.113285,3.33966,0.00397878,0.0596817,0,0,40.0664,40,-0.00165725,-0.0664,85.0664,72.5,-0.147725,-12.5664,100.066,85,-0.150561,-15.066,45.8801,42.8258,0,0,0,0,2412.8,2412.8,0,0,0,0.00708047,0.00317696,-0.0039035,0.0072916,0.00320382,-0.00408778,15223,13499.5,0.886783,111,43.25,-0.61036,0,0,0.571833,0.40615,-0.289741,4,0.284029,-0.165117,-0.143669,5,0.242025,-0.042726,-0.0569471,7,0.186111,-0.00155992,-0.00203891
n16_s4000_f0.3_r3,16,4000,0.3,0.4688,3,4,0.295733,light,2218,2218,2218,0.14991,8.20809,0.00225428,0.0766456,0,0,45.0664,42.5,-0.0569471,-2.5664,145.066,92.5,-0.362359,-52.566,189.216,115,-0.392229,-74.216,56.5205,48.3876,0,0,0,0,2365.87,2365.87,0,0,0,0.0016604,0.00668507,0.00502467,0.00165765,0.00664068,0.00498303,20511,16225.8,0.791076,34,107.75,2.16912,0,0,0.741017,0.565179,-0.237292,5,0.257452,-0.402997,-0.152198,6,0.220888,-0.0427331,-0.0569471,5,0.307423,-0.15907,-0.0788051
n16_s4000_f0.6_r1,16,4000,0.6,0.9375,1,4,0.6008,moderate,4506,4438,4506,0.254252,13.0449,0.00244119,0.0449401,0,0,55.0675,55,-0.00122577,-0.0675,160.066,92.5,-0.422113,-67.566,192.566,102.5,-0.467715,-90.066,68.3031,55.2583,0.015091,0,-0.015091,0.0153222,4733.87,4806.4,0.0153222,0,0.309091,0.0073846,0.00164024,-0.00574436,0.0110449,0.00168837,-0.0093565,38751,29466.2,0.7604,428,49.75,-0.883762,52,0,0.961,0.773754,-0.194845,3,0.671782,-0.467715,-0.146891,8,0.24721,-0.147725,-0.00115345,5,0.73687,-0.174866,-0.236525
n16_s4000_f0.6_r2,16,4000,0.6,0.9375,2,4,0.602133,light,4516,4514,4516,0.30101,17.6725,0.00177148,0.0802702,0,0,50.0675,50,-0.00134818,-0.0675,185.066,100,-0.459652,-85.066,297.566,107.5,-0.638736,-190.066,71.1817,53.5092,0.00044287,0,-0.00044287,0.000443066,4814.93,4817.07,0.000443066,0,0.00701754,0.00351193,0.00327875,-0.000233181,0.00347174,0.00327662,-0.000195111,35717,28993.2,0.811749,124,95,-0.233871,0,0,0.991933,0.806804,-0.186635,4,0.448549,-0.632562,-0.268764,5,0.358888,-0.188174,-0.0843467,7,0.683333,-0.056991,-0.12645
n16_s4000_f0.6_r3,16,4000,0.6,0.9375,3,4,0.5972,moderate,4479,3790,4105.25,0.328505,70.636,0.00261649,1.61309,0,-0.00436583,67.5675,55,-0.185999,-12.5675,125.066,1115,7.91529,989.934,1674.22,1805,0.0781139,130.78,115.553,158.916,0.153829,0.083445,-0.070384,0.0831794,4042.67,4378.93,0.0831794,0,2.69444,0.00029475,0.00806781,0.00777306,0.000294663,0.00800324,0.00770857,57693,39546.5,0.685464,17,316.5,nan,0,0,0.998783,0.999321,0.000538155,5,0.539521,0.0542223,-0.289306,6,0.779333,-0.200607,-0.242073,5,0.959052,-0.375691,-0.350862
n16_s4000_f0.9_r1,16,4000,0.9,1,1,4,0.64,light,4800,4777,4800,0.276435,16.6803,0.0025,0.0223958,0,0,55.0695,55,-0.00126204,-0.0695,170.066,92.5,-0.456094,-77.566,202.567,105,-0.481654,-97.5675,72.5984,55.9181,0.00479167,0,-0.00479167,0.00481474,5095.47,5120,0.00481474,0,0.0830325,0.00583212,0.00157095,-0.00426117,0.00730408,0.00157635,-0.00572773,40936,31718.8,0.774838,299,50,-0.832776,19,0,0.989983,0.82165,-0.170037,3,0.820791,-0.615478,-0.0981505,8,0.303958,-0.147725,-0.00117254,5,0.784667,-0.218294,-0.334316
n16_s4000_f0.9_r2,16,4000,0.9,1,2,4,0.64,moderate,4800,4731,4800,0.354115,113.537,0.00291667,0.0270834,0,0,52.5675,52.5,-0.00128414,-0.0675038,1172.57,105,-0.910453,-1067.57,1797.57,107.5,-0.940197,-1690.07,168.533,55.2312,0.014375,0,-0.014375,0.0145847,5046.4,5120,0.0145847,0,0.219512,0.00290479,0.00301198,0.000107186,0.00289638,0.00300293,0.000106554,38669,31386,0.811658,112,94.25,-0.158482,0,0,0.998333,0.850921,-0.147659,4,0.473033,-0.939567,-0.14161,5,0.4435,-0.219398,-0.0843467,7,0.812143,-0.15907,-0.126518
n16_s4000_f0.9_r3,16,4000,0.9,1,3,4,0.64,moderate,4800,4024,4277.25,0.379142,64.2219,0.00313327,0.934502,0,0.0025982,75.0664,55,-0.267315,-20.0664,127.567,820,5.42799,692.433,1519.49,1792.3,0.179537,272.805,110.97,136.058,0.161667,0.108906,-0.0527604,0.0629349,4292.27,4562.4,0.0629349,0,2.29167,0.000351529,0.00735548,0.00700395,0.000351406,0.00730177,0.00695037,59760,40846.2,0.683505,21,298.25,13.2024,0,0,0.998517,0.999308,0.000792843,5,0.613968,0.0808638,-0.372874,6,0.926944,-0.216778,-0.2587,5,0.986167,-0.417312,-0.429293
n1_s30000_f0.1_r1,1,30000,0.1,0.3333,1,4,0.1,light,100,100,100,1,0.0654038,0,0,0,0,52.5654,52.5,-0.00124424,-0.0654038,52.5654,52.5,-0.00124424,-0.0654038,52.5654,52.5,-0.00124424,-0.0654038,52.5654,52.5,0,0,0,0,800,800,0,0,0,0,0,0,0,0,0,1500,1300,0.866667,0,0,nan,0,0,0.1067,0.0966667,-0.0940331,0,nan,nan,nan,1,1,-0.00124424,-0.00124424,0,nan,nan,nan
n1_s30000_f0.1_r2,1,30000,0.1,0.3333,2,4,0.106,light,106,106,106,1,0.0654,0,0,0,0,40.0654,40,-0.00163233,-0.0654,40.0654,40,-0.00163233,-0.0654,40.0654,40,-0.00163233,-0.0654,40.0654,40,0,0,0,0,848,848,0,0,0,0,0,0,0,0,0,1060,848,0.8,0,0,nan,0,0,0.06715,0.0565333,-0.158104,0,nan,nan,nan,0,nan,nan,nan,1,1,-0.00163233,-0.00163233
n1_s30000_f0.1_r3,1,30000,0.1,0.3333,3,4,0.098,light,98,98,98,0.367347,12.8228,0.0102041,0.153061,0,-0.000837287,227.565,205,-0.0991585,-22.565,447.44,447.5,0.000134096,0.06,509.515,517.9,0.0164568,8.385,283.687,274.726,0,0,0,0,784,784,0,0,0,0.00121638,0.000279252,-0.000937129,0.0012149,0.000279174,-0.000935729,7408,7164,0.967063,9,2,nan,0,0,0.60555,0.593137,-0.0204979,1,0.367347,0.000134096,-0.0991585,0,nan,nan,nan,0,nan,nan,nan
n1_s30000_f0.3_r1,1,30000,0.3,1,1,4,0.3,light,300,300,300,0.999167,0.0673781,0,0,0,0,52.5654,52.5,-0.00124424,-0.0654038,52.5654,52.5,-0.00124424,-0.0654038,52.5654,52.5,-0.00124424,-0.0654038,52.5654,52.5021,0,0,0,0,2400,2400,0,0,0,0,6.41026e-05,6.41026e-05,0,6.40985e-05,6.40985e-05,4500,3900.25,0.866722,0,0.25,nan,0,0,0.320033,0.290008,-0.0938184,0,nan,nan,nan,1,0.999167,-0.00124424,-0.00124424,0,nan,nan,nan
n1_s30000_f0.3_r2,1,30000,0.3,1,2,4,0.3,light,300,300,300,1,0.0654,0,0,0,0,40.0654,40,-0.00163233,-0.0654,40.0654,40,-0.00163233,-0.0654,40.0654,40,-0.00163233,-0.0654,40.0654,40,0,0,0,0,2400,2400,0,0,0,0,0,0,0,0,0,3000,2400,0.8,0,0,nan,0,0,0.190017,0.16,-0.157969,0,nan,nan,nan,0,nan,nan,nan,1,1,-0.00163233,-0.00163233
n1_s30000_f0.3_r3,1,30000,0.3,1,3,4,0.3,saturated,300,88,92,0.0533597,38.1908,0.0108696,0.35326,0,-0.000587889,1065.07,1097.5,0.0304487,32.43,1851.7,1912.5,0.0328375,60.805,1935.07,1995,0.0309705,59.9301,1063.39,1098.61,0.706667,0.693333,-0.0133333,0.0454545,704,736,0.0454545,0.0454545,0.0454545,0.000156079,0.000200385,4.43054e-05,0.000156055,0.000200345,4.42897e-05,12816,12478.5,0.973666,2,2.5,nan,0,0,0.994133,0.988742,-0.00542348,1,0.0533597,0.0328375,0.0304487,0,nan,nan,nan,0,nan,nan,nan
n1_s4000_f0.1_r1,1,4000,0.1,1,1,4,0.04,light,300,300,300,1,0.0664,0,0,0,0,27.5664,27.5,-0.00240873,-0.0664,27.5664,27.5,-0.00240873,-0.0664,27.5664,27.5,-0.00240873,-0.0664,27.5664,27.5,0,0,0,0,320,320,0,0,0,0,0,0,0,0,0,1500,900,0.6,0,0,nan,0,0,0.06005,0.04,-0.333888,0,nan,nan,nan,1,1,-0.00240873,-0.00240873,0,nan,nan,nan
n1_s4000_f0.1_r2,1,4000,0.1,1,2,4,0.04,light,300,300,300,1,2.4336,0,0,0,0,25.0664,27.5,0.0970861,2.4336,25.0664,27.5,0.0970861,2.4336,25.0664,27.5,0.0970861,2.4336,25.0664,27.5,0,0,0,0,320,320,0,0,0,0,0,0,0,0,0,901,900,0.99889,0,0,nan,0,0,0.0300333,0.025,-0.167592,0,nan,nan,nan,0,nan,nan,nan,1,1,0.0970861,0.0970861
n1_s4000_f0.1_r3,1,4000,0.1,1,3,4,0.04,light,300,300,300,0.998333,0.4289,0.00333333,0.00833333,0,0,47.5664,47.5,-0.00139594,-0.0664,50.0664,47.5,-0.0512599,-2.5664,50.0664,47.5,-0.0512599,-2.5664,47.9331,47.5042,0,0,0,0,320,320,0,0,0,0.0112821,0.000151515,-0.0111305,0.0111562,0.000151492,-0.0110047,3944,3300.5,0.836841,44,0.5,-0.988636,0,0,0.285733,0.250042,-0.124913,1,0.998333,-0.0512599,-0.00139594,0,nan,nan,nan,0,nan,nan,nan
n2_s30000_f0.1_r1,2,30000,0.1,0.1667,1,4,0.11,light,110,110,110,0.425,5.3967,0.00909091,0.0454547,0,0,90.0654,90,-0.000726139,-0.0654,123.94,117.5,-0.0519607,-6.44001,132.565,117.5,-0.113642,-15.065,79.6335,76.1932,0,0,0,0,880,880,0,0,0,0.0631294,0.00041365,-0.0627157,0.0644928,0.000413479,-0.0640793,2760,2418.5,0.876268,178,1,-0.994382,0,0,0.204033,0.177633,-0.129391,1,0.824561,-0.100065,-0.0775418,1,0.849057,0.344801,-0.00124424,0,nan,nan,nan
n2_s30000_f0.1_r2,2,30000,0.1,0.1667,2,4,0.089,light,89,89,89,0.449438,1.97185,0.0224719,0.0842696,0,0,57.5654,60,0.0422928,2.4346,69.0654,75,0.0859273,5.9346,77.8654,75,-0.0367994,-2.8654,50.6834,52.3104,0,0,0,0,712,712,0,0,0,0.00489396,0.00308914,-0.00180482,0.00487013,0.00307963,-0.0017905,1232,1136.5,0.922484,6,3.5,nan,0,0,0.0872667,0.0766583,-0.121562,0,nan,nan,nan,1,0.808511,-0.033074,0.0422928,1,0.904762,0.435154,-0.00163233
n2_s30000_f0.1_r3,2,30000,0.1,0.1667,3,4,0.094,light,94,94,94,0.473404,8.71795,0.0106383,0.0797872,0,0,192.565,185,-0.0392854,-7.565,346.065,327.5,-0.053646,-18.565,432.64,425,-0.017659,-7.64001,153.39,145.106,0,0,0,0,752,752,0,0,0,0.00023546,0.000375188,0.000139727,0.000235405,0.000375047,0.000139642,4248,3999.5,0.941502,1,1.5,nan,0,0,0.335883,0.32305,-0.0382077,1,0.479167,-0.0260713,-0.089152,0,nan,nan,nan,1,0.967391,-0.00145122,-0.00145122
n2_s30000_f0.3_r1,2,30000,0.3,0.5,1,4,0.309,light,309,308,309,0.434466,7.97343,0.00647249,0.113269,-0.0588235,0,90.0654,81.25,-0.0978778,-8.8154,140.065,117.5,-0.161104,-22.565,159.715,120,-0.248662,-39.715,87.0865,79.3002,0.00323625,0,-0.00323625,0.00324675,2464,2472,0.00324675,0.00322581,0.00645161,0.0495075,0.00087499,-0.0486325,0.0523213,0.000912201,-0.0514091,8142,6577.5,0.807848,426,6,-0.985915,1,0,0.554333,0.4938,-0.1092,1,0.466346,-0.194184,0.0342391,1,0.877451,-0.0944903,-0.0465883,0,nan,nan,nan
n2_s30000_f0.3_r2,2,30000,0.3,0.5,2,4,0.319,light,319,319,319,0.416928,1.88709,0.0188088,0.0626959,0,0,57.5654,60,0.0422928,2.4346,77.5654,75,-0.033074,-2.5654,77.5654,77.5,-0.000843159,-0.0654,55.3319,54.9961,0,0,0,0,2552,2552,0,0,0,0.00224618,0.00292089,0.000674706,0.00224115,0.00291238,0.000671233,4462,4034.5,0.904191,10,11.75,nan,0,0,0.308117,0.27185,-0.117704,0,nan,nan,nan,1,0.512195,-0.033074,-0.033074,1,0.858065,-0.00130629,-0.00163233
n2_s30000_f0.3_r3,2,30000,0.3,0.5,3,4,0.314,moderate,314,274,282,0.552305,30.1574,0.0106383,0.895389,0,-0.00295013,52.5654,45,-0.143924,-7.5654,1846.82,1692.5,-0.0835599,-154.32,1985.07,1821.83,-0.0822364,-163.245,419.062,417.832,0.127389,0.101911,-0.0254777,0.0291971,2192,2256,0.0291971,0.0347826,0.0695652,0.000493016,0.000277992,-0.000215024,0.000492773,0.000277914,-0.000214858,12176,11694.2,0.960434,6,3.25,nan,0,0,0.93015,0.909687,-0.0219991,1,0.134959,-0.0941836,-0.0140756,0,nan,nan,nan,1,0.97956,-0.143924,-0.00145122
n2_s30000_f0.6_r1,2,30000,0.6,1,1,4,0.6,light,600,598,600,0.498333,328.953,0.00333333,0.0291667,0,0,76.3154,82.5,0.08104,6.1846,1260.44,117.5,-0.906779,-1142.95,1302.57,117.5,-0.909794,-1185.07,409.427,80.524,0.00333333,0,-0.00333333,0.00334448,4784,4800,0.00334448,0.0033557,0.00671141,0.0395528,0.000556151,-0.0389967,0.0420242,0.000555841,-0.0414683,15967,12143.8,0.760553,671,6.75,-0.98994,1,0,0.999,0.953279,-0.0457666,1,1,-0.908946,-0.859259,1,0.996667,-0.222975,-0.160878,0,nan,nan,nan
n2_s30000_f0.6_r2,2,30000,0.6,1,2,4,0.6,light,600,600,600,0.5,4.06019,0.01,0.025,0,0,66.3154,62.5,-0.0575341,-3.8154,77.5654,75,-0.033074,-2.5654,80.0654,77.5,-0.0320413,-2.5654,61.6362,57.576,0,0,0,0,4800,4800,0,0,0,0.00211715,0.00225444,0.000137291,0.00211268,0.00224937,0.000136692,8520,7224.25,0.847917,18,16.25,nan,0,0,0.572333,0.505983,-0.115929,0,nan,nan,nan,1,1,-0.033074,-0.033074,1,0.996667,-0.159053,-0.112401
n2_s30000_f0.6_r3,2,30000,0.6,1,3,4,0.6,saturated,600,348,356,0.836376,28.4542,0.00842697,0.0632022,0,0,50.0654,45,-0.101176,-5.0654,1290.07,1420,0.100715,129.93,1817.79,1955,0.0754787,137.205,191.51,211.826,0.42,0.406667,-0.0133333,0.0229885,2784,2848,0.0229885,0.0833333,0.166667,7.29448e-05,0.00025027,0.000177325,7.29395e-05,0.000250207,0.000177267,13710,12989.2,0.947429,1,3.25,nan,0,0,0.992033,0.991842,-0.000193206,1,0.0952381,0.0398548,0.0336169,0,nan,nan,nan,1,0.9925,-0.101176,-0.101176
n2_s4000_f0.1_r1,2,4000,0.1,1,1,4,0.08,light,600,600,600,0.5,1.46908,0.01,0.025,0,0,32.5664,31.25,-0.040422,-1.3164,40.0664,35,-0.12645,-5.0664,40.0664,37.5,-0.0640537,-2.5664,32.7331,31.2802,0,0,0,0,640,640,0,0,0,0.0171795,0.00302083,-0.0141587,0.0191147,0.00301174,-0.016103,3976,2407.25,0.605445,76,7.25,-0.904605,0,0,0.191267,0.130367,-0.318404,1,0.993333,-0.12645,-0.0683164,1,1,-0.00240873,-0.00240873,0,nan,nan,nan
n2_s4000_f0.1_r2,2,4000,0.1,1,2,4,0.08,light,600,600,600,0.498333,2.3902,0.005,0.0125,0,0,28.8164,30,0.0410738,1.1836,30.0664,32.5,0.0809409,2.4336,32.5664,32.5,-0.00203891,-0.0664,27.6289,30.0167,0,0,0,0,640,640,0,0,0,0.00480947,0.00197979,-0.00282969,0.00478645,0.00197587,-0.00281058,2716,2404,0.885125,13,4.75,nan,0,0,0.120267,0.0751583,-0.375069,0,nan,nan,nan,1,0.953333,0.0809409,0.0809409,1,0.996667,0.0970861,0.0970861
n2_s4000_f0.1_r3,2,4000,0.1,1,3,4,0.08,light,600,600,600,0.5,1.46953,0.00166667,0.00416666,0,0,41.3164,37.5,-0.0923701,-3.8164,55.0664,50,-0.0920053,-5.0664,55.0664,50,-0.0920053,-5.0664,38.9706,37.501,0,0,0,0,640,640,0,0,0,0.00629164,6.41026e-05,-0.00622753,0.0062523,6.40985e-05,-0.0061882,5438,3900.25,0.717221,34,0.25,-0.992647,0,0,0.34065,0.280021,-0.177981,1,1,-0.0920053,-0.0488221,0,nan,nan,nan,1,1,-0.00264896,-0.00264896
n32_s30000_f0.1_r1,32,30000,0.1,0.0104,1,4,0.119,moderate,119,115,119,0.140756,3.22202,0.0168067,0.546218,0,0.0748988,60.0654,62.5,0.0405325,2.4346,139.815,130.625,-0.0657297,-9.19,166.865,160.625,-0.0373955,-6.24,69.3262,70.7038,0.0336134,0,-0.0336134,0.0347826,920,952,0.0347826,0,0,0.0400168,0.00357594,-0.0364409,0.0855162,0.00356319,-0.081953,2596,2385.5,0.918914,222,8.5,-0.961712,52,0,0.186583,0.152467,-0.182849,9,0.3,-0.0321507,-0.0406692,14,0.346939,0.0545857,-0.00108875,9,0.465278,-0.00100514,0.0607656
n32_s30000_f0.1_r2,32,30000,0.1,0.0104,2,4,0.109,light,109,108,109,0.220183,6.02582,0.0183486,0.229358,0,0,55.0654,55,-0.00118768,-0.0654,226.69,195.625,-0.137037,-31.065,300.64,275,-0.0852847,-25.64,79.2091,73.922,0.00917431,0,-0.00917431,0.00925926,864,872,0.00925926,0,0.333333,0.0243902,0.00321757,-0.0211727,0.0262935,0.00320725,-0.0230862,2358,2260.5,0.958651,62,7.25,-0.883065,1,0,0.16,0.14325,-0.104688,10,0.163818,-0.031059,-0.0531499,7,0.333333,-0.0865345,0.0422928,15,0.461538,-0.120577,-0.00153646
n32_s30000_f0.1_r3,32,30000,0.1,0.0104,3,4,0.108,light,108,107,108,0.121257,6.24273,0.0185185,0.462963,0.0166667,0.006244,77.5654,75,-0.033074,-2.5654,277.315,273.625,-0.0133062,-3.69,322.565,295,-0.0854556,-27.565,101.701,95.9259,0.00925926,0,-0.00925926,0.00934579,856,864,0.00934579,0,0.5,0.0227346,0.00909457,-0.01364,0.0231467,0.0090126,-0.0141341,3197,3134.5,0.98045,74,28.25,-0.618243,1,0,0.234083,0.213625,-0.0873977,12,0.208878,-0.0868011,-0.11416,12,0.205882,-0.0686225,-0.039428,8,0.333333,-0.232724,-0.0569262
n32_s30000_f0.3_r1,32,30000,0.3,0.0312,1,4,0.306,moderate,306,292,306,0.0777375,9.66596,0.00980392,0.326797,0,0.0096463,75.0654,80,0.0657373,4.9346,255.94,197.5,-0.228335,-58.44,319.59,304.425,-0.0474514,-15.165,98.5499,93.1189,0.0457516,0,-0.0457516,0.0479452,2336,2448,0.0479452,0,0.125,0.0348245,0.00436262,-0.0304619,0.0703775,0.00443568,-0.0659418,7815,8116,1.03852,550,36,-0.934545,125,0,0.483217,0.403662,-0.164635,9,0.219086,-0.0489586,-0.15136,14,0.138223,-0.135272,0.0313877,9,0.240964,-0.000843159,0.220449
n32_s30000_f0.3_r2,32,30000,0.3,0.0312,2,4,0.288,light,288,288,288,0.136285,7.20178,0.00694444,0.425348,0,0.0029838,65.0654,70,0.0758406,4.9346,347.565,295,-0.151238,-52.565,534.365,541.8,0.0139137,7.43498,108.555,104.783,0,0,0,0,2304,2304,0,0,0,0.0209021,0.00505422,-0.0158479,0.0211334,0.00514515,-0.0159883,7429,8551.75,1.15113,157,44,-0.719745,0,0,0.477033,0.436133,-0.0857382,10,0.0862069,-0.0041966,-0.0600662,7,0.257143,0.0755258,0.0175326,15,0.299618,-0.0277145,0.156303
n32_s30000_f0.3_r3,32,30000,0.3,0.0312,3,4,0.285,light,285,285,285,0.095614,12.7766,0.0175439,0.833334,-0.0277778,0.00778816,92.5654,90,-0.0277145,-2.5654,359.565,322.5,-0.103083,-37.065,647.265,624.675,-0.0349007,-22.59,137.416,126.373,0,0,0,0,2280,2280,0,0,0,0.0131293,0.0114366,-0.00169276,0.0131706,0.0113073,-0.00186331,9339,10281,1.10087,123,116.25,-0.054878,0,0,0.553317,0.504883,-0.0875328,12,0.145833,-0.160025,-0.0510822,12,0.0977273,0.217441,0.0958494,8,0.19403,-0.329506,0.220449
n32_s30000_f0.6_r1,32,30000,0.6,0.0625,1,4,0.588,moderate,588,573,588,0.191133,40.9582,0.00680272,1.10544,0,0.00158874,170.065,107.5,-0.367889,-62.565,579.565,552.5,-0.0466988,-27.065,875.765,793.725,-0.0936781,-82.04,224.708,184.7,0.0255102,0,-0.0255102,0.026178,4584,4704,0.026178,0,5,0.00833821,0.00576992,-0.00256829,0.015801,0.00578747,-0.0100136,27783,24535.8,0.883121,439,142,-0.676538,84,0,0.85585,0.767246,-0.103528,9,0.155449,0.0378013,-0.14405,14,0.202041,-0.145435,-0.333596,9,0.280702,-0.50518,-0.152187
n32_s30000_f0.6_r2,32,30000,0.6,0.0625,2,4,0.59,moderate,590,555,575,0.338045,106.364,0.00521739,1.4087,0,-0.0040937,230.065,92.5,-0.59794,-137.565,1172.32,1096,-0.0651017,-76.32,1789.97,1600,-0.10613,-189.97,349.638,243.284,0.059322,0.0254237,-0.0338983,0.036036,4440,4600,0.036036,0,0.5,0.00249947,0.00488337,0.0023839,0.00254615,0.00488182,0.00233567,37704,33645.2,0.892352,96,164.25,0.710938,0,0,0.952167,0.909342,-0.0449764,10,0.194662,-0.0829706,-0.262622,7,0.44708,-0.397806,-0.602042,15,0.473732,-0.669258,-0.47086
n32_s30000_f0.6_r3,32,30000,0.6,0.0625,3,4,0.585,moderate,585,516,569.25,0.402718,256.14,0.0110536,4.57758,0,0.0136892,476.315,202.5,-0.574861,-273.815,1381.32,1084,-0.215243,-297.32,1872.45,1603.7,-0.143526,-268.745,570.245,314.143,0.117949,0.0269231,-0.0910256,0.103198,4128,4554,0.103198,0,8.625,0.00326698,0.0148602,0.0115932,0.00323861,0.0146552,0.0114166,56197,39167,0.696959,182,574,2.15385,0,0,0.988533,0.980179,-0.00845107,12,0.447655,-0.176355,-0.473278,12,0.648936,-0.508358,-0.604646,8,0.776119,-0.750533,-0.720508
n32_s30000_f0.9_r1,32,30000,0.9,0.0938,1,4,0.885,saturated,885,682,728.75,0.248116,180.675,0.00847474,3.34676,-0.00526316,-0.0225382,657.567,472.5,-0.281441,-185.067,1720.07,1648.25,-0.0417541,-71.82,1937.92,1962.5,0.0126837,24.58,792.439,612.76,0.229379,0.176554,-0.0528249,0.0685484,5456,5830,0.0685484,0,1.375,0.000334874,0.00827437,0.00793949,0.000535511,0.00821098,0.00767547,59756,54896,0.918669,32,450.75,13.0859,4,0,0.995083,0.994988,-9.63068e-05,9,0.20694,0.0341354,-0.14643,14,0.329027,-0.122274,-0.304272,9,0.572421,-0.333249,-0.53568
n32_s30000_f0.9_r2,32,30000,0.9,0.0938,2,4,0.892,saturated,892,680,720.75,0.446707,203.337,0.00693481,1.53953,0,-0.00201613,447.565,207.5,-0.53638,-240.065,1352.82,1239.75,-0.083581,-113.07,1935.6,1786.35,-0.0771055,-149.245,557.607,354.292,0.237668,0.191984,-0.0456839,0.0599265,5440,5766,0.0599265,0,1.75,0.000402057,0.00533124,0.00492918,0.000401896,0.00531262,0.00491072,59717,51528.2,0.862874,24,273.75,10.4062,0,0,0.996817,0.995458,-0.00136267,10,0.296421,-0.0602376,-0.242947,7,0.543841,-0.279247,-0.451978,15,0.689593,-0.434723,-0.671596
n32_s30000_f0.9_r3,32,30000,0.9,0.0938,3,4,0.868,saturated,868,529,594,0.234521,149.7,0.00959737,4.4922,0.0240964,0.00238968,805.065,625,-0.223665,-180.065,1818.07,1728.12,-0.0494728,-89.945,1971.17,1948.12,-0.011691,-23.045,890.096,740.406,0.390553,0.315668,-0.0748848,0.122873,4232,4752,0.122873,0.0952381,2.5,0.00327127,0.0167123,0.013441,0.00326061,0.0164418,0.0131812,61645,58661.5,0.951602,201,964.5,3.79851,0,0,0.987317,0.998529,0.0113565,12,0.293651,0.0178144,-0.106543,12,0.318768,-0.0314184,-0.19902,8,0.637441,-0.260002,-0.505755
n32_s30000_f1.2_r1,32,30000,1.2,0.125,1,4,1.179,saturated,1179,611,681.25,0.165983,119.14,0.0116462,5.99146,0.00334448,-0.00285125,865.065,745,-0.138793,-120.065,1846.32,1792.5,-0.0291499,-53.8201,1954.82,1917.5,-0.0190913,-37.3201,963.578,844.53,0.481764,0.42218,-0.0595844,0.114975,4888,5450,0.114975,0.142857,1.5,0.000318822,0.00838839,0.00806957,0.00031872,0.00832277,0.00800405,62751,59565.5,0.949236,20,495.75,23.7875,0,0,0.995667,0.995713,4.60328e-05,9,0.207636,-0.0239771,-0.061068,14,0.191867,-0.0200603,-0.121338,9,0.358922,-0.0982817,-0.342927
n32_s30000_f1.2_r2,32,30000,1.2,0.125,2,4,1.152,saturated,1152,750,815.5,0.337306,193.771,0.00716348,3.4652,0,0.00681176,615.066,397.5,-0.353728,-217.566,1593.32,1517.37,-0.0476646,-75.945,1926.39,1855.97,-0.0365553,-70.42,737.941,544.2,0.348958,0.292101,-0.0568576,0.0873333,6000,6524,0.0873333,0.0384615,1,0.000371219,0.00632394,0.00595272,0.000371081,0.00629283,0.00592175,61981,57565.5,0.92876,23,362.25,14.75,0,0,0.998917,0.9984,-0.000517227,10,0.449148,0.0200322,-0.176625,7,0.342863,-0.0482078,-0.278105,15,0.50964,-0.274885,-0.474559
n32_s30000_f1.2_r3,32,30000,1.2,0.125,3,4,1.168,saturated,1168,492,558.75,0.227921,125.015,0.0168445,7.58461,0.0208333,0.00264556,936.318,782.5,-0.16428,-153.818,1853.44,1842.5,-0.00590529,-10.9451,1971.19,1955,-0.00821589,-16.1951,1003.46,878.449,0.578767,0.521618,-0.057149,0.135671,3936,4470,0.135671,0.2,3.5,0.00276045,0.0158854,0.013125,0.00275285,0.0156491,0.0128962,62844,61377.5,0.976664,173,960.5,4.55202,0,0,0.989483,0.999283,0.00990416,12,0.291848,0.00820814,-0.164937,12,0.227392,-0.0208418,-0.0777407,8,0.456472,-0.155792,-0.378551
n32_s4000_f0.1_r1,32,4000,0.1,0.0781,1,4,0.0998667,moderate,749,741,749,0.18978,2.54838,0.00400534,0.0734312,0,0,32.5664,35,0.0747273,2.4336,57.5664,50,-0.131438,-7.5664,72.5664,62.5,-0.13872,-10.0664,35.4005,35.847,0.0106809,0,-0.0106809,0.0107962,790.4,798.933,0.0107962,0,0.466667,0.0141374,0.00661308,-0.00752432,0.022035,0.00668214,-0.0153529,4629,4414.75,0.953716,102,29.5,-0.710784,10,0,0.2054,0.137175,-0.332157,9,0.25666,-0.123026,-0.112421,14,0.186391,-0.031037,-0.00203891,9,0.574766,-0.00189355,0.196821
n32_s4000_f0.1_r2,32,4000,0.1,0.0781,2,4,0.0976,light,732,731,732,0.202769,2.42687,0.0068306,0.0819672,0,0,30.0664,32.5,0.0809409,2.4336,66.3164,60,-0.0952464,-6.3164,88.5664,80,-0.0967229,-8.5664,35.8736,36.6428,0.00136612,0,-0.00136612,0.00136799,779.733,780.8,0.00136799,0,0.0588235,0.012035,0.00639154,-0.00564347,0.0135981,0.00640534,-0.00719276,4633,4566.5,0.985646,63,29.25,-0.535714,1,0,0.22275,0.164021,-0.263655,10,0.13,-0.0861059,-0.0539541,7,0.205843,-0.0569471,-0.00203891,15,0.415698,-0.0683164,0.0882815
n32_s4000_f0.1_r3,32,4000,0.1,0.0781,3,4,0.0968,light,726,726,726,0.144972,2.46638,0.00964187,0.134298,0,0,32.567,35,0.0747092,2.43305,65.0664,60,-0.077865,-5.0664,85.0664,80,-0.0595582,-5.0664,37.99,38.725,0,0,0,0,774.4,774.4,0,0,0,0.0111871,0.0150475,0.00386046,0.0116708,0.0148245,0.0031537,4884,4991.75,1.02206,57,74,0.298246,0,0,0.236567,0.170813,-0.277952,12,0.15146,-0.0887363,-0.00147338,12,0.208929,-0.00132624,0.0747273,8,0.611919,0.0747273,0.0970861
n32_s4000_f0.3_r1,32,4000,0.3,0.2344,1,4,0.300667,moderate,2255,2221,2255,0.0983376,3.2528,0.00487805,0.078714,0,0,47.5664,47.5,-0.00139594,-0.0664,87.5664,77.5,-0.114957,-10.0664,105.067,92.5,-0.119608,-12.5668,51.6649,49.5341,0.0150776,0,-0.0150776,0.0153084,2369.07,2405.33,0.0153084,0,0.871795,0.00595452,0.00768287,0.00172835,0.0105643,0.00762429,-0.00293998,19689,18067.2,0.917632,208,137.75,-0.33774,33,0,0.575183,0.420287,-0.269298,9,0.23904,-0.150561,-0.074984,14,0.0842023,-0.100796,0.0539676,9,0.164754,-0.0920053,0.0746811
n32_s4000_f0.3_r2,32,4000,0.3,0.2344,2,4,0.300133,light,2251,2250,2251,0.0858392,5.15483,0.00355398,0.115504,0,0,42.5664,42.5,-0.00155992,-0.0664,102.566,90,-0.122516,-12.566,192.566,142.5,-0.259994,-50.066,52.0465,48.9635,0.000444247,0,-0.000444247,0.000444444,2400,2401.07,0.000444444,0,0.0135135,0.00477176,0.00551611,0.00074435,0.00503375,0.00552781,0.000494066,17482,17773.8,1.01669,88,98.25,0.116477,1,0,0.667417,0.506754,-0.240723,10,0.18569,-0.362563,-0.104269,7,0.128257,-0.0814084,-0.00147338,15,0.174184,-0.00139594,0.0747273
n32_s4000_f0.3_r3,32,4000,0.3,0.2344,3,4,0.297333,light,2230,2230,2230,0.0956278,5.19914,0.00538117,0.141256,0,0,50.0664,50,-0.00132624,-0.0664,102.566,90,-0.122516,-12.566,189.341,115,-0.39263,-74.341,58.0598,53.8013,0,0,0,0,2378.67,2378.67,0,0,0,0.00477626,0.01548,0.0107037,0.00479948,0.015244,0.0104445,21669,20401.5,0.941506,104,311,1.99038,0,0,0.6865,0.529975,-0.228004,12,0.182715,-0.360846,-0.0855759,12,0.074085,-0.0698174,-0.00139594,8,0.146709,-0.096381,-0.00203891
n32_s4000_f0.6_r1,32,4000,0.6,0.4688,1,4,0.605067,light,4538,4533,4538,0.271352,36.0211,0.00396651,0.209894,0,-0.0217391,85.0664,62.5,-0.26528,-22.5664,222.566,112.5,-0.494532,-110.066,584.268,207.5,-0.644855,-376.768,104.776,68.7548,0.00110181,0,-0.00110181,0.00110302,4835.2,4840.53,0.00110302,0,0.0333333,0.00110126,0.00760049,0.00649923,0.00152109,0.00755536,0.00603427,54566,40666.5,0.745272,83,307.25,2.70181,7,0,0.976683,0.840571,-0.139362,9,0.568931,-0.581321,-0.362359,14,0.412204,-0.240401,-0.243033,9,0.451439,-0.265285,-0.273604
n32_s4000_f0.6_r2,32,4000,0.6,0.4688,2,4,0.597867,moderate,4484,4156,4446,0.287325,58.3562,0.00466033,4.10565,0,-0.0204737,75.0664,55,-0.267315,-20.0664,905.693,307.5,-0.660481,-598.193,1624.32,1495,-0.0796149,-129.32,166.897,108.567,0.073149,0.00847458,-0.0646744,0.0697786,4433.07,4742.4,0.0697786,0,4.82292,0.000118429,0.00575758,0.00563915,0.000118415,0.00573633,0.00561791,59114,42448.8,0.718083,7,243.5,nan,0,0,0.99955,0.989946,-0.00960849,10,0.527926,-0.167895,-0.472419,7,0.74575,-0.295877,-0.343355,15,0.409885,-0.286282,-0.239058
n32_s4000_f0.6_r3,32,4000,0.6,0.4688,3,4,0.602133,moderate,4516,4154,4360,0.473417,82.8085,0.00398168,0.891954,0,-0.00468756,115.067,65,-0.435112,-50.067,748.441,475,-0.365347,-273.441,1638.45,1320,-0.194358,-318.445,202.416,119.61,0.0801594,0.0345438,-0.0456156,0.0495908,4430.93,4650.67,0.0495908,0,2.68333,0.00220864,0.0145858,0.0123772,0.00220377,0.0143809,0.0121772,60351,51231,0.848884,133,736.75,4.53947,0,0,0.99115,0.995858,0.00475037,12,0.641503,-0.300068,-0.605869,12,0.864352,-0.449486,-0.456833,8,0.748466,-0.400455,-0.392006
n32_s4000_f0.9_r1,32,4000,0.9,0.7031,1,4,0.904267,saturated,6782,5370,5740.5,0.419403,76.7167,0.0043015,2.09371,0,-0.0236468,112.566,70,-0.378143,-42.566,1541.45,1352.38,-0.122658,-189.07,1910.85,1820,-0.0475417,-90.8449,358.759,282.047,0.208198,0.153568,-0.0546299,0.0689944,5728,6123.2,0.0689944,0,0.559615,0.000290876,0.00867136,0.00838048,0.000355389,0.00859681,0.00824142,61904,59935,0.968193,22,515.25,22.4205,2,0,0.99885,0.999333,0.00048389,9,0.100207,-0.0178054,-0.119524,14,0.509705,-0.382483,-0.321093,9,0.897897,-0.417161,-0.448799
n32_s4000_f0.9_r2,32,4000,0.9,0.7031,2,4,0.898667,moderate,6740,5411,5615.75,0.367193,58.33,0.00181167,1.10805,0,-0.00335393,87.5664,57.5,-0.343355,-30.0664,1083.82,707.5,-0.347216,-376.32,1809.32,1705,-0.0576571,-104.32,209.333,151.007,0.197181,0.166803,-0.0303783,0.0378396,5771.73,5990.13,0.0378396,0,1.66667,0.000128601,0.00559142,0.00546282,0.000128584,0.00556459,0.005436,62216,58450,0.939469,8,325.25,nan,0,0,0.99945,0.999333,-0.000116731,10,0.365352,-0.0857332,-0.501579,7,0.835685,-0.556319,-0.40459,15,0.607472,-0.366262,-0.280777
n32_s4000_f0.9_r3,32,4000,0.9,0.7031,3,4,0.902667,saturated,6770,4610,4959.25,0.375779,104.539,0.00792479,5.45344,-0.016129,-0.000801282,207.568,152.5,-0.265301,-55.068,1667.57,1560,-0.064507,-107.57,1942.34,1912.5,-0.0153654,-29.845,470.341,365.804,0.319055,0.267467,-0.0515879,0.0757592,4917.33,5289.87,0.0757592,0.0784127,2.125,0.00252283,0.0170949,0.014572,0.00251648,0.0168158,0.0142993,62786,59512.5,0.947863,158,1000.75,5.33386,0,0,0.989717,0.999333,0.00971659,12,0.0570617,-0.0120269,-0.0198544,12,0.267773,-0.301972,-0.400113,8,0.992002,-0.550306,-0.562863
n32_s4000_f1.2_r1,32,4000,1.2,0.9375,1,4,1.20387,saturated,9029,5425,5766.25,0.382434,38.9516,0.00381475,1.47659,0.0100001,-0.00385322,237.567,247.5,0.0418113,9.93298,1779.57,1752.5,-0.0152115,-27.07,1959.47,1957.5,-0.00100531,-1.96988,559.998,540.846,0.399158,0.361363,-0.0377949,0.0629032,5786.67,6150.67,0.0629032,0.0391718,0.436782,0.000359797,0.00736513,0.00700534,0.000359667,0.00731129,0.00695162,63948,62266.8,0.973709,23,455.25,18.7935,0,0,0.99845,0.999333,0.000884705,9,0.0496222,-0.0155596,-0.0411708,14,0.0590852,-0.0206821,-0.00867105,9,0.864711,-0.587259,-0.559168
n32_s4000_f1.2_r2,32,4000,1.2,0.9375,2,4,1.20493,saturated,9037,6021,6393.75,0.545531,51.3838,0.00286237,1.39185,0,0.000840336,87.5664,57.5,-0.343355,-30.0664,1577.57,1490,-0.0555094,-87.57,1917.57,1890,-0.0143776,-27.57,348.813,297.473,0.333739,0.292492,-0.0412471,0.0619083,6422.4,6820,0.0619083,0.0234375,1.02083,9.4585e-05,0.00614296,0.00604837,9.45761e-05,0.00610545,0.00601088,63441,61625.2,0.971379,6,376.25,nan,0,0,0.99965,0.999333,-0.000316778,10,0.0418762,0.00867673,-0.0215552,7,0.225725,-0.085115,-0.387744,15,0.823442,-0.170686,-0.38763
n32_s4000_f1.2_r3,32,4000,1.2,0.9375,3,4,1.19547,saturated,8966,4348,4760.75,0.469225,49.9293,0.00664392,5.4765,-0.0266667,-0.00553257,107.569,187.5,0.743067,79.931,1816.69,1802.5,-0.00781364,-14.195,1956.39,1972.5,0.00823198,16.105,565.473,572.04,0.515057,0.469022,-0.046035,0.0949287,4637.87,5078.13,0.0949287,0.12013,1,0.00257959,0.0160315,0.0134519,0.0025573,0.0157825,0.0132252,63739,63409,0.994823,163,1000.75,5.13957,0,0,0.989583,0.999333,0.00985263,12,0.0378457,-0.00525836,0.0114029,12,0.0430676,-0.00527897,-0.0344243,8,0.994645,-0.381359,-0.559168
n4_s30000_f0.1_r1,4,30000,0.1,0.0833,1,4,0.1,light,100,100,100,0.4175,3.31052,0.01,0.0750001,0,0,52.5654,52.5,-0.00124424,-0.0654038,122.565,112.5,-0.0821197,-10.065,127.99,120,-0.0624267,-7.98999,67.4904,66.0375,0,0,0,0,800,800,0,0,0,0.0328638,0.00139043,-0.0314734,0.0347432,0.0013885,-0.0333547,1986,1800.5,0.906596,69,2.5,-0.963768,0,0,0.141283,0.125046,-0.114929,1,0.72,-0.059303,-0.0775418,2,0.813636,-0.000816832,-0.00124424,1,0.7,0.228191,-0.00137495
n4_s30000_f0.1_r2,4,30000,0.1,0.0833,2,4,0.1,light,100,100,100,0.635,1.58437,0.01,0.025,0,0,40.0654,40,-0.00163233,-0.0654,77.5654,70.25,-0.0943127,-7.3154,77.5904,75,-0.0333856,-2.5904,46.5904,47.5438,0,0,0,0,800,800,0,0,0,0.00344828,0.00258277,-0.00086551,0.00343643,0.00257611,-0.000860314,1164,1067.5,0.917096,4,2.75,nan,0,0,0.0790667,0.0676542,-0.14434,0,nan,nan,nan,1,0.727273,-0.033074,0.0422928,3,0.814103,0.12915,-0.00163233
n4_s30000_f0.1_r3,4,30000,0.1,0.0833,3,4,0.093,light,93,93,93,0.204301,12.8968,0.0430108,0.752687,0,-0.00449434,192.565,170,-0.117181,-22.565,402.065,460,0.144094,57.935,574.465,592.475,0.0313509,18.01,176.812,168.562,0,0,0,0,744,744,0,0,0,0.0044896,0.00766739,0.00317778,0.00446954,0.00760905,0.00313951,4251,4665.5,1.09751,19,35.5,nan,0,0,0.331067,0.319362,-0.0353529,3,0.256757,0.108291,-0.117181,0,nan,nan,nan,1,0.789474,-0.203093,-0.00145122
n4_s30000_f0.3_r1,4,30000,0.3,0.25,1,4,0.305,light,305,305,305,0.269672,4.97531,0.00655738,0.0737706,0,0.0158103,75.0654,72.5,-0.0341755,-2.5654,154.565,127.625,-0.174296,-26.94,207.465,200,-0.0359823,-7.46508,80.7457,76.1127,0,0,0,0,2440,2440,0,0,0,0.0271657,0.000665198,-0.0265005,0.0278756,0.000664755,-0.0272108,6816,6017.25,0.882812,190,4,-0.978947,0,0,0.417033,0.372804,-0.106057,1,0.408451,-0.0427306,0.0221047,2,0.46875,0.0748243,-0.0793758,1,0.554054,-0.0187497,-0.192388
n4_s30000_f0.3_r2,4,30000,0.3,0.25,2,4,0.321,light,321,321,321,0.404984,1.58082,0.00623053,0.0623054,0,0,50.0654,50,-0.00130629,-0.0654,80.0654,80,-0.000816832,-0.0654,95.0654,90,-0.0532833,-5.0654,52.9159,53.1503,0,0,0,0,2568,2568,0,0,0,0.00393024,0.00324654,-0.000683696,0.00391485,0.00323604,-0.000678815,4087,3862.75,0.945131,16,12.5,nan,0,0,0.25545,0.2215,-0.132903,0,nan,nan,nan,1,0.496795,-0.0532833,-0.033074,3,0.534979,0.123318,-0.00163233
n4_s30000_f0.3_r3,4,30000,0.3,0.25,3,4,0.297,moderate,297,242,271.5,0.245415,105.341,0.0142446,5.91678,-0.0315789,0.0070952,192.565,115,-0.402799,-77.565,1494.07,1189.38,-0.203936,-304.695,1865.72,1850,-0.0084257,-15.72,446.554,341.572,0.185185,0.0858586,-0.0993266,0.121901,1936,2172,0.121901,0.125,0.402778,0.00138566,0.0101641,0.00877842,0.00138374,0.0100618,0.00867807,22403,18038.5,0.805182,31,181.5,4.85484,0,0,0.976033,0.958387,-0.0180791,3,0.273322,-0.169706,-0.163478,0,nan,nan,nan,1,0.893836,-0.504229,-0.454978
n4_s30000_f0.6_r1,4,30000,0.6,0.5,1,4,0.616,light,616,616,616,0.267045,25.8639,0.00487013,0.223214,-0.0163934,-0.0175,100.065,77.5,-0.225503,-22.565,298.815,247.5,-0.171728,-51.315,523.442,350.925,-0.329582,-172.517,126.319,100.456,0,0,0,0,4928,4928,0,0,0,0.0184311,0.0010736,-0.0173575,0.0197202,0.00111071,-0.0186095,18154,13054.8,0.719111,358,14.5,-0.959497,0,0,0.837917,0.769396,-0.0817752,1,0.25641,-0.344548,-0.12223,2,0.356688,-0.10047,-0.143497,1,0.388699,-0.176313,-0.194238
n4_s30000_f0.6_r2,4,30000,0.6,0.5,2,4,0.637,light,637,637,637,0.234301,2.97234,0.00784929,0.113815,0,0,57.5654,55,-0.044565,-2.5654,95.0654,90,-0.0532833,-5.0654,129.165,105,-0.187086,-24.165,63.6644,60.7398,0,0,0,0,5096,5096,0,0,0,0.00293752,0.00250801,-0.000429514,0.00292892,0.00250173,-0.000427184,8877,8294.25,0.934353,26,20.75,-0.201923,0,0,0.505533,0.444442,-0.120846,0,nan,nan,nan,1,0.425305,-0.117202,-0.0277145,3,0.306025,-0.00087124,-0.0465883
n4_s30000_f0.6_r3,4,30000,0.6,0.5,3,4,0.592,saturated,592,316,344,0.420537,127.614,0.0174419,4.87645,0.015873,-0.0166765,127.565,78.75,-0.382668,-48.815,1018.82,1478.12,0.450821,459.305,1590.7,1921.25,0.207805,330.555,331.767,264.488,0.466216,0.418919,-0.0472973,0.0886076,2528,2752,0.0886076,0.428571,1.375,0.000625764,0.00928517,0.0086594,0.000625372,0.00919974,0.00857437,33580,26604,0.792257,21,244.75,10.6548,0,0,0.999583,0.997854,-0.00172989,3,0.421458,0.217919,-0.566905,0,nan,nan,nan,1,0.904088,-0.458627,-0.550292
n4_s30000_f0.9_r1,4,30000,0.9,0.75,1,4,0.908,moderate,908,771,798.25,0.497119,46.2115,0.00939928,4.07707,0,-0.0789077,117.565,82.5,-0.298261,-35.065,1345.07,1318.5,-0.0197536,-26.57,1882.07,1825.7,-0.0299511,-56.37,239.382,227.888,0.150881,0.12087,-0.030011,0.0353437,6168,6386,0.0353437,0,0.278061,0.00788592,0.00108055,-0.00680538,0.008495,0.00111743,-0.00737757,34020,19688,0.578718,289,22,-0.923875,0,0,0.986133,0.9884,0.00229854,1,0.129842,-0.0180393,-0.0746864,2,0.595395,-0.368637,-0.319531,1,0.672811,-0.262346,-0.286156
n4_s30000_f0.9_r2,4,30000,0.9,0.75,2,4,0.928,light,928,928,928,0.24569,5.66014,0.00862069,0.140086,0,0,67.5654,65,-0.0379691,-2.5654,105.065,105,-0.000618737,-0.0650076,145.065,107.225,-0.260849,-37.84,72.0024,66.3423,0,0,0,0,7424,7424,0,0,0,0.00197852,0.00255014,0.000571621,0.00197461,0.00254365,0.000569041,14180,13071.8,0.921844,28,33.25,0.1875,0,0,0.7281,0.646138,-0.11257,0,nan,nan,nan,1,0.461134,-0.263494,-0.0775418,3,0.318841,-0.0653049,-0.12092
n4_s30000_f0.9_r3,4,30000,0.9,0.75,3,4,0.884,saturated,884,331,404.25,0.550402,186.915,0.0292951,8.24715,0,0.00164743,110.065,45,-0.591151,-65.065,1661.32,1900.5,0.14397,239.18,1910.07,1982.5,0.0379201,72.4301,411.985,538.865,0.625566,0.542704,-0.082862,0.221299,2648,3234,0.221299,0.570479,1.22222,0.000187136,0.00640463,0.00621749,0.000187101,0.00636387,0.00617677,37413,34373.8,0.918765,7,218.75,nan,0,0,0.999733,0.999283,-0.00045012,3,0.148366,0.0306321,0.0598395,0,nan,nan,nan,1,0.993304,-0.624029,-0.571694
n4_s30000_f1.2_r1,4,30000,1.2,1,1,4,1.2,saturated,1200,748,816,0.372521,403.894,0.0539216,2.01287,-0.00653595,-0.0013675,1060.07,382.5,-0.639175,-677.57,1895.82,1827.5,-0.0360372,-68.32,1980.22,1973.42,-0.00343144,-6.795,1055.88,651.996,0.376667,0.32,-0.0566667,0.0909091,5984,6528,0.0909091,0.0698448,0.199074,0.000808105,0.0005994,-0.000208705,0.000807452,0.00059904,-0.000208412,50777,48410.8,0.953399,41,29,-0.292683,0,0,0.998183,0.999317,0.0011354,1,0.0697674,0.0711262,-0.0233941,2,0.120547,-0.0056343,-0.160198,1,0.980985,-0.923647,-0.880849
n4_s30000_f1.2_r2,4,30000,1.2,1,2,4,1.2,light,1200,1200,1200,0.425833,4.21108,0.0025,0.0104167,0,0,72.5654,70,-0.0353529,-2.5654,105.065,105,-0.000618737,-0.0650076,105.065,105,-0.000618737,-0.0650076,76.9134,75.4542,0,0,0,0,9600,9600,0,0,0,0.00160157,0.00140059,-0.000200978,0.00159901,0.00139863,-0.000200376,19387,21807,1.12483,31,30.5,-0.016129,0,0,0.928083,0.828846,-0.106927,0,nan,nan,nan,1,0.913333,-0.000618737,-0.0720031,3,0.567778,-0.0353529,0.0374082
n4_s30000_f1.2_r3,4,30000,1.2,1,3,4,1.2,saturated,1200,361,399.25,0.751409,120.699,0.00501253,1.70426,0,-0.00015089,105.065,45,-0.571694,-60.065,1442.57,1662,0.15211,219.43,1904.57,1952.5,0.0251658,47.93,275.1,306.952,0.699167,0.667292,-0.031875,0.105956,2888,3194,0.105956,0.285377,2,7.57901e-05,0.00624346,0.00616767,7.57844e-05,0.00620472,0.00612893,39586,33643.8,0.84989,3,208.75,nan,0,0,0.9998,0.999317,-0.00048343,3,0.0527316,-0.00108516,-0.0070088,0,nan,nan,nan,1,1,-0.617233,-0.571694
n4_s4000_f0.1_r1,4,4000,0.1,0.625,1,4,0.101333,light,760,760,760,0.352632,1.90863,0.00131579,0.00657895,0,0,32.5664,30,-0.0788051,-2.5664,45.0664,42.5,-0.0569471,-2.5664,50.0664,42.5,-0.151127,-7.5664,33.9481,32.0395,0,0,0,0,810.667,810.667,0,0,0,0.0109211,0.000726099,-0.010195,0.011609,0.000725572,-0.0108834,4910,3101,0.631568,57,2.25,-0.960526,0,0,0.196433,0.131154,-0.332322,1,0.695153,-0.106512,-0.119023,2,0.42487,-0.00192486,-0.00220838,1,0.58427,-0.134865,-0.0788051
n4_s4000_f0.1_r2,4,4000,0.1,0.625,2,4,0.104533,light,784,784,784,0.294324,1.20335,0.00382653,0.0191327,0,0,27.5664,27.5,-0.00240873,-0.0664,37.5664,35,-0.0683164,-2.5664,37.5664,35,-0.0683164,-2.5664,29.0557,29.2474,0,0,0,0,836.267,836.267,0,0,0,0.0018622,0.00197517,0.000112972,0.00185874,0.00197128,0.00011254,3766,2663.25,0.707183,7,5.25,nan,0,0,0.133867,0.082375,-0.384649,0,nan,nan,nan,1,0.691832,-0.0683164,-0.0731869,3,0.396478,-0.0788051,-0.00240873
n4_s4000_f0.1_r3,4,4000,0.1,0.625,3,4,0.0976,light,732,732,732,0.214139,4.29966,0.00409836,0.0853825,0,0,45.0664,42.5,-0.0569471,-2.5664,85.0664,75,-0.118336,-10.0664,87.5664,77.5,-0.114957,-10.0664,48.632,44.5492,0,0,0,0,780.8,780.8,0,0,0,0.00594707,0.00606638,0.000119313,0.00591191,0.0060298,0.000117892,6766,5804.5,0.857892,40,35,-0.125,0,0,0.420333,0.341767,-0.186915,3,0.215722,-0.118336,-0.131438,0,nan,nan,nan,1,0.847297,0.0970861,-0.00264896
n4_s4000_f0.3_r1,4,4000,0.3,1,1,4,0.16,light,1200,1200,1200,0.731458,2.30723,0.0025,0.0104167,0,0,35.0664,32.5,-0.0731869,-2.5664,45.0664,42.5,-0.0569471,-2.5664,50.0664,42.5,-0.151127,-7.5664,36.6292,34.3828,0,0,0,0,1280,1280,0,0,0,0.00725639,0.000601713,-0.00665468,0.00799817,0.000601351,-0.00739682,8752,5404.5,0.617516,70,3.25,-0.953571,0,0,0.286667,0.205096,-0.284549,1,0.996667,-0.151127,-0.0569471,2,0.977917,-0.0732424,-0.0731869,1,0.971667,-0.144507,-0.0788362
n4_s4000_f0.3_r2,4,4000,0.3,1,2,4,0.16,light,1200,1200,1200,0.36375,1.31216,0.0025,0.00833334,0,0,30.0664,30,-0.00220838,-0.0663981,37.5664,35,-0.0683164,-2.5664,37.5664,35,-0.0683164,-2.5664,31.0187,30.6432,0,0,0,0,1280,1280,0,0,0,0.000771962,0.00194326,0.00117129,0.000771367,0.00193949,0.00116812,6482,4511.5,0.696004,5,8.75,nan,0,0,0.203217,0.125329,-0.383273,0,nan,nan,nan,1,1,-0.0683164,-0.0683164,3,0.485,-0.0788051,0.088238
n4_s4000_f0.3_r3,4,4000,0.3,1,3,4,0.16,light,1200,1200,1200,0.256667,9.21484,0.00666667,0.0333333,0,0,61.3164,45,-0.266102,-16.3164,85.0664,75,-0.118336,-10.0664,87.5664,77.5,-0.114957,-10.0664,55.6664,46.4516,0,0,0,0,1280,1280,0,0,0,0.00405418,0.00447379,0.000419611,0.00403781,0.00445386,0.000416055,10897,8139,0.746903,44,36.25,-0.176136,0,0,0.6741,0.547808,-0.187349,3,0.342222,-0.118336,-0.276525,0,nan,nan,nan,1,0.995,-0.0930988,-0.00264896
n64_s30000_f0.1_r1,64,30000,0.1,0.0052,1,4,0.097,moderate,97,96,97,0.123711,4.05367,0.0206186,0.257732,0,0,65.0654,65,-0.00100514,-0.0654,149.44,150.625,0.0079296,1.185,230.19,205.65,-0.106608,-24.54,76.0028,74.8454,0.0103093,0,-0.0103093,0.0104167,768,776,0.0104167,0,0,0.0306356,0.00707689,-0.0235587,0.0474739,0.00702716,-0.0404467,2296,2099,0.914199,109,14.75,-0.864679,16,0,0.165683,0.1446,-0.127251,19,0.233902,0.0176728,-0.122508,24,0.243243,0.0263023,0.0422928,21,0.444444,0.0730344,0.123164
n64_s30000_f0.1_r2,64,30000,0.1,0.0052,2,4,0.122,light,122,122,122,0.139344,13.6143,0.0163934,0.409835,0.0192308,-0.0093734,70.0654,65,-0.0722953,-5.0654,280.815,255,-0.0919288,-25.815,827.74,577.5,-0.302317,-250.24,109.348,96.1629,0,0,0,0,976,976,0,0,0,0.0221088,0.0047612,-0.0173476,0.0221729,0.00481232,-0.0173606,3608,3376.75,0.935906,80,16.25,-0.796875,0,0,0.228967,0.204279,-0.107821,29,0.195652,-0.133819,-0.101648,13,0.217391,-0.0265177,0.0422928,22,0.320755,-0.0484657,0.0571967
n64_s30000_f0.1_r3,64,30000,0.1,0.0052,3,4,0.119,light,119,119,119,0.105042,11.1791,0.0168067,0.567227,0,-0.00232019,67.5654,65,-0.0379691,-2.5654,313.815,220.625,-0.296958,-93.19,421.915,362.5,-0.140822,-59.415,99.267,88.4664,0,0,0,0,952,952,0,0,0,0.015142,0.00988677,-0.00525519,0.0149161,0.00978998,-0.00512612,3218,2987.75,0.928449,48,29.25,-0.390625,0,0,0.229433,0.206258,-0.10101,23,0.215909,-0.142915,-0.11416,22,0.1875,-0.0686206,0.020141,19,0.233871,-0.0427101,-0.00153646
n64_s30000_f0.3_r1,64,30000,0.3,0.0156,1,4,0.3,moderate,300,296,300,0.0866667,7.40642,0.0133333,0.583333,-0.0169492,0.0195674,70.0654,72.5,0.0347475,2.4346,273.19,247.5,-0.0940372,-25.69,357.94,327.6,-0.0847628,-30.34,101.087,97.2687,0.0133333,0,-0.0133333,0.0135135,2368,2400,0.0135135,0,4,0.0207367,0.00666285,-0.0140739,0.0355263,0.00673774,-0.0287886,7600,8348.5,1.09849,270,56.25,-0.791667,48,0,0.4898,0.431404,-0.119224,19,0.189024,-0.0701853,0.0334429,24,0.149554,-0.160557,-0.000933414,21,0.254902,-0.118544,0.18751
n64_s30000_f0.3_r2,64,30000,0.3,0.0156,2,4,0.318,moderate,318,313,318,0.188503,66.6335,0.0125786,1.4544,0,-0.000550863,115.065,87.5,-0.23956,-27.565,785.565,681.125,-0.132949,-104.44,1244.27,1175,-0.0556712,-69.27,232.701,166.57,0.0157233,0,-0.0157233,0.0159744,2504,2544,0.0159744,0,0.6,0.00975397,0.00524897,-0.004505,0.0103019,0.00525666,-0.00504519,13881,14172.5,1.021,143,74.5,-0.479021,2,0,0.687217,0.626387,-0.0885153,29,0.180498,-0.100356,-0.289094,13,0.260369,-0.60976,-0.0863971,22,0.223214,-0.828407,0.071803
n64_s30000_f0.3_r3,64,30000,0.3,0.0156,3,4,0.318,light,318,316,317.5,0.153454,61.9438,0.0145626,4.79788,0,0.00373462,103.816,90,-0.133082,-13.816,749.44,572.75,-0.235763,-176.69,1280.45,1280.6,0.000121052,0.155,227.953,168.307,0.00628931,0.00157233,-0.00471698,0.00474684,2528,2540,0.00474684,0,0.25,0.00669595,0.010587,0.00389106,0.00693551,0.0104932,0.00355769,13986,14461.8,1.03402,97,151.75,0.564433,0,0,0.669233,0.599146,-0.104728,23,0.160969,-0.26056,-0.209494,22,0.229911,-0.701457,-0.0284837,19,0.221875,-0.792842,0.0220123
n64_s30000_f0.6_r1,64,30000,0.6,0.0312,1,4,0.593,moderate,593,565,583,0.287671,189.757,0.0120069,4.57976,0,-0.014889,342.565,120,-0.649701,-222.565,1226.57,926.125,-0.244947,-300.445,1699.97,1412.68,-0.169,-287.295,448.712,259.026,0.0472175,0.0168634,-0.0303541,0.0318584,4520,4664,0.0318584,0,1.6,0.00319579,0.00897715,0.00578136,0.00548507,0.00891307,0.003428,39015,31386.5,0.804473,214,279.75,0.307243,38,0,0.948667,0.865888,-0.0872584,19,0.259286,-0.212875,-0.41017,24,0.355324,-0.469599,-0.55118,21,0.438442,-0.756479,-0.569403
n64_s30000_f0.6_r2,64,30000,0.6,0.0312,2,4,0.591,saturated,591,447,502.25,0.363565,330.054,0.0159801,10.2685,-0.0122449,-0.0148918,707.565,302.5,-0.572477,-405.065,1660.57,1317.5,-0.206598,-343.07,1916.27,1784.6,-0.0687116,-131.67,797.226,467.239,0.243655,0.150169,-0.0934856,0.123602,3576,4018,0.123602,0,5.75,0.000778339,0.00639768,0.00561935,0.000777734,0.00637165,0.00559391,60432,50928.8,0.842745,47,324.5,5.90426,0,0,0.997783,0.997317,-0.000467703,29,0.410176,-0.125126,-0.34346,13,0.633333,-0.464266,-0.559612,22,0.69686,-0.653307,-0.765097
n64_s30000_f0.6_r3,64,30000,0.6,0.0312,3,4,0.576,moderate,576,463,518.5,0.390535,308.706,0.00954796,4.1036,0,0.00699124,617.565,235,-0.619473,-382.565,1759.32,1455,-0.172976,-304.32,1931.02,1793.17,-0.0713846,-137.845,735.612,426.908,0.196181,0.0998264,-0.0963542,0.11987,3704,4148,0.11987,0,4,0.00133869,0.0123239,0.0109852,0.0013369,0.0121791,0.0108422,58344,46842.5,0.802867,78,570.5,6.3141,0,0,0.990133,0.956638,-0.0338296,23,0.285334,-0.10026,-0.356806,22,0.471093,-0.430294,-0.657729,19,0.598765,-0.680635,-0.755526
n64_s30000_f0.9_r1,64,30000,0.9,0.0469,1,4,0.892,saturated,892,550,646,0.251641,250.472,0.0244171,8.47336,-0.0109091,0.0103254,976.316,685,-0.298383,-291.316,1856.94,1771.75,-0.0458791,-85.195,1963.85,1962.5,-0.000684881,-1.345,1018.05,767.829,0.383408,0.275785,-0.107623,0.174545,4400,5168,0.174545,0.166667,2,0.000311931,0.0112409,0.0109289,0.000311833,0.0111203,0.0108084,60930,56765.8,0.931655,19,631.25,nan,0,0,0.997967,0.997767,-0.000200407,19,0.190463,0.00455745,-0.134105,24,0.341993,-0.0391665,-0.306996,21,0.506279,-0.298526,-0.463819
n64_s30000_f0.9_r2,64,30000,0.9,0.0469,2,4,0.923,saturated,923,467,535.75,0.237332,179.945,0.00917143,3.86219,0.00353357,0.00682114,950.067,710,-0.252684,-240.067,1868.57,1775,-0.0500757,-93.57,1963.42,1962.9,-0.000264844,-0.52,1017.35,837.507,0.494041,0.419556,-0.0744854,0.147216,3736,4286,0.147216,0,5,0.000540824,0.00747208,0.00693125,0.000556421,0.00742482,0.0068684,62902,60843.2,0.967271,35,451.75,11.9071,0,0,0.998,0.999283,0.00128591,29,0.282758,0.00545988,-0.100876,13,0.361839,-0.0566683,-0.222876,22,0.412698,-0.23317,-0.363692
n64_s30000_f0.9_r3,64,30000,0.9,0.0469,3,4,0.872,saturated,872,483,535,0.227509,209.065,0.0126029,6.70005,0.00595245,0.00056607,1047.57,841.25,-0.196951,-206.32,1852.07,1770.13,-0.044245,-81.9449,1963.02,1957.5,-0.00281193,-5.51988,1081.54,872.577,0.446101,0.386468,-0.059633,0.10766,3864,4280,0.10766,0.0384615,2.375,0.0012192,0.0153318,0.0141126,0.00121771,0.0151083,0.0138906,62412,61274.2,0.98177,76,925.75,11.1809,0,0,0.995167,0.999333,0.0041869,23,0.452895,0.00588394,-0.169274,22,0.348416,-0.0468271,-0.211256,19,0.499028,-0.267685,-0.386263
n64_s30000_f1.2_r1,64,30000,1.2,0.0625,1,4,1.18,saturated,1180,493,578.5,0.22795,153.787,0.00874016,2.95689,-0.00641852,-0.00751677,1155.07,967.5,-0.162388,-187.57,1856.07,1855.87,-0.00010508,-0.195037,1953.37,1985,0.0161925,31.63,1147.43,995.486,0.582203,0.509746,-0.0724576,0.173428,3944,4628,0.173428,0.125,4,0.000267805,0.0106113,0.0103435,0.000314966,0.0104999,0.010185,63499,61405.2,0.967027,20,644.75,31.2375,1,0,0.998783,0.999317,0.000533983,19,0.426471,0.0659125,0.293025,24,0.233198,0.0149382,-0.103373,21,0.364878,-0.112426,-0.263141
n64_s30000_f1.2_r2,64,30000,1.2,0.0625,2,4,1.21,saturated,1210,444,515.75,0.27623,183.457,0.0116505,3.75243,0.00277015,0.00374851,1126.32,902.5,-0.198718,-223.82,1884.32,1807.5,-0.040768,-76.8199,1971.49,1955,-0.00836681,-16.4951,1173.28,989.829,0.633058,0.57376,-0.0592975,0.161599,3552,4126,0.161599,0.117647,3,0.000346037,0.00727801,0.00693197,0.000377353,0.00722542,0.00684807,63601,62072.5,0.975967,24,448.5,17.6875,0,0,0.998783,0.9993,0.000517296,29,0.386905,0.0261455,0.604737,13,0.430231,-0.0738226,-0.156823,22,0.380564,-0.0614579,-0.282976
n64_s30000_f1.2_r3,64,30000,1.2,0.0625,3,4,1.156,saturated,1156,429,493.75,0.273562,164.764,0.0185744,6.57899,-0.00379744,-0.00735097,1155.07,987.5,-0.145073,-167.57,1904.07,1860.75,-0.0227513,-43.32,1971.87,1980,0.00412293,8.12988,1195.7,1031.22,0.628893,0.572881,-0.0560121,0.150932,3432,3950,0.150932,0.138095,6,0.00132319,0.0154266,0.0141034,0.00132144,0.0152239,0.0139024,63567,62254.2,0.979349,84,947.75,10.2827,0,0,0.9951,0.999333,0.00425418,23,0.723077,0.123908,0.268441,22,0.371398,-0.0178787,-0.140883,19,0.452313,-0.0978433,-0.279305
n64_s4000_f0.1_r1,64,4000,0.1,0.0391,1,4,0.0982667,moderate,737,728,737,0.167342,2.0477,0.00407056,0.078019,0,0,32.5664,35,0.0747273,2.4336,60.0664,57.5,-0.042726,-2.5664,84.3914,72.5,-0.140908,-11.8914,36.4744,36.9547,0.0122117,0,-0.0122117,0.0123626,776.533,786.133,0.0123626,0,1,0.0118203,0.00888984,-0.00293049,0.0193888,0.00881151,-0.0105773,4745,4709.75,0.992571,92,41.5,-0.548913,13,0,0.219783,0.151058,-0.312694,19,0.155005,-0.0917213,-0.0569471,24,0.194862,-0.101194,0.0747273,21,0.383399,0.0647813,0.0882815
n64_s4000_f0.1_r2,64,4000,0.1,0.0391,2,4,0.101333,light,760,759,760,0.15994,3.09123,0.00657895,0.0986842,0,0,32.5664,35,0.0747273,2.4336,77.5664,70,-0.0975474,-7.5664,107.566,92.5,-0.140063,-15.066,39.994,40.0107,0.00131579,0,-0.00131579,0.00131752,809.6,810.667,0.00131752,0,0.1,0.0114296,0.00658957,-0.00484004,0.0139535,0.00663256,-0.00732092,5590,5767,1.03166,78,38.25,-0.509615,1,0,0.27335,0.202792,-0.258125,29,0.131343,-0.158483,-0.00139594,13,0.303519,-0.096381,0.16409,22,0.340741,-0.0640537,0.0882815
n64_s4000_f0.1_r3,64,4000,0.1,0.0391,3,4,0.0953333,light,715,715,715,0.13986,2.59702,0.00699301,0.132867,0,0,35.0664,35,-0.00189355,-0.0664,70.0664,62.5,-0.107989,-7.5664,97.5664,85,-0.128798,-12.5664,39.2413,39.472,0,0,0,0,762.667,762.667,0,0,0,0.00793808,0.0114471,0.00350902,0.00787557,0.0113176,0.00344199,5079,5301.5,1.04381,40,60,0.5,0,0,0.244417,0.176779,-0.27673,23,0.138996,-0.114225,-0.00139594,22,0.222656,-0.0662394,-0.00189355,19,0.43,-0.00176754,0.0882815
n64_s4000_f0.3_r1,64,4000,0.3,0.1172,1,4,0.297067,light,2228,2219,2228,0.13343,5.27851,0.0040395,0.10772,0,0,47.5664,50,0.0511622,2.4336,97.5664,87.5,-0.103175,-10.0664,167.116,109.725,-0.34342,-57.391,53.3585,52.6795,0.0040395,0,-0.0040395,0.00405588,2366.93,2376.53,0.00405588,0,0.409091,0.0056994,0.00959239,0.00389299,0.00727449,0.00951366,0.00223917,18558,19945,1.07474,135,189.75,0.405556,10,0,0.628783,0.471471,-0.250186,19,0.202348,-0.338991,-0.100796,24,0.138628,-0.0674922,0.0511622,21,0.29931,0.0462957,0.151494
n64_s4000_f0.3_r2,64,4000,0.3,0.1172,2,4,0.297067,light,2228,2228,2228,0.108169,13.3429,0.00224417,0.173923,0,0,51.3171,50,-0.0256659,-1.3171,192.566,112.5,-0.415785,-80.066,326.892,195,-0.403473,-131.892,70.0956,59.6558,0,0,0,0,2376.53,2376.53,0,0,0,0.00189522,0.00750471,0.00560949,0.00197554,0.00748009,0.00550455,23791,23796.5,1.00023,47,178,2.78723,0,0,0.780033,0.609271,-0.218917,29,0.165025,-0.329029,-0.0975474,13,0.15625,-0.15695,-0.00139594,22,0.271992,-0.125967,0.151494
n64_s4000_f0.3_r3,64,4000,0.3,0.1172,3,4,0.29,light,2175,2175,2175,0.105747,8.86315,0.00643678,0.14023,0,0,50.0664,50,-0.00132624,-0.0664,155.066,97.5,-0.371235,-57.566,263.218,157.525,-0.401542,-105.693,61.2745,56.0609,0,0,0,0,2320,2320,0,0,0,0.00512545,0.0144928,0.0093673,0.00514763,0.0142857,0.00913808,20592,21787.5,1.05806,106,311.25,1.93632,0,0,0.701417,0.535804,-0.236111,23,0.184783,-0.427014,-0.0975474,22,0.123856,-0.00088455,0.0511622,19,0.302946,-0.00126324,0.0747273
n64_s4000_f0.6_r1,64,4000,0.6,0.2344,1,4,0.6048,moderate,4536,4390,4511,0.464198,124.101,0.00310352,0.731545,0,0,135.066,67.5,-0.500244,-67.566,842.567,315,-0.626142,-527.567,1438.39,791.425,-0.449786,-646.97,230.127,106.03,0.0321869,0.00551146,-0.0266755,0.0275626,4682.67,4811.73,0.0275626,0,2.375,0.000316519,0.0105821,0.0102656,0.000333067,0.0104713,0.0101382,60048,50877.2,0.847276,20,532.75,25.6375,0,0,0.997367,0.964533,-0.03292,19,0.581559,-0.514248,-0.700735,24,0.767513,-0.577034,-0.50916,21,0.611015,-0.470863,-0.400531
n64_s4000_f0.6_r2,64,4000,0.6,0.2344,2,4,0.597867,moderate,4484,3895,4106.5,0.526622,98.9865,0.00456965,2.40436,0,0.00328053,165.066,62.5,-0.621364,-102.566,1059.07,920,-0.131313,-139.07,1735.22,1720,-0.00877115,-15.2199,290.295,191.483,0.131356,0.0841882,-0.0471677,0.0543004,4154.67,4380.27,0.0543004,0,8,0.000391862,0.00671113,0.00631926,0.000424337,0.00666639,0.00624205,61272,59477.5,0.970713,26,396.5,14.25,0,0,0.998383,0.999333,0.000951538,29,0.495225,-0.0587331,-0.479455,13,0.900763,-0.607935,-0.647196,22,0.851684,-0.526542,-0.54087
n64_s4000_f0.6_r3,64,4000,0.6,0.2344,3,4,0.593067,moderate,4448,3918,4191.25,0.510705,118.96,0.00345265,1.20653,0,-0.00940439,170.066,67.5,-0.603095,-102.566,1190.82,795,-0.332393,-395.82,1748.79,1510,-0.136548,-238.795,289.189,170.233,0.119155,0.0577226,-0.0614321,0.0697422,4179.2,4470.67,0.0697422,0,2.09615,0.00103854,0.0144399,0.0134014,0.00103746,0.0142386,0.0132012,60725,58538,0.963985,63,833.5,12.2302,0,0,0.995717,0.997846,0.00213833,23,0.460924,-0.187566,-0.542169,22,0.857539,-0.61936,-0.619866,19,0.795069,-0.526535,-0.528126
n64_s4000_f0.9_r1,64,4000,0.9,0.3516,1,4,0.904267,saturated,6782,5087,5328.75,0.461152,117.598,0.00236527,1.39564,0,-0.00682594,250.066,110,-0.560116,-140.066,1550.07,1465,-0.0548814,-85.07,1922.92,1879.65,-0.0225023,-43.2701,448.674,331.085,0.249926,0.21428,-0.0356458,0.0475231,5426.13,5684,0.0475231,0,1,0.000274092,0.0115312,0.0112571,0.000274017,0.0114038,0.0111298,62040,60922.8,0.981991,17,694.75,nan,0,0,0.998783,0.999333,0.00055067,19,0.134133,-0.0143776,-0.165337,24,0.375137,-0.186637,-0.435162,21,0.853791,-0.441574,-0.66683
n64_s4000_f0.9_r2,64,4000,0.9,0.3516,2,4,0.899333,saturated,6745,4549,4860,0.486075,103.354,0.0044414,3.2738,0,0.00951613,237.567,107.5,-0.547496,-130.067,1590.07,1557.5,-0.0204834,-32.57,1876.37,1912.5,0.0192553,36.13,466.048,364.6,0.325574,0.279466,-0.0461082,0.0683667,4852.27,5184,0.0683667,0,1.66667,0.000206218,0.00802124,0.00781502,0.000206176,0.00795741,0.00775123,63053,61420.8,0.974113,13,488.75,nan,0,0,0.99905,0.999333,0.000283603,29,0.0817823,0.0173648,-0.115271,13,0.452446,-0.340016,-0.511841,22,0.854148,-0.401927,-0.689801
n64_s4000_f0.9_r3,64,4000,0.9,0.3516,3,4,0.897867,saturated,6734,4651,5006.25,0.445639,129.537,0.0040305,2.76754,-0.016129,0.0108089,265.068,152.5,-0.424676,-112.568,1685.07,1447.5,-0.140985,-237.57,1932.57,1888.8,-0.0226486,-43.77,499.927,370.39,0.309326,0.256571,-0.0527547,0.0763814,4961.07,5340,0.0763814,0,2,0.0014283,0.0164127,0.0149844,0.00142627,0.0161597,0.0147334,63803,61464.8,0.963352,91,993.25,9.91484,0,0,0.994117,0.999333,0.00524754,23,0.109456,-0.0130909,-0.151239,22,0.364118,-0.30175,-0.379981,19,0.860999,-0.407218,-0.689796
n64_s4000_f1.2_r1,64,4000,1.2,0.4688,1,4,1.2188,saturated,9141,5182,5534.25,0.343388,78.9367,0.00367784,1.99001,0,0.00649818,357.568,262.5,-0.265874,-95.068,1740.07,1735.5,-0.00262633,-4.57,1953.04,1945,-0.00411915,-8.04488,614.253,535.459,0.433104,0.394568,-0.0385352,0.0679757,5527.47,5903.2,0.0679757,0.0810367,4,0.00026683,0.0103513,0.0100845,0.000266759,0.0102533,0.0099865,63728,62151,0.975254,17,637.25,nan,0,0,0.998917,0.999333,0.000417119,19,0.075882,-0.000363267,0.00201231,24,0.0803713,-0.00534907,-0.0918746,21,0.610465,-0.407693,-0.479067
n64_s4000_f1.2_r2,64,4000,1.2,0.4688,2,4,1.19613,saturated,8971,4702,5121,0.37811,86.3276,0.00480894,2.7291,0.0128205,-0.00104524,287.567,195,-0.321898,-92.5675,1677.44,1675,-0.00145757,-2.445,1935.04,1937.5,0.0012687,2.455,555.541,469.822,0.475867,0.429161,-0.0467061,0.089111,5015.47,5462.4,0.089111,0.112805,1.5,0.000295614,0.0086312,0.00833558,0.000295527,0.00855734,0.00826181,64292,63103.8,0.981518,19,540,nan,0,0,0.99885,0.999333,0.00048389,29,0.0685406,0.00727078,-0.00783081,13,0.123564,-0.0207805,-0.167545,22,0.60877,-0.490541,-0.520177
n64_s4000_f1.2_r3,64,4000,1.2,0.4688,3,4,1.2,saturated,9000,4654,5056.25,0.350229,64.2974,0.00620329,3.02904,0,0,320.066,255,-0.203289,-65.066,1765.94,1755,-0.00619788,-10.9451,1950.07,1955,0.00252805,4.92988,600.109,536.092,0.482889,0.438194,-0.0446944,0.086431,4964.27,5393.33,0.086431,0.117048,1.33333,0.00143968,0.0158644,0.0144247,0.00142201,0.0156244,0.0142024,63994,63090.2,0.985878,91,985.75,9.83242,0,0,0.994117,0.999333,0.00524754,23,0.0890712,0.00258106,-0.0588172,22,0.0884796,-0.00564912,-0.0688481,19,0.625317,-0.351468,-0.50703
n8_s30000_f0.1_r1,8,30000,0.1,0.0417,1,4,0.102,light,102,102,102,0.35049,2.82968,0.00980392,0.0490196,0,0,52.5654,52.5,-0.00124424,-0.0654038,99.94,90,-0.0994599,-9.94002,132.49,117.5,-0.113141,-14.99,62.4428,62.549,0,0,0,0,816,816,0,0,0,0.0246775,0.00116891,-0.0235086,0.0256831,0.00116754,-0.0245155,1830,1713,0.936066,47,2,-0.957447,0,0,0.1312,0.115825,-0.117188,1,0.733333,-0.113642,-0.0775418,5,0.596154,0.0642651,-0.00124424,2,0.545455,0.31398,-0.00153646
n8_s30000_f0.1_r2,8,30000,0.1,0.0417,2,4,0.096,light,96,96,96,0.434896,1.37248,0.0104167,0.130208,0,0,47.5654,52.5,0.103743,4.9346,81.9404,84.25,0.0281863,2.3096,102.815,100.425,-0.0232456,-2.39,52.7216,53.5417,0,0,0,0,768,768,0,0,0,0.0014892,0.00316957,0.00168037,0.00148699,0.00315956,0.00167257,1345,1266,0.941264,2,4,nan,0,0,0.0941833,0.0831083,-0.11759,1,0.736842,-0.0236744,-0.000933414,2,0.565217,0.302866,0.0422928,5,0.773148,0.0225689,-0.00163233
n8_s30000_f0.1_r3,8,30000,0.1,0.0417,3,4,0.106,light,106,106,106,0.216981,7.34414,0.0188679,0.919811,0,0.0258824,70.0654,75,0.0704285,4.9346,289.44,275,-0.0498894,-14.44,339.315,322.5,-0.0495557,-16.815,110.796,105.2,0,0,0,0,848,848,0,0,0,0.0049674,0.00736731,0.00239991,0.00494285,0.00731343,0.00237058,3237,3350,1.03491,16,24.5,nan,0,0,0.238267,0.223396,-0.0624126,3,0.210526,-0.0601561,-0.0638651,3,0.420732,-0.0482083,-0.0366144,2,0.851852,0.497823,-0.00145122
n8_s30000_f0.3_r1,8,30000,0.3,0.125,1,4,0.3,light,300,299,300,0.187076,2.765,0.00666667,0.141667,0,0,70.0654,70,-0.000933414,-0.0654,157.565,137.875,-0.124964,-19.69,202.565,187.675,-0.0735075,-14.89,78.4433,77.5437,0.00333333,0,-0.00333333,0.00334448,2392,2400,0.00334448,0,0.0263158,0.0145544,0.00149595,-0.0130584,0.0154564,0.00149371,-0.0139627,6211,6360,1.02399,96,9.5,-0.901042,1,0,0.367967,0.331288,-0.0996807,1,0.452767,0.0205753,-0.130049,5,0.316845,0.0261462,-0.000933414,2,0.216216,0.373865,0.152278
n8_s30000_f0.3_r2,8,30000,0.3,0.125,2,4,0.29,light,290,290,290,0.282759,2.84545,0.0137931,0.258621,0,0,52.5654,55,0.0463156,2.4346,98.9402,102.5,0.0359795,3.55982,151.165,145.575,-0.0369795,-5.59,59.4533,60.9332,0,0,0,0,2320,2320,0,0,0,0.00170441,0.00494374,0.00323934,0.00170151,0.00491942,0.00321792,4114,4421.25,1.07468,7,21.75,nan,0,0,0.2711,0.239937,-0.114948,1,0.4375,-0.196785,-0.029297,2,0.273973,-0.000579575,0.0788711,5,0.473988,-0.0341755,0.0607656
n8_s30000_f0.3_r3,8,30000,0.3,0.125,3,4,0.304,light,304,304,304,0.150493,32.1151,0.00986842,0.756579,0,0,95.0654,77.5,-0.184772,-17.5654,560.315,500.625,-0.106529,-59.69,1111.62,762.5,-0.314064,-349.12,178.273,146.157,0,0,0,0,2432,2432,0,0,0,0.0032097,0.00829207,0.00508236,0.00319943,0.00822387,0.00502444,11252,10943.8,0.972605,36,90,1.5,0,0,0.69365,0.642092,-0.074329,3,0.152273,-0.270693,-0.209072,3,0.315315,-0.24528,-0.0944903,2,0.415663,-0.125568,-0.0843314
n8_s30000_f0.6_r1,8,30000,0.6,0.25,1,4,0.599,light,599,599,599,0.134808,9.28044,0.0066778,0.434057,0,0,95.0654,87.5,-0.079581,-7.5654,235.315,215,-0.086331,-20.315,325.065,317.75,-0.0225034,-7.31506,111.142,101.909,0,0,0,0,4792,4792,0,0,0,0.0084794,0.00144202,-0.00703738,0.00859473,0.00145647,-0.00713826,15940,15105,0.947616,137,22,-0.839416,0,0,0.706133,0.650454,-0.0788508,1,0.239437,-0.0387719,-0.160763,5,0.165775,0.0735298,-0.079581,2,0.175325,-0.0897958,-0.104256
n8_s30000_f0.6_r2,8,30000,0.6,0.25,2,4,0.615,light,615,615,615,0.121545,2.69102,0.00650407,0.292683,0,0.0208333,67.5654,67.5,-0.000967951,-0.0654,140.065,120,-0.143255,-20.065,192.215,194.55,0.0121471,2.33486,74.728,72.9278,0,0,0,0,4920,4920,0,0,0,0.00213632,0.00652917,0.00439285,0.00213176,0.00648682,0.00435505,9851,10675.5,1.0837,21,69.25,2.29762,0,0,0.553733,0.498025,-0.100605,1,0.271605,0.0217329,-0.0482083,2,0.143791,0.0817768,-0.0284837,5,0.196194,-0.0284837,-0.00118768
n8_s30000_f0.6_r3,8,30000,0.6,0.25,3,4,0.609,saturated,609,475,509.25,0.456216,96.8591,0.00982318,1.67485,0,0,200.067,95,-0.525159,-105.067,1004.07,1007.5,0.00341959,3.4335,1589.17,1697.5,0.0681677,108.33,297.755,207.138,0.220033,0.163793,-0.0562397,0.0721053,3800,4074,0.0721053,0,2.975,0.000320674,0.00968184,0.00936117,0.000320572,0.009589,0.00926843,43672,27062.2,0.61967,14,259.5,nan,0,0,0.999667,0.996154,-0.00351367,3,0.329533,0.00943401,-0.367694,3,0.592795,-0.446611,-0.571557,2,0.668269,-0.503477,-0.570302
n8_s30000_f0.9_r1,8,30000,0.9,0.375,1,4,0.893,moderate,893,849,893,0.428469,70.0633,0.0111982,0.99944,0,-0.0176944,190.065,107.5,-0.434404,-82.565,666.566,921.125,0.381897,254.559,1660.17,1484.67,-0.105709,-175.495,255.525,210.689,0.0492721,0,-0.0492721,0.0518257,6792,7144,0.0518257,0,0.666667,0.00233095,0.00140531,-0.000925639,0.002436,0.00143012,-0.00100588,45156,27969.8,0.619403,110,40,-0.636364,1,0,0.982483,0.976754,-0.00583131,1,0.151515,-0.153299,-0.0532675,5,0.473166,-0.268668,-0.443221,2,0.561384,-0.306867,-0.483557
n8_s30000_f0.9_r2,8,30000,0.9,0.375,2,4,0.928,light,928,928,928,0.180226,13.5024,0.00646552,0.63847,0,-0.00767872,87.5654,75,-0.143497,-12.5654,229.191,210,-0.0837339,-19.1911,346.016,295,-0.147437,-51.0155,105.728,92.2259,0,0,0,0,7424,7424,0,0,0,0.00185019,0.00573542,0.00388523,0.00184677,0.00570271,0.00385594,17869,18017.8,1.00832,33,102.75,2.11364,0,0,0.8188,0.753483,-0.0797712,1,0.189076,-0.188874,-0.243329,2,0.241736,-0.0835892,-0.17689,5,0.272046,-0.130926,-0.17316
n8_s30000_f0.9_r3,8,30000,0.9,0.375,3,4,0.908,saturated,908,569,627.75,0.3449,134.676,0.00807824,5.18787,0.0594595,-0.0160934,387.565,237.5,-0.3872,-150.065,1619.07,1675,0.0345445,55.93,1914.87,1932,0.00894583,17.1301,588.414,455.415,0.373348,0.308645,-0.0647026,0.103251,4552,5022,0.103251,0.261413,2,3.28558e-05,0.00976772,0.00973487,3.28547e-05,0.00967324,0.00964038,60874,51482.2,0.845718,2,498,nan,0,0,0.999717,0.9993,-0.000416785,3,0.262049,0.00257096,-0.280797,3,0.317614,0.040471,-0.389573,2,0.782427,-0.433215,-0.653965
n8_s30000_f1.2_r1,8,30000,1.2,0.5,1,4,1.222,saturated,1222,791,878.75,0.14338,96.4049,0.00877213,4.13494,-0.00184162,0.0124829,815.065,677.5,-0.168778,-137.565,1856.32,1842.5,-0.0074449,-13.8201,1980.57,1962.5,-0.00912364,-18.07,895.507,803.04,0.3527,0.280892,-0.0718085,0.110936,6328,7030,0.110936,0.0708761,0.403509,0.000461627,0.000623517,0.00016189,0.000461414,0.000623128,0.000161714,60683,57773,0.952046,28,36,0.285714,0,0,0.998233,0.999317,0.00108525,1,0.210526,-0.043911,0.105644,5,0.0534454,-0.00852188,0.0286973,2,0.430782,-0.461494,-0.565839
n8_s30000_f1.2_r2,8,30000,1.2,0.5,2,4,1.223,moderate,1223,1169,1216.25,0.394099,72.7366,0.0169998,10.8669,0,-0.295313,120.069,85,-0.292074,-35.069,1247.57,992,-0.204854,-255.57,1894.97,1665.9,-0.120883,-229.07,275.759,203.028,0.0441537,0.00551922,-0.0386345,0.0404192,9352,9730,0.0404192,0,0.482143,0.000800884,0.00459581,0.00379493,0.000800243,0.00457479,0.00377454,36239,28088.8,0.775097,29,128.5,3.43103,0,0,0.992233,0.976621,-0.0157347,1,0.108803,-0.0666055,0.0623953,2,0.335761,-0.628083,-0.412334,5,0.614829,-0.278996,-0.357553
n8_s30000_f1.2_r3,8,30000,1.2,0.5,3,4,1.19,saturated,1190,527,593.25,0.27222,114.182,0.015593,7.91439,0.0164474,0.0209951,575.067,385,-0.330513,-190.067,1804.32,1755,-0.0273345,-49.3201,1936.92,1934.6,-0.00119773,-2.31991,718.985,619.068,0.557143,0.501471,-0.0556723,0.125712,4216,4746,0.125712,0.22561,1.5,6.36679e-05,0.00920491,0.00914125,6.36639e-05,0.00912096,0.00905729,62830,59149.5,0.941421,4,539.5,nan,0,0,0.99965,0.999317,-0.00033345,3,0.146597,0.072577,0.0420862,3,0.108114,-0.0221764,-0.0295031,2,0.504032,-0.381461,-0.550651
n8_s4000_f0.1_r1,8,4000,0.1,0.3125,1,4,0.1004,light,753,753,753,0.185259,1.44387,0.00398406,0.0365206,0,0,32.5664,32.5,-0.00203891,-0.0664,47.5664,42.5,-0.106512,-5.0664,55.0664,45,-0.182805,-10.0664,33.4563,32.8478,0,0,0,0,803.2,803.2,0,0,0,0.00485866,0.00170018,-0.00315848,0.00505383,0.00177096,-0.00328288,4551,3388,0.744452,23,6,-0.73913,0,0,0.173267,0.113771,-0.343377,1,0.473118,-0.182805,-0.0602917,5,0.212284,-0.0602917,-0.00203891,2,0.239796,-0.0683164,0.0882815
n8_s4000_f0.1_r2,8,4000,0.1,0.3125,2,4,0.1036,light,777,777,777,0.234556,1.60926,0.00643501,0.0418276,0,0,27.5664,30,0.0882815,2.4336,42.5664,37.5,-0.119023,-5.0664,47.5664,42.5,-0.106512,-5.0664,30.2274,30.6459,0,0,0,0,828.8,828.8,0,0,0,0.0032163,0.00514291,0.00192661,0.00320598,0.00511659,0.00191061,3743,2980.5,0.796286,12,15.25,nan,0,0,0.145567,0.0927458,-0.362864,1,0.349515,-0.146867,-0.00189355,2,0.29902,-0.112421,-0.00203891,5,0.387766,-0.00203891,-0.00240873
n8_s4000_f0.1_r3,8,4000,0.1,0.3125,3,4,0.101467,light,761,761,761,0.123193,2.56533,0.0065703,0.111695,0,0,32.5664,35,0.0747273,2.4336,72.5664,67.5,-0.0698174,-5.0664,87.5664,77.5,-0.114957,-10.0664,39.6689,38.4371,0,0,0,0,811.733,811.733,0,0,0,0.00434625,0.0071984,0.00285215,0.00432744,0.00714696,0.00281951,5546,4792.25,0.864091,24,34.25,0.427083,0,0,0.297817,0.224538,-0.246055,3,0.239927,-0.118336,-0.0920053,3,0.185739,-0.049034,-0.00203891,2,0.459559,0.164054,0.0970861
n8_s4000_f0.3_r1,8,4000,0.3,0.9375,1,4,0.3008,light,2256,2256,2256,0.265847,3.156,0.0035461,0.0221631,0,0,42.5675,42.5,-0.00158572,-0.0675,65.0664,60,-0.077865,-5.0664,67.5664,60,-0.111985,-7.5664,45.2409,42.2545,0,0,0,0,2406.4,2406.4,0,0,0,0.00343661,0.000989859,-0.00244675,0.00373502,0.00098888,-0.00274614,19277,13399,0.695077,72,13.25,-0.815972,0,0,0.4785,0.343938,-0.281217,1,0.920455,-0.135962,-0.077865,5,0.207148,-0.137405,-0.00158572,2,0.628989,-0.15907,-0.188847
n8_s4000_f0.3_r2,8,4000,0.3,0.9375,2,4,0.301733,light,2263,2263,2263,0.361688,2.54224,0.00353513,0.0342466,0,0,35.0664,32.5,-0.0731869,-2.5664,57.5664,50,-0.131438,-7.5664,60.0664,50,-0.167588,-10.0664,38.8628,36.3707,0,0,0,0,2413.87,2413.87,0,0,0,0.000902903,0.00513545,0.00423254,0.000902089,0.00510921,0.00420712,14411,9786.25,0.679082,13,50,nan,0,0,0.404967,0.26655,-0.341798,1,0.930458,-0.125967,-0.0920053,2,0.594948,-0.137405,-0.0569701,5,0.580605,-0.0683164,-0.00203891
n8_s4000_f0.3_r3,8,4000,0.3,0.9375,3,4,0.3,light,2250,2250,2250,0.230556,8.90949,0.00311111,0.0688889,0,0,47.5664,42.5,-0.106512,-5.0664,107.566,95,-0.116821,-12.566,107.566,95,-0.116821,-12.566,56.9831,48.0736,0,0,0,0,2400,2400,0,0,0,0.00348046,0.00619002,0.00270956,0.00346839,0.00615194,0.00268355,19029,14101.2,0.74104,66,86.75,0.314394,0,0,0.890667,0.688921,-0.226511,3,0.42399,-0.116821,-0.222796,3,0.49378,-0.00132624,-0.167894,2,0.856383,-0.369303,-0.155571
n8_s4000_f0.6_r1,8,4000,0.6,1,1,4,0.32,light,2400,2400,2400,0.265417,3.76565,0.00166667,0.009375,0,0,42.5685,45,0.0571197,2.4315,65.0664,60,-0.077865,-5.0664,67.5664,60,-0.111985,-7.5664,46.2815,43.4526,0,0,0,0,2560,2560,0,0,0,0.00360629,0.000702787,-0.0029035,0.00383197,0.000702293,-0.00312968,20877,15307,0.733199,80,10.75,-0.865625,0,0,0.50475,0.36535,-0.276176,1,1,-0.113624,-0.077865,5,0.354167,-0.137405,0.0570949,2,0.837917,-0.167915,-0.157671
n8_s4000_f0.6_r2,8,4000,0.6,1,2,4,0.32,light,2400,2400,2400,0.617604,1.32479,0.00208333,0.0135417,0,0,32.5706,32.5,-0.0021676,-0.0706,55.0664,50,-0.0920053,-5.0664,57.5664,52.5,-0.0880097,-5.0664,38.6042,37.2794,0,0,0,0,2560,2560,0,0,0,0.00175516,0.00394046,0.0021853,0.00175208,0.00392499,0.00217291,15981,11465,0.717414,28,45,0.607143,0,0,0.396483,0.281463,-0.290103,1,1,-0.0880097,-0.0920053,2,0.77875,-0.0539541,-0.0292102,5,0.988167,-0.0731883,-0.00210326
n8_s4000_f0.6_r3,8,4000,0.6,1,3,4,0.32,light,2400,2400,2400,0.282813,8.97152,0.00458333,0.0479167,-0.0294118,0,47.5664,42.5,-0.106512,-5.0664,107.566,95,-0.116821,-12.566,107.566,95,-0.116821,-12.566,57.8873,48.9401,0,0,0,0,2560,2560,0,0,0,0.00369313,0.00624442,0.0025513,0.00367954,0.00620567,0.00252614,20383,14664,0.719423,75,91,0.213333,0,0,0.940267,0.732525,-0.220939,3,0.491944,-0.116821,-0.243786,3,0.594167,-0.0512599,-0.167894,2,0.94,-0.421861,-0.155571
