run,complete_frames,tail_completed_frac
n16_s30000_f0.1_r1,100,0.94
n16_s30000_f0.1_r2,102,0.9117647058823529
n16_s30000_f0.1_r3,107,0.9626168224299065
n16_s30000_f0.3_r1,290,0.9103448275862069
n16_s30000_f0.3_r2,281,0.9501779359430605
n16_s30000_f0.3_r3,295,0.8847457627118644
n16_s30000_f0.6_r1,549,0.7668488160291439
n16_s30000_f0.6_r2,558,0.8512544802867383
n16_s30000_f0.6_r3,549,0.3806921675774135
n16_s30000_f0.9_r1,811,0.24167694204685575
n16_s30000_f0.9_r2,827,0.31559854897218864
n16_s30000_f0.9_r3,708,0.3559322033898305
n16_s30000_f1.2_r1,948,0.11286919831223628
n16_s30000_f1.2_r2,983,0.1688708036622584
n16_s30000_f1.2_r3,804,0.3644278606965174
n16_s4000_f0.1_r1,706,0.9929178470254958
n16_s4000_f0.1_r2,698,0.9914040114613181
n16_s4000_f0.1_r3,744,0.9986559139784946
n16_s4000_f0.3_r1,2199,0.9863574351978172
n16_s4000_f0.3_r2,2262,0.9938107869142352
n16_s4000_f0.3_r3,2218,0.9697926059513075
n16_s4000_f0.6_r1,4438,0.9114465975664714
n16_s4000_f0.6_r2,4514,0.8967656180770935
n16_s4000_f0.6_r3,4015,0.8587795765877958
n16_s4000_f0.9_r1,4777,0.8804689135440653
n16_s4000_f0.9_r2,4777,0.8898890517060917
n16_s4000_f0.9_r3,4238,0.8102878716375649
n1_s30000_f0.1_r1,100,1.0
n1_s30000_f0.1_r2,106,1.0
n1_s30000_f0.1_r3,98,0.42857142857142855
n1_s30000_f0.3_r1,300,1.0
n1_s30000_f0.3_r2,300,1.0
n1_s30000_f0.3_r3,174,0.017241379310344827
n1_s4000_f0.1_r1,300,1.0
n1_s4000_f0.1_r2,300,1.0
n1_s4000_f0.1_r3,300,1.0
n2_s30000_f0.1_r1,110,0.9454545454545454
n2_s30000_f0.1_r2,89,1.0
n2_s30000_f0.1_r3,94,0.8085106382978723
n2_s30000_f0.3_r1,308,0.7987012987012987
n2_s30000_f0.3_r2,319,1.0
n2_s30000_f0.3_r3,295,0.5898305084745763
n2_s30000_f0.6_r1,598,0.5183946488294314
n2_s30000_f0.6_r2,600,1.0
n2_s30000_f0.6_r3,432,0.7060185185185185
n2_s4000_f0.1_r1,600,1.0
n2_s4000_f0.1_r2,600,1.0
n2_s4000_f0.1_r3,600,1.0
n32_s30000_f0.1_r1,115,0.9391304347826087
n32_s30000_f0.1_r2,108,0.9351851851851852
n32_s30000_f0.1_r3,107,0.9252336448598131
n32_s30000_f0.3_r1,292,0.8972602739726028
n32_s30000_f0.3_r2,288,0.9270833333333334
n32_s30000_f0.3_r3,285,0.8666666666666667
n32_s30000_f0.6_r1,573,0.7068062827225131
n32_s30000_f0.6_r2,578,0.7318339100346021
n32_s30000_f0.6_r3,556,0.552158273381295
n32_s30000_f0.9_r1,787,0.2363405336721728
n32_s30000_f0.9_r2,772,0.6593264248704663
n32_s30000_f0.9_r3,698,0.2922636103151863
n32_s30000_f1.2_r1,884,0.06900452488687783
n32_s30000_f1.2_r2,901,0.46503884572697
n32_s30000_f1.2_r3,775,0.20516129032258065
n32_s4000_f0.1_r1,741,0.9932523616734144
n32_s4000_f0.1_r2,731,0.9835841313269493
n32_s4000_f0.1_r3,726,0.9944903581267218
n32_s4000_f0.3_r1,2221,0.990094552003602
n32_s4000_f0.3_r2,2250,0.9826666666666667
n32_s4000_f0.3_r3,2230,0.979372197309417
n32_s4000_f0.6_r1,4533,0.7977057136554159
n32_s4000_f0.6_r2,4282,0.7898178421298458
n32_s4000_f0.6_r3,4280,0.4955607476635514
n32_s4000_f0.9_r1,5974,0.08838299296953465
n32_s4000_f0.9_r2,5820,0.44209621993127146
n32_s4000_f0.9_r3,5385,0.1862581244196843
n32_s4000_f1.2_r1,6768,0.007535460992907801
n32_s4000_f1.2_r2,6924,0.31022530329289427
n32_s4000_f1.2_r3,5878,0.16178972439605308
n4_s30000_f0.1_r1,100,0.99
n4_s30000_f0.1_r2,100,1.0
n4_s30000_f0.1_r3,93,0.8817204301075269
n4_s30000_f0.3_r1,305,0.9081967213114754
n4_s30000_f0.3_r2,321,0.9937694704049844
n4_s30000_f0.3_r3,265,0.44150943396226416
n4_s30000_f0.6_r1,616,0.6071428571428571
n4_s30000_f0.6_r2,637,0.9638932496075353
n4_s30000_f0.6_r3,388,0.3582474226804124
n4_s30000_f0.9_r1,826,0.24455205811138014
n4_s30000_f0.9_r2,928,0.8900862068965517
n4_s30000_f0.9_r3,450,0.25333333333333335
n4_s30000_f1.2_r1,960,0.007291666666666667
n4_s30000_f1.2_r2,1200,0.7433333333333333
n4_s30000_f1.2_r3,512,0.0625
n4_s4000_f0.1_r1,760,1.0
n4_s4000_f0.1_r2,784,1.0
n4_s4000_f0.1_r3,732,1.0
n4_s4000_f0.3_r1,1200,1.0
n4_s4000_f0.3_r2,1200,1.0
n4_s4000_f0.3_r3,1200,1.0
n64_s30000_f0.1_r1,96,0.8854166666666666
n64_s30000_f0.1_r2,122,0.9262295081967213
n64_s30000_f0.1_r3,119,0.9327731092436975
n64_s30000_f0.3_r1,296,0.8918918918918919
n64_s30000_f0.3_r2,315,0.8698412698412699
n64_s30000_f0.3_r3,318,0.8962264150943396
n64_s30000_f0.6_r1,580,0.7275862068965517
n64_s30000_f0.6_r2,543,0.8066298342541437
n64_s30000_f0.6_r3,545,0.7357798165137615
n64_s30000_f0.9_r1,765,0.36993464052287583
n64_s30000_f0.9_r2,690,0.5695652173913044
n64_s30000_f0.9_r3,694,0.39913544668587897
n64_s30000_f1.2_r1,845,0.2591715976331361
n64_s30000_f1.2_r2,776,0.48711340206185566
n64_s30000_f1.2_r3,757,0.3487450462351387
n64_s4000_f0.1_r1,728,0.9945054945054945
n64_s4000_f0.1_r2,759,0.9934123847167325
n64_s4000_f0.1_r3,715,0.9944055944055944
n64_s4000_f0.3_r1,2219,0.9837764758900406
n64_s4000_f0.3_r2,2228,0.9771095152603232
n64_s4000_f0.3_r3,2175,0.9825287356321839
n64_s4000_f0.6_r1,4456,0.4955116696588869
n64_s4000_f0.6_r2,4111,0.6387740209194843
n64_s4000_f0.6_r3,4140,0.486231884057971
n64_s4000_f0.9_r1,5725,0.21868995633187774
n64_s4000_f0.9_r2,5284,0.434330052990159
n64_s4000_f0.9_r3,5391,0.279168985345947
n64_s4000_f1.2_r1,6535,0.1710788064269319
n64_s4000_f1.2_r2,6013,0.3856643938134043
n64_s4000_f1.2_r3,6056,0.23910171730515192
n8_s30000_f0.1_r1,102,1.0
n8_s30000_f0.1_r2,96,1.0
n8_s30000_f0.1_r3,106,0.9622641509433962
n8_s30000_f0.3_r1,299,0.9364548494983278
n8_s30000_f0.3_r2,290,0.9896551724137931
n8_s30000_f0.3_r3,304,0.8421052631578947
n8_s30000_f0.6_r1,599,0.7796327212020033
n8_s30000_f0.6_r2,615,0.9284552845528455
n8_s30000_f0.6_r3,519,0.36801541425818884
n8_s30000_f0.9_r1,871,0.2606199770378875
n8_s30000_f0.9_r2,928,0.7780172413793104
n8_s30000_f0.9_r3,669,0.13303437967115098
n8_s30000_f1.2_r1,983,0.024415055951169887
n8_s30000_f1.2_r2,1199,0.4286905754795663
n8_s30000_f1.2_r3,724,0.13121546961325967
n8_s4000_f0.1_r1,753,1.0
n8_s4000_f0.1_r2,777,0.9961389961389961
n8_s4000_f0.1_r3,761,1.0
n8_s4000_f0.3_r1,2256,1.0
n8_s4000_f0.3_r2,2263,0.997348652231551
n8_s4000_f0.3_r3,2250,0.9768888888888889
n8_s4000_f0.6_r1,2400,1.0
n8_s4000_f0.6_r2,2400,1.0
n8_s4000_f0.6_r3,2400,0.9695833333333334
