arm,seed,E,R,steps,sent,delivered,timed_out,in_flight_at_end,delivery_ratio,delay_p50_ms,delay_p95_ms,delay_mean_ms,aoi_mean_s,aoi_p95_s,task_return,hazard_exposure,goals_per_robot,wall_s,build_s,ms_per_step
L0,0,8,16,300,6394,6391,3,0,0.9995308101345011,255.18798828125,370.33843994140625,261.7550964355469,0.5594270825386047,0.800000011920929,79.39790344238281,0.0,2.5390625,0.9957741979997081,0.047957948001567274,3.319247326665694
L0,1,8,16,300,6392,6388,4,0,0.9993742177722152,254.96408081054688,374.4874267578125,262.82110595703125,0.5622786283493042,0.800000011920929,84.08670043945312,0.0006770833279006183,2.7109375,0.6107005029989523,0.0007508099988626782,2.035668343329841
L0,2,8,16,300,6396,6394,2,0,0.9996873045653534,256.0096740722656,375.39410400390625,262.5218811035156,0.5597708225250244,0.800000011920929,84.06599426269531,0.002578125102445483,2.6328125,0.6032980479976686,0.0007463889996870421,2.010993493325562
L0,3,8,16,300,6394,6391,3,0,0.9995308101345011,255.8395538330078,367.4652099609375,261.5459289550781,0.5597968697547913,0.800000011920929,83.20846557617188,0.0,2.4296875,0.5973868020009832,0.0006944769993424416,1.9912893400032772
L0,4,8,16,300,6396,6393,2,1,0.999687255668491,254.5867919921875,370.5896301269531,261.5841979980469,0.558440089225769,0.800000011920929,82.40640258789062,0.004609375260770321,2.578125,0.6032478019988048,0.0007266120010172017,2.0108260066626826
L0-emp,0,8,16,300,6394,6391,3,0,0.9995308101345011,255.0003204345703,412.5,279.399169921875,0.5851094126701355,0.9000000357627869,79.66583251953125,0.0,2.5546875,0.6656653160025598,0.010869780002394691,2.2188843866751995
L0-emp,1,8,16,300,6392,6388,4,0,0.9993742177722152,255.0003204345703,417.50030517578125,280.3690490722656,0.5871197581291199,0.9000000357627869,84.18351745605469,0.0005468750023283064,2.7109375,0.6018117610001354,0.0007570119996671565,2.006039203333785
L0-emp,2,8,16,300,6396,6394,2,0,0.9996873045653534,255.0003204345703,419.99969482421875,280.1864929199219,0.5847968459129333,0.9000000357627869,84.23786926269531,0.0026041667442768812,2.640625,0.6051481140020769,0.000897347999853082,2.017160380006923
L0-emp,3,8,16,300,6394,6390,3,1,0.999530736743313,255.0003204345703,409.9998474121094,279.0684814453125,0.5845624804496765,0.9000000357627869,83.2581787109375,0.0,2.4375,0.596271402999264,0.000811671998235397,1.98757134333088
L0-emp,4,8,16,300,6396,6393,2,1,0.999687255668491,254.99993896484375,412.5,279.4775390625,0.5842135548591614,0.9000000357627869,82.81224060058594,0.0036197917070239782,2.5703125,0.592975090003165,0.0008551610007998534,1.976583633343883
