backend,cfg,cells,dl,E,R,robots,ms_per_step,ms_min,steps_timed,warm_s,peak_mib,gpu_util_before,gpu_util_after,gpu_mem_used_mib,status
triton,ul,1,0,256,16,4096,4.992,4.875,20,0.3,41.8,98,99,8016,ok
triton,ul,1,0,256,64,16384,8.534,8.082,20,0.1,149.6,99,99,8124,ok
triton,ul,1,0,256,100,25600,11.208,10.989,20,0.16,234.1,99,99,8216,ok
triton,ul,1,0,1024,16,16384,14.759,9.426,20,0.16,150.2,99,100,8124,ok
triton,ul,1,0,1024,64,65536,25.167,23.095,20,0.23,597.4,99,99,8620,ok
triton,ul,1,0,1024,100,102400,37.685,36.425,20,0.38,933.0,98,99,8994,ok
triton,ul,1,0,4096,16,65536,31.108,27.953,20,0.27,599.5,98,99,8620,ok
triton,ul,1,0,4096,64,262144,94.288,93.173,20,0.81,2385.0,98,99,10280,ok
triton,ul,1,0,4096,100,409600,154.899,148.96,20,1.3,3731.7,99,99,11568,ok
triton,ul_dl,1,1,256,16,4096,13.348,13.205,20,0.1,57.0,99,99,8034,ok
triton,ul_dl,1,1,256,64,16384,33.683,33.271,20,31.46,227.4,99,99,9632,ok
triton,ul_dl,1,1,256,100,25600,79.239,78.475,20,0.46,354.9,98,99,9866,ok
triton,ul_dl,1,1,1024,16,16384,50.687,45.328,20,0.3,228.0,99,100,9700,ok
triton,ul_dl,1,1,1024,64,65536,121.522,117.406,20,0.65,910.5,99,99,10482,ok
triton,ul_dl,1,1,1024,100,102400,307.438,301.461,20,1.62,1419.5,98,99,11064,ok
triton,ul_dl,1,1,4096,16,65536,171.531,167.628,20,1.01,912.9,99,99,10484,ok
triton,ul_dl,1,1,4096,64,262144,488.154,425.862,20,2.56,3631.4,99,99,12754,ok
triton,ul_dl,1,1,4096,100,409600,1124.134,1101.361,20,5.9,5681.0,99,99,13516,ok
