quantile,delay_steps,loss,l2_delivery_ratio,sample_within_deadline,n_sample
0.0,1.825,0.0,1.0,0.9972069052510182,55494
0.01,4.35,0.0,1.0,0.9972069052510182,55494
0.02,4.5000003051757815,0.0,1.0,0.9972069052510182,55494
0.03,4.574999694824219,0.0,1.0,0.9972069052510182,55494
0.04,4.625,0.0,1.0,0.9972069052510182,55494
0.05,4.65,0.0,1.0,0.9972069052510182,55494
0.06,4.675000305175781,0.0,1.0,0.9972069052510182,55494
0.07,4.7,0.0,1.0,0.9972069052510182,55494
0.08,4.725,0.0,1.0,0.9972069052510182,55494
0.09,4.75,0.0,1.0,0.9972069052510182,55494
0.1,4.775000305175781,0.0,1.0,0.9972069052510182,55494
0.11,4.775000305175781,0.0,1.0,0.9972069052510182,55494
0.12,4.800000305175781,0.0,1.0,0.9972069052510182,55494
0.13,4.800000305175781,0.0,1.0,0.9972069052510182,55494
0.14,4.825,0.0,1.0,0.9972069052510182,55494
0.15,4.825,0.0,1.0,0.9972069052510182,55494
0.16,4.849999694824219,0.0,1.0,0.9972069052510182,55494
0.17,4.849999694824219,0.0,1.0,0.9972069052510182,55494
0.18,4.875,0.0,1.0,0.9972069052510182,55494
0.19,4.875,0.0,1.0,0.9972069052510182,55494
0.2,4.9,0.0,1.0,0.9972069052510182,55494
0.21,4.9,0.0,1.0,0.9972069052510182,55494
0.22,4.9,0.0,1.0,0.9972069052510182,55494
0.23,4.925000305175781,0.0,1.0,0.9972069052510182,55494
0.24,4.925000305175781,0.0,1.0,0.9972069052510182,55494
0.25,4.925000305175781,0.0,1.0,0.9972069052510182,55494
0.26,4.949999694824219,0.0,1.0,0.9972069052510182,55494
0.27,4.949999694824219,0.0,1.0,0.9972069052510182,55494
0.28,4.975,0.0,1.0,0.9972069052510182,55494
0.29,4.975,0.0,1.0,0.9972069052510182,55494
0.3,4.975,0.0,1.0,0.9972069052510182,55494
0.31,5.0,0.0,1.0,0.9972069052510182,55494
0.32,5.0,0.0,1.0,0.9972069052510182,55494
0.33,5.025,0.0,1.0,0.9972069052510182,55494
0.34,5.025,0.0,1.0,0.9972069052510182,55494
0.35,5.050000610351563,0.0,1.0,0.9972069052510182,55494
0.36,5.050000610351563,0.0,1.0,0.9972069052510182,55494
0.37,5.075,0.0,1.0,0.9972069052510182,55494
0.38,5.075,0.0,1.0,0.9972069052510182,55494
0.39,5.1,0.0,1.0,0.9972069052510182,55494
0.4,5.1,0.0,1.0,0.9972069052510182,55494
0.41,5.125,0.0,1.0,0.9972069052510182,55494
0.42,5.125,0.0,1.0,0.9972069052510182,55494
0.43,5.1500006103515625,0.0,1.0,0.9972069052510182,55494
0.44,5.1500006103515625,0.0,1.0,0.9972069052510182,55494
0.45,5.175000610351563,0.0,1.0,0.9972069052510182,55494
0.46,5.175000610351563,0.0,1.0,0.9972069052510182,55494
0.47,5.2,0.0,1.0,0.9972069052510182,55494
0.48,5.225,0.0,1.0,0.9972069052510182,55494
0.49,5.225,0.0,1.0,0.9972069052510182,55494
0.5,5.250000610351562,0.0,1.0,0.9972069052510182,55494
0.51,5.2750006103515625,0.0,1.0,0.9972069052510182,55494
0.52,5.2750006103515625,0.0,1.0,0.9972069052510182,55494
0.53,5.300000610351563,0.0,1.0,0.9972069052510182,55494
0.54,5.324999389648437,0.0,1.0,0.9972069052510182,55494
0.55,5.35,0.0,1.0,0.9972069052510182,55494
0.56,5.375,0.0,1.0,0.9972069052510182,55494
0.57,5.4,0.0,1.0,0.9972069052510182,55494
0.58,5.425,0.0,1.0,0.9972069052510182,55494
0.59,5.45,0.0,1.0,0.9972069052510182,55494
0.6,5.475,0.0,1.0,0.9972069052510182,55494
0.61,5.5,0.0,1.0,0.9972069052510182,55494
0.62,5.55,0.0,1.0,0.9972069052510182,55494
0.63,5.575,0.0,1.0,0.9972069052510182,55494
0.64,5.625,0.0,1.0,0.9972069052510182,55494
0.65,5.65,0.0,1.0,0.9972069052510182,55494
0.66,5.7,0.0,1.0,0.9972069052510182,55494
0.67,5.75,0.0,1.0,0.9972069052510182,55494
0.68,5.800000610351563,0.0,1.0,0.9972069052510182,55494
0.69,5.85,0.0,1.0,0.9972069052510182,55494
0.7,5.9000006103515625,0.0,1.0,0.9972069052510182,55494
0.71,5.975,0.0,1.0,0.9972069052510182,55494
0.72,6.025,0.0,1.0,0.9972069052510182,55494
0.73,6.15,0.0,1.0,0.9972069052510182,55494
0.74,6.25,0.0,1.0,0.9972069052510182,55494
0.75,6.35,0.0,1.0,0.9972069052510182,55494
0.76,6.45,0.0,1.0,0.9972069052510182,55494
0.77,6.5250006103515625,0.0,1.0,0.9972069052510182,55494
0.78,6.625,0.0,1.0,0.9972069052510182,55494
0.79,6.725,0.0,1.0,0.9972069052510182,55494
0.8,6.8,0.0,1.0,0.9972069052510182,55494
0.81,6.925000610351563,0.0,1.0,0.9972069052510182,55494
0.82,7.0250006103515625,0.0,1.0,0.9972069052510182,55494
0.83,7.175000610351563,0.0,1.0,0.9972069052510182,55494
0.84,7.325,0.0,1.0,0.9972069052510182,55494
0.85,7.5,0.0,1.0,0.9972069052510182,55494
0.86,7.7,0.0,1.0,0.9972069052510182,55494
0.87,7.9,0.0,1.0,0.9972069052510182,55494
0.88,8.075,0.0,1.0,0.9972069052510182,55494
0.89,8.300000610351562,0.0,1.0,0.9972069052510182,55494
0.9,8.55,0.0,1.0,0.9972069052510182,55494
0.91,8.825,0.0,1.0,0.9972069052510182,55494
0.92,9.175,0.0,1.0,0.9972069052510182,55494
0.93,9.625000610351563,0.0,1.0,0.9972069052510182,55494
0.94,10.0,0.0,1.0,0.9972069052510182,55494
0.95,10.4,0.0,1.0,0.9972069052510182,55494
0.96,10.775,0.0,1.0,0.9972069052510182,55494
0.97,11.425,0.0,1.0,0.9972069052510182,55494
0.98,13.2,0.0,1.0,0.9972069052510182,55494
0.99,15.05,0.0,1.0,0.9972069052510182,55494
1.0,53.7000048828125,0.0,1.0,0.9972069052510182,55494
