a,b,n_a,n_b,w1_ms,ks
L0,L2,59963,55025,33.148,0.2646
L1,L2,63849,55025,55.255,0.4998
L2,ns3,55025,54803,7.043,0.1760
L2-legacy,ns3,62966,54803,39.757,0.1993
L0,ns3,59963,54803,29.376,0.2100
L1,ns3,63849,54803,61.083,0.5449
ideal,ns3,96000,54803,293.840,1.0000
L2 even seeds,L2 odd seeds,33982,21043,27.250,0.1261
ns3 even seeds,ns3 odd seeds,33880,20923,28.742,0.1217
L2 even seeds,ns3 odd seeds,33982,20923,26.514,0.1215
L0 even seeds,ns3 odd seeds,35947,20923,42.485,0.2174
L1 even seeds,ns3 odd seeds,38367,20923,73.672,0.4956
L2-legacy even seeds,ns3 odd seeds,37908,20923,54.334,0.2806
