net,backend,E,R,robots,ms,ms_lo,ms_hi,spread_pct,n_proc,ms_per_proc,max_window_spread_pct,peak_alloc_mib,idle_util_max,idle_mem_used_mib,run_util_mean,run_mem_used_max_mib,gpu,torch,status
off,-,256,16,4096,1.6584,1.5753,1.7669,11.6,3,1.7669 1.6584 1.5753,27.0,9.1,0.0,36.0,20.7,518.0,NVIDIA GeForce RTX 4090,2.14.0+cu126,ok
L0,reference,256,16,4096,2.9141,2.8145,3.0584,8.4,3,2.9141 3.0584 2.8145,10.7,14.3,0.0,36.0,21.8,526.0,NVIDIA GeForce RTX 4090,2.14.0+cu126,ok
L0,graph,256,16,4096,2.025,1.82,2.0452,11.1,3,2.0452 2.025 1.82,18.3,25.3,0.0,36.0,23.1,548.0,NVIDIA GeForce RTX 4090,2.14.0+cu126,ok
L2-legacy,triton,256,16,4096,1.8215,1.8091,1.9007,5.0,3,1.9007 1.8091 1.8215,11.9,25.6,0.0,36.0,22.5,548.0,NVIDIA GeForce RTX 4090,2.14.0+cu126,ok
L2,triton,256,16,4096,3.0394,2.9796,3.3478,12.1,3,3.3478 3.0394 2.9796,6.7,50.2,0.0,36.0,45.3,576.0,NVIDIA GeForce RTX 4090,2.14.0+cu126,ok
off,-,1024,32,32768,1.7055,1.643,1.8353,11.3,3,1.643 1.7055 1.8353,13.3,15.6,0.0,36.0,16.2,524.0,NVIDIA GeForce RTX 4090,2.14.0+cu126,ok
L0,reference,1024,32,32768,2.9354,2.8873,2.9687,2.8,3,2.9354 2.8873 2.9687,17.8,57.0,0.0,36.0,23.3,588.0,NVIDIA GeForce RTX 4090,2.14.0+cu126,ok
L0,graph,1024,32,32768,2.1222,2.0589,2.3085,11.8,3,2.3085 2.0589 2.1222,12.0,145.1,0.0,36.0,40.8,684.0,NVIDIA GeForce RTX 4090,2.14.0+cu126,ok
L2-legacy,triton,1024,32,32768,2.3482,2.3353,2.351,0.7,3,2.3353 2.3482 2.351,7.4,148.5,0.0,36.0,44.1,684.0,NVIDIA GeForce RTX 4090,2.14.0+cu126,ok
L2,triton,1024,32,32768,6.9862,6.9644,7.0052,0.6,3,6.9862 6.9644 7.0052,2.0,313.1,0.0,36.0,73.6,838.0,NVIDIA GeForce RTX 4090,2.14.0+cu126,ok
off,-,4096,16,65536,1.6502,1.6344,1.6801,2.8,3,1.6344 1.6502 1.6801,16.0,23.4,0.0,36.0,15.8,530.0,NVIDIA GeForce RTX 4090,2.14.0+cu126,ok
L0,reference,4096,16,65536,2.8789,2.8434,2.8849,1.4,3,2.8789 2.8849 2.8434,6.0,106.2,0.0,36.0,29.1,632.0,NVIDIA GeForce RTX 4090,2.14.0+cu126,ok
L0,graph,4096,16,65536,2.9182,2.6974,2.9923,10.1,3,2.6974 2.9182 2.9923,4.0,282.9,0.0,36.0,49.4,836.0,NVIDIA GeForce RTX 4090,2.14.0+cu126,ok
L2-legacy,triton,4096,16,65536,3.4054,3.2347,3.4948,7.6,3,3.2347 3.4054 3.4948,2.3,286.9,0.0,36.0,55.1,816.0,NVIDIA GeForce RTX 4090,2.14.0+cu126,ok
L2,triton,4096,16,65536,14.8723,14.7366,14.9426,1.4,3,14.7366 14.8723 14.9426,2.4,615.7,0.0,36.0,89.4,1202.0,NVIDIA GeForce RTX 4090,2.14.0+cu126,ok
off,-,4096,100,409600,1.7187,1.6748,1.7223,2.8,3,1.7223 1.6748 1.7187,44.3,101.4,0.0,36.0,26.8,614.0,NVIDIA GeForce RTX 4090,2.14.0+cu126,ok
L0,reference,4096,100,409600,5.5469,5.3773,5.6879,5.6,3,5.6879 5.5469 5.3773,3.9,620.1,0.0,36.0,73.6,1192.0,NVIDIA GeForce RTX 4090,2.14.0+cu126,ok
L0,graph,4096,100,409600,11.8391,11.822,11.9933,1.4,3,11.9933 11.8391 11.822,0.5,1732.5,0.0,36.0,89.5,2322.0,NVIDIA GeForce RTX 4090,2.14.0+cu126,ok
L2-legacy,triton,4096,100,409600,19.1125,19.0264,19.1401,0.6,3,19.0264 19.1401 19.1125,0.7,1757.3,0.0,36.0,94.6,2292.0,NVIDIA GeForce RTX 4090,2.14.0+cu126,ok
L2,triton,4096,100,409600,69.2109,69.0466,69.3782,0.5,3,69.0466 69.2109 69.3782,0.4,3759.4,0.0,36.0,98.6,4156.0,NVIDIA GeForce RTX 4090,2.14.0+cu126,ok
