E,R,robots,level,backend,control_steps_per_s,windows,step_ms,robot_steps_per_s,on_over_off,net_share_of_step_pct,net_only_ms,net_only_windows,startup_s,torch_peak_alloc_mib,device_mem_max_mib,gpu_util_before,gpu_mem_before_mib,gpu_util_during_mean,robot_z_min_max,physics
2048,128,262144,off,-,5.188,3.649 5.721 5.188,192.7,1360034,,,,,259,63,4438.0,0.0,36.0,33.2,"[0.5, 0.5]",PhysxCfg
2048,128,262144,L2-legacy,triton,4.085,4.055 4.085 4.407,244.8,1070764,0.787,21.3,10.9,20.8 10.9 10.9,272,675,5624.0,0.0,36.0,34.4,"[0.5, 0.5]",PhysxCfg
2048,128,262144,L2,triton,4.149,4.100 4.209 4.149,241.0,1087601,0.8,20.0,36.8,37.7 36.8 35.8,259,1432,6914.0,0.0,36.0,34.9,"[0.5, 0.5]",PhysxCfg
4096,128,524288,off,-,2.578,2.578 2.551 2.862,387.8,1351859,,,,,538,120,6184.0,0.0,36.0,21.6,"[0.5, 0.5]",PhysxCfg
4096,128,524288,L2-legacy,triton,2.388,2.362 2.531 2.388,418.7,1252064,0.926,7.4,22.9,30.3 22.4 22.9,510,1319,8460.0,0.0,36.0,30.0,"[0.5, 0.5]",PhysxCfg
4096,128,524288,L2,triton,2.444,2.441 2.444 2.482,409.2,1281282,0.948,5.2,72.3,72.2 72.3 72.3,548,2831,11120.0,0.0,36.0,24.9,"[0.5, 0.5]",PhysxCfg
8192,128,1048576,off,-,1.502,1.469 1.509 1.502,666.0,1574483,,,,,1084,241,9654.0,0.0,36.0,26.4,"[0.5, 0.5]",PhysxCfg
8192,128,1048576,L2-legacy,triton,1.513,1.582 1.513 1.491,660.9,1586506,1.008,-0.8,45.2,47.0 45.2 45.2,1067,2630,14200.0,0.0,36.0,24.4,"[0.5, 0.5]",PhysxCfg
8192,128,1048576,L2,triton,1.32,1.336 1.320 1.284,757.5,1384203,0.879,12.1,145.6,145.4 145.6 145.6,1038,5650,19478.0,0.0,36.0,28.5,"[0.5, 0.5]",PhysxCfg
