E,R,robots,level,backend,nr_cfg,repeat,start,control_steps_per_s,windows,step_ms,net_only_ms,net_only_windows,startup_s,device_mem_max_mib,gpu_util_before,gpu_mem_before_mib,gpu_util_during_mean,idle,cpu_before,cpu_after
2048,128,262144,off,-,-,1,2026-09-30T18:52:13,5.0409,5.474 5.041 5.033,198.4,,,333,5589.0,0.0,1187.0,22.6,"idle util max 0%, no python/kit process, after 0 s",cpu_load_pct 0; top cores over 5 s: MsMpEng=1.7 System=0.18 WmiPrvSE=0.01 DeskIn=0.01 NVIDIA Share=0.01,cpu_load_pct 0; top cores over 5 s: MsMpEng=2.03 WmiPrvSE=0.02 DeskIn=0.02 System=0.02 vmmemWSL=0.01
2048,128,262144,L2,triton,v2l,1,2026-09-30T18:58:50,3.8224,3.644 3.870 3.822,261.6,50.17,51.6 50.2 49.5,363,7943.0,0.0,1187.0,33.2,"idle util max 0%, no python/kit process, after 0 s",cpu_load_pct 0; top cores over 5 s: MsMpEng=1.31 System=0.02 DeskIn=0.01 SearchIndexer=0.01 MathWorksServiceHost-Monitor=0,cpu_load_pct 1; top cores over 5 s: MsMpEng=1.97 DeskIn=0.01 System=0.01 NVIDIA Share=0 svchost=0
2048,128,262144,off,-,-,2,2026-09-30T19:06:43,5.4864,5.486 5.595 5.464,182.3,,,351,5589.0,0.0,1187.0,24.7,"idle util max 0%, no python/kit process, after 0 s",cpu_load_pct 1; top cores over 5 s: MsMpEng=2.17 DeskIn=0.02 System=0.02 vmmemWSL=0.01 SystemSettingsBroker=0,cpu_load_pct 1; top cores over 5 s: MsMpEng=4.04 svchost=0.04 WmiPrvSE=0.02 DeskIn=0.02 System=0.02
2048,128,262144,L2,triton,v2l,2,2026-09-30T19:13:50,4.1777,4.196 4.178 4.103,239.4,49.77,52.2 49.8 49.7,328,7943.0,0.0,1187.0,27.3,"idle util max 0%, no python/kit process, after 0 s",cpu_load_pct 1; top cores over 5 s: MsMpEng=3.99 System=0.03 DeskIn=0.02 vmmemWSL=0.01 powershell=0.01,cpu_load_pct 1; top cores over 5 s: MsMpEng=3.5 WmiPrvSE=0.03 DeskIn=0.02 vmmemWSL=0.02 SearchProtocolHost=0.01
2048,128,262144,off,-,-,3,2026-09-30T19:20:45,5.6111,5.639 5.433 5.611,178.2,,,322,5589.0,0.0,1187.0,22.7,"idle util max 0%, no python/kit process, after 0 s",cpu_load_pct 1; top cores over 5 s: MsMpEng=3.48 DeskIn=0.03 NVIDIA Share=0.01 vmmemWSL=0.01 MathWorksServiceHost-Monitor=0.01,cpu_load_pct 1; top cores over 5 s: MsMpEng=3.41 vmmemWSL=0.09 DeskIn=0.02 System=0.02 wslservice=0.01
2048,128,262144,L2,triton,v2l,3,2026-09-30T19:27:05,4.3379,4.393 4.311 4.338,230.5,49.87,51.4 49.9 49.8,325,7943.0,0.0,1187.0,35.7,"idle util max 0%, no python/kit process, after 0 s",cpu_load_pct 1; top cores over 5 s: MsMpEng=3.75 DeskIn=0.02 NVIDIA Share=0.01 WmiPrvSE=0.01 vmmemWSL=0.01,cpu_load_pct 1; top cores over 5 s: MsMpEng=3.76 steam=0.01 DeskIn=0.01 Memory Compression=0.01 NVIDIA Share=0.01
4096,128,524288,off,-,-,1,2026-09-30T19:33:54,2.8423,2.836 2.842 2.904,351.8,,,671,7335.0,0.0,1187.0,24.1,"idle util max 0%, no python/kit process, after 0 s",cpu_load_pct 0; top cores over 5 s: MsMpEng=3.7 DeskIn=0.02 vmmemWSL=0.02 NVIDIA Share=0.02 RiotClientServices=0.02,cpu_load_pct 2; top cores over 5 s: MsMpEng=4.09 Memory Compression=0.07 DeskIn=0.03 System=0.03 WmiPrvSE=0.02
4096,128,524288,L2,triton,v2l,1,2026-09-30T19:46:42,2.5192,2.519 2.527 2.450,397.0,99.6,99.6 99.6 99.6,737,11929.0,0.0,1187.0,35.1,"idle util max 0%, no python/kit process, after 0 s",cpu_load_pct 1; top cores over 5 s: MsMpEng=2.89 System=0.04 DeskIn=0.02 WmiPrvSE=0.02 steam=0.01,cpu_load_pct 2; top cores over 5 s: MsMpEng=3.98 Memory Compression=0.05 WmiPrvSE=0.02 System=0.02 NVIDIA Share=0.02
4096,128,524288,off,-,-,2,2026-09-30T20:01:33,3.0688,3.069 3.108 3.010,325.9,,,760,7376.0,0.0,1187.0,26.1,"idle util max 0%, no python/kit process, after 0 s",cpu_load_pct 1; top cores over 5 s: MsMpEng=3.07 NVIDIA Share=0.04 WmiPrvSE=0.02 System=0.02 DeskIn=0.02,cpu_load_pct 1; top cores over 5 s: MsMpEng=1.64 WmiPrvSE=0.03 Memory Compression=0.02 System=0.02 DeskIn=0.01
4096,128,524288,L2,triton,v2l,2,2026-09-30T20:16:01,2.4272,2.394 2.444 2.427,412.0,100.19,101.8 100.2 99.7,730,11942.0,0.0,1228.0,35.1,"idle util max 0%, no python/kit process, after 0 s",cpu_load_pct 4; top cores over 5 s: MsMpEng=1.42 DeskIn=0.02 WmiPrvSE=0.02 svchost=0.01 powershell=0.01,cpu_load_pct 4; top cores over 5 s: MsMpEng=3.18 Memory Compression=0.07 WmiPrvSE=0.03 System=0.02 DeskIn=0.01
4096,128,524288,off,-,-,3,2026-09-30T20:30:39,2.9367,3.084 2.892 2.937,340.5,,,647,7348.0,0.0,1200.0,24.4,"idle util max 0%, no python/kit process, after 0 s",cpu_load_pct 2; top cores over 5 s: MsMpEng=2.52 WmiPrvSE=0.02 DeskIn=0.01 System=0.01 vmmemWSL=0,cpu_load_pct 2; top cores over 5 s: MsMpEng=2.27 Memory Compression=0.07 NVIDIA Share=0.03 DeskIn=0.02 WmiPrvSE=0.01
4096,128,524288,L2,triton,v2l,3,2026-09-30T20:43:30,2.3664,2.319 2.377 2.366,422.6,99.61,99.6 100.1 99.6,704,11942.0,0.0,1200.0,30.7,"idle util max 0%, no python/kit process, after 0 s",cpu_load_pct 0; top cores over 5 s: MsMpEng=2.7 WmiPrvSE=0.03 services=0.03 DeskIn=0.01 System=0.01,cpu_load_pct 0; top cores over 5 s: MsMpEng=2.81 Memory Compression=0.07 DeskIn=0.02 WmiPrvSE=0.02 steam=0.01
8192,128,1048576,off,-,-,1,2026-09-30T20:57:29,1.3706,1.408 1.317 1.371,729.6,,,1585,10818.0,0.0,1200.0,23.8,"idle util max 0%, no python/kit process, after 0 s",cpu_load_pct 0; top cores over 5 s: MsMpEng=2.16 vmmemWSL=0.07 System=0.03 DeskIn=0.02 WmiPrvSE=0.02,cpu_load_pct 0; top cores over 5 s: MsMpEng=2.31 Memory Compression=0.12 DeskIn=0.03 WmiPrvSE=0.02 nvsphelper64=0.01
8192,128,1048576,L2,triton,v2l,1,2026-09-30T21:27:44,1.2357,1.229 1.261 1.236,809.3,199.32,199.0 199.3 199.5,1310,20000.0,0.0,1200.0,37.5,"idle util max 0%, no python/kit process, after 0 s",cpu_load_pct 0; top cores over 5 s: MsMpEng=1.9 Memory Compression=0.11 services=0.02 WmiPrvSE=0.02 DeskIn=0.02,cpu_load_pct 1; top cores over 5 s: MsMpEng=0.12 services=0.05 DeskIn=0.02 vmmemWSL=0.02 WmiPrvSE=0.01
8192,128,1048576,off,-,-,2,2026-09-30T21:53:53,1.5728,1.499 1.573 1.582,635.8,,,1229,10818.0,0.0,1200.0,27.2,"idle util max 0%, no python/kit process, after 0 s",cpu_load_pct 0; top cores over 5 s: MsMpEng=0.15 DeskIn=0.02 vmmemWSL=0.01 NVDisplay.Container=0.01 msedgewebview2=0,cpu_load_pct 4; top cores over 5 s: WmiPrvSE=0.01 powershell=0.01 System=0.01 DeskIn=0.01 SearchIndexer=0
8192,128,1048576,L2,triton,v2l,2,2026-09-30T22:17:10,1.2401,1.240 1.253 1.201,806.4,198.96,198.9 199.4 199.0,1158,20000.0,0.0,1200.0,35.4,"idle util max 0%, no python/kit process, after 0 s",cpu_load_pct 3; top cores over 5 s: System=0.02 DeskIn=0.02 WmiPrvSE=0.01 vmmemWSL=0.01 MsMpEng=0.01,cpu_load_pct 1; top cores over 5 s: DeskIn=0.03 WmiPrvSE=0.02 Dropbox=0.01 vmmemWSL=0.01 System=0.01
8192,128,1048576,off,-,-,3,2026-09-30T22:39:51,1.5408,1.504 1.541 1.573,649.0,,,1181,10818.0,0.0,1200.0,24.8,"idle util max 0%, no python/kit process, after 0 s",cpu_load_pct 0; top cores over 5 s: DeskIn=0.02 vmmemWSL=0.01 WmiPrvSE=0.01 System=0.01 NVDisplay.Container=0.01,cpu_load_pct 1; top cores over 5 s: SearchIndexer=0.08 Memory Compression=0.05 System=0.03 DeskIn=0.01 WmiPrvSE=0.01
8192,128,1048576,L2,triton,v2l,3,2026-09-30T23:02:16,1.2342,1.226 1.234 1.246,810.2,199.1,199.0 199.1 199.1,1202,20000.0,0.0,1200.0,37.7,"idle util max 0%, no python/kit process, after 0 s",cpu_load_pct 2; top cores over 5 s: SearchIndexer=0.12 svchost=0.01 vmmemWSL=0.01 ms-teams=0.01 msedgewebview2=0.01,cpu_load_pct 2; top cores over 5 s: WmiPrvSE=0.02 DeskIn=0.02 vmmemWSL=0.01 svchost=0.01 System=0
