case,backend,cfg,wrap_graph,E,R,robots,ms,ms_lo,ms_hi,spread_pct,n_proc,ms_per_proc,max_window_spread_pct,peak_mib,idle_util_max,idle_mem_used_mib,run_util_mean,run_mem_used_max_mib,gpu,torch,status
L0,reference,-,False,256,16,4096,1.2326,1.1806,1.3113,10.6,3,1.2326 1.1806 1.3113,16.5,7.0,0.0,36.0,0.3,496.0,NVIDIA GeForce RTX 4090,2.14.0+cu126,ok
L0,graph,-,False,256,16,4096,0.3605,0.3596,0.3711,3.2,3,0.3711 0.3605 0.3596,9.6,16.8,0.0,36.0,6.3,518.0,NVIDIA GeForce RTX 4090,2.14.0+cu126,ok
L0DR,reference,-,False,256,16,4096,1.3587,1.3321,1.4469,8.4,3,1.3587 1.4469 1.3321,14.8,7.0,0.0,36.0,1.7,496.0,NVIDIA GeForce RTX 4090,2.14.0+cu126,ok
L0DR,graph,-,False,256,16,4096,0.3632,0.358,0.3634,1.5,3,0.358 0.3634 0.3632,4.3,16.8,0.0,36.0,0.7,518.0,NVIDIA GeForce RTX 4090,2.14.0+cu126,ok
L05,reference,-,False,256,16,4096,1.5703,1.5638,1.7455,11.6,3,1.7455 1.5638 1.5703,17.4,7.1,0.0,36.0,1.0,496.0,NVIDIA GeForce RTX 4090,2.14.0+cu126,ok
L05,graph,-,False,256,16,4096,0.3979,0.3942,0.3983,1.0,3,0.3983 0.3979 0.3942,5.4,16.9,0.0,36.0,4.3,538.0,NVIDIA GeForce RTX 4090,2.14.0+cu126,ok
L05Q,reference,-,False,256,16,4096,1.5232,1.5218,1.5498,1.8,3,1.5498 1.5218 1.5232,15.7,7.1,0.0,36.0,2.3,496.0,NVIDIA GeForce RTX 4090,2.14.0+cu126,ok
L05Q,graph,-,False,256,16,4096,0.3982,0.3945,0.4011,1.7,3,0.4011 0.3982 0.3945,4.5,16.9,0.0,36.0,5.3,538.0,NVIDIA GeForce RTX 4090,2.14.0+cu126,ok
TR,reference,-,False,256,16,4096,2.0036,1.9397,2.0061,3.3,3,1.9397 2.0061 2.0036,9.6,11.7,0.0,36.0,17.0,500.0,NVIDIA GeForce RTX 4090,2.14.0+cu126,ok
TR,graph,-,False,256,16,4096,0.4004,0.3985,0.4027,1.0,3,0.4027 0.3985 0.4004,4.4,16.8,0.0,36.0,0.3,518.0,NVIDIA GeForce RTX 4090,2.14.0+cu126,ok
GE,reference,-,False,256,16,4096,2.0254,2.0227,2.1013,3.9,3,2.0254 2.1013 2.0227,3.9,11.7,0.0,36.0,16.2,520.0,NVIDIA GeForce RTX 4090,2.14.0+cu126,ok
GE,graph,-,False,256,16,4096,0.3955,0.3935,0.4016,2.0,3,0.4016 0.3935 0.3955,2.4,16.8,0.0,36.0,0.7,538.0,NVIDIA GeForce RTX 4090,2.14.0+cu126,ok
QA,reference,-,False,256,16,4096,2.0741,1.9979,2.2029,9.9,3,2.0741 2.2029 1.9979,19.4,11.7,0.0,36.0,19.3,500.0,NVIDIA GeForce RTX 4090,2.14.0+cu126,ok
QA,graph,-,False,256,16,4096,0.4158,0.4121,0.416,0.9,3,0.416 0.4158 0.4121,3.6,16.8,0.0,36.0,3.3,518.0,NVIDIA GeForce RTX 4090,2.14.0+cu126,ok
NN,reference,-,False,256,16,4096,3.1468,2.9732,3.1622,6.0,3,3.1622 3.1468 2.9732,6.1,19.9,0.0,36.0,15.5,530.0,NVIDIA GeForce RTX 4090,2.14.0+cu126,ok
NN,graph,-,False,256,16,4096,0.5246,0.5238,0.5255,0.3,3,0.5238 0.5255 0.5246,2.1,33.0,0.0,36.0,4.0,568.0,NVIDIA GeForce RTX 4090,2.14.0+cu126,ok
WIFI,reference,-,False,256,16,4096,300.2643,281.2366,304.5811,7.8,3,281.237 300.264 304.581,11.8,12.0,0.0,36.0,31.3,522.0,NVIDIA GeForce RTX 4090,2.14.0+cu126,ok
WIFI,graph,-,False,256,16,4096,34.197,34.1698,34.2544,0.2,3,34.1698 34.197 34.2544,0.1,17.2,0.0,36.0,98.9,772.0,NVIDIA GeForce RTX 4090,2.14.0+cu126,ok
L1,reference,-,False,256,16,4096,15.1442,14.7854,15.1687,2.5,3,15.1442 14.7854 15.1687,3.3,7.0,0.0,36.0,26.4,496.0,NVIDIA GeForce RTX 4090,2.14.0+cu126,ok
L1,graph,-,False,256,16,4096,1.9372,1.923,1.943,1.0,3,1.9372 1.923 1.943,7.3,17.0,0.0,36.0,52.2,528.0,NVIDIA GeForce RTX 4090,2.14.0+cu126,ok
L1,triton,-,False,256,16,4096,0.36,0.3574,0.3673,2.8,3,0.36 0.3574 0.3673,10.3,16.5,0.0,36.0,3.3,518.0,NVIDIA GeForce RTX 4090,2.14.0+cu126,ok
L2-legacy,reference,-,False,256,16,4096,93.9502,90.8504,95.3642,4.8,3,93.9502 90.8504 95.3642,3.2,12.8,0.0,36.0,30.3,520.0,NVIDIA GeForce RTX 4090,2.14.0+cu126,ok
L2-legacy,graph,-,False,256,16,4096,9.7149,9.7058,9.7504,0.5,3,9.7504 9.7058 9.7149,0.5,20.6,0.0,36.0,92.7,598.0,NVIDIA GeForce RTX 4090,2.14.0+cu126,ok
L2-legacy,triton,-,False,256,16,4096,0.4574,0.4564,0.4603,0.9,3,0.4603 0.4564 0.4574,2.2,17.1,0.0,36.0,0.3,518.0,NVIDIA GeForce RTX 4090,2.14.0+cu126,ok
L2,reference,ul,False,256,16,4096,330.3423,323.1316,341.9663,5.7,3,323.132 330.342 341.966,4.5,40.5,0.0,36.0,33.0,566.0,NVIDIA GeForce RTX 4090,2.14.0+cu126,ok
L2,graph,ul,False,256,16,4096,50.1589,50.1442,50.2363,0.2,3,50.1589 50.1442 50.2363,0.1,65.5,0.0,36.0,99.0,1092.0,NVIDIA GeForce RTX 4090,2.14.0+cu126,ok
L2,triton,ul,False,256,16,4096,1.6791,1.6024,1.6791,4.6,3,1.6791 1.6791 1.6024,8.5,41.7,0.0,36.0,1.7,566.0,NVIDIA GeForce RTX 4090,2.14.0+cu126,ok
L2,reference,ul_dl,False,256,16,4096,1540.0,1535.1817,1558.9616,1.5,3,1535.18 1558.96 1540,6.4,48.3,0.0,36.0,36.9,574.0,NVIDIA GeForce RTX 4090,2.14.0+cu126,ok
L2,graph,ul_dl,False,256,16,4096,239.7223,239.7065,240.4363,0.3,3,239.707 239.722 240.436,0.0,87.4,0.0,36.0,99.8,1748.0,NVIDIA GeForce RTX 4090,2.14.0+cu126,ok
L2,triton,ul_dl,False,256,16,4096,5.6631,5.6549,5.7802,2.2,3,5.7802 5.6549 5.6631,1.3,61.2,0.0,36.0,81.6,582.0,NVIDIA GeForce RTX 4090,2.14.0+cu126,ok
L2,reference,c3,False,256,16,4096,326.6343,320.3205,336.124,4.8,3,336.124 320.32 326.634,4.9,36.0,0.0,36.0,31.8,568.0,NVIDIA GeForce RTX 4090,2.14.0+cu126,ok
L2,graph,c3,False,256,16,4096,45.2696,45.1838,45.3573,0.4,3,45.2696 45.1838 45.3573,0.1,53.3,0.0,36.0,98.8,1040.0,NVIDIA GeForce RTX 4090,2.14.0+cu126,ok
L2,reference,c3_dl,False,256,16,4096,1449.6344,1412.1284,1459.851,3.3,3,1412.13 1449.63 1459.85,4.9,39.3,0.0,36.0,36.2,572.0,NVIDIA GeForce RTX 4090,2.14.0+cu126,ok
L2,graph,c3_dl,False,256,16,4096,206.1477,206.1232,206.8037,0.3,3,206.148 206.123 206.804,0.1,61.4,0.0,36.0,99.8,1602.0,NVIDIA GeForce RTX 4090,2.14.0+cu126,ok
L2-legacy+edge,triton,-,False,256,16,4096,33.4073,32.3266,33.5701,3.7,3,33.4073 32.3266 33.5701,4.2,20.7,0.0,36.0,33.2,532.0,NVIDIA GeForce RTX 4090,2.14.0+cu126,ok
L2-legacy+edge,triton,-,True,256,16,4096,8.9921,8.9653,8.9941,0.3,3,8.9653 8.9941 8.9921,1.0,25.7,0.0,36.0,89.3,582.0,NVIDIA GeForce RTX 4090,2.14.0+cu126,ok
L2-legacy+energy,triton,-,False,256,16,4096,0.7754,0.7742,0.8307,7.3,3,0.8307 0.7754 0.7742,13.1,17.2,0.0,36.0,1.3,518.0,NVIDIA GeForce RTX 4090,2.14.0+cu126,ok
L2-legacy+energy,triton,-,True,256,16,4096,0.6336,0.6292,0.646,2.7,3,0.646 0.6336 0.6292,5.9,17.2,0.0,36.0,1.0,518.0,NVIDIA GeForce RTX 4090,2.14.0+cu126,ok
L0,reference,-,False,1024,32,32768,1.2724,1.2452,1.2932,3.8,3,1.2724 1.2932 1.2452,9.8,56.3,0.0,36.0,0.3,576.0,NVIDIA GeForce RTX 4090,2.14.0+cu126,ok
L0,graph,-,False,1024,32,32768,0.9467,0.9377,0.9519,1.5,3,0.9377 0.9467 0.9519,6.8,134.5,0.0,36.0,7.3,654.0,NVIDIA GeForce RTX 4090,2.14.0+cu126,ok
L0DR,reference,-,False,1024,32,32768,1.2555,1.2147,1.2862,5.7,3,1.2862 1.2147 1.2555,8.5,56.3,0.0,36.0,0.7,576.0,NVIDIA GeForce RTX 4090,2.14.0+cu126,ok
L0DR,graph,-,False,1024,32,32768,0.9281,0.8932,0.9477,5.9,3,0.9281 0.9477 0.8932,7.7,134.5,0.0,36.0,2.7,654.0,NVIDIA GeForce RTX 4090,2.14.0+cu126,ok
L05,reference,-,False,1024,32,32768,1.6508,1.5409,1.6704,7.8,3,1.6704 1.6508 1.5409,21.3,56.3,0.0,36.0,4.0,576.0,NVIDIA GeForce RTX 4090,2.14.0+cu126,ok
L05,graph,-,False,1024,32,32768,0.9953,0.9916,1.0003,0.9,3,1.0003 0.9916 0.9953,6.5,134.5,0.0,36.0,11.0,654.0,NVIDIA GeForce RTX 4090,2.14.0+cu126,ok
L05Q,reference,-,False,1024,32,32768,1.6504,1.6056,1.6835,4.7,3,1.6835 1.6504 1.6056,34.7,56.4,0.0,36.0,2.3,576.0,NVIDIA GeForce RTX 4090,2.14.0+cu126,ok
L05Q,graph,-,False,1024,32,32768,0.9414,0.9332,0.9737,4.3,3,0.9737 0.9332 0.9414,7.9,134.5,0.0,36.0,0.3,654.0,NVIDIA GeForce RTX 4090,2.14.0+cu126,ok
TR,reference,-,False,1024,32,32768,1.8673,1.8606,2.0244,8.8,3,1.8606 1.8673 2.0244,14.6,93.7,0.0,36.0,9.8,600.0,NVIDIA GeForce RTX 4090,2.14.0+cu126,ok
TR,graph,-,False,1024,32,32768,0.9419,0.9326,0.9445,1.3,3,0.9445 0.9419 0.9326,8.5,133.8,0.0,36.0,1.7,654.0,NVIDIA GeForce RTX 4090,2.14.0+cu126,ok
GE,reference,-,False,1024,32,32768,2.1747,1.9291,2.356,19.6,3,1.9291 2.1747 2.356,14.0,93.7,0.0,36.0,27.0,600.0,NVIDIA GeForce RTX 4090,2.14.0+cu126,ok
GE,graph,-,False,1024,32,32768,0.9464,0.9458,0.9879,4.4,3,0.9464 0.9879 0.9458,8.3,133.8,0.0,36.0,1.0,654.0,NVIDIA GeForce RTX 4090,2.14.0+cu126,ok
QA,reference,-,False,1024,32,32768,2.0867,2.0842,2.1534,3.3,3,2.1534 2.0842 2.0867,13.7,93.8,0.0,36.0,39.5,600.0,NVIDIA GeForce RTX 4090,2.14.0+cu126,ok
QA,graph,-,False,1024,32,32768,1.2965,1.2722,1.3453,5.6,3,1.2722 1.2965 1.3453,7.9,134.1,0.0,36.0,7.7,654.0,NVIDIA GeForce RTX 4090,2.14.0+cu126,ok
NN,reference,-,False,1024,32,32768,2.9975,2.8643,3.1066,8.1,3,2.8643 2.9975 3.1066,11.8,102.1,0.0,36.0,28.3,612.0,NVIDIA GeForce RTX 4090,2.14.0+cu126,ok
NN,graph,-,False,1024,32,32768,1.316,1.2968,1.3699,5.6,3,1.3699 1.2968 1.316,7.9,150.4,0.0,36.0,5.7,686.0,NVIDIA GeForce RTX 4090,2.14.0+cu126,ok
WIFI,reference,-,False,1024,32,32768,311.4269,306.1878,321.8373,5.0,3,321.837 306.188 311.427,3.8,96.4,0.0,36.0,44.1,614.0,NVIDIA GeForce RTX 4090,2.14.0+cu126,ok
WIFI,graph,-,False,1024,32,32768,88.9897,88.8966,89.022,0.1,3,88.8966 89.022 88.9897,0.3,138.1,0.0,36.0,99.7,902.0,NVIDIA GeForce RTX 4090,2.14.0+cu126,ok
L1,reference,-,False,1024,32,32768,15.5091,15.3517,15.5922,1.6,3,15.5091 15.5922 15.3517,5.9,56.3,0.0,36.0,66.3,578.0,NVIDIA GeForce RTX 4090,2.14.0+cu126,ok
L1,graph,-,False,1024,32,32768,9.5065,9.495,9.6593,1.7,3,9.6593 9.5065 9.495,0.4,136.0,0.0,36.0,92.9,664.0,NVIDIA GeForce RTX 4090,2.14.0+cu126,ok
L1,triton,-,False,1024,32,32768,0.951,0.8962,1.0117,12.1,3,1.0117 0.8962 0.951,7.8,132.0,0.0,36.0,5.3,654.0,NVIDIA GeForce RTX 4090,2.14.0+cu126,ok
L2-legacy,reference,-,False,1024,32,32768,94.2711,93.0768,196.4525,109.7,3,196.452 94.2711 93.0768,48.8,105.6,0.0,36.0,32.0,666.0,NVIDIA GeForce RTX 4090,2.14.0+cu126,ok
L2-legacy,graph,-,False,1024,32,32768,18.1788,18.1777,18.2923,0.6,3,18.2923 18.1777 18.1788,0.2,167.4,0.0,36.0,99.2,752.0,NVIDIA GeForce RTX 4090,2.14.0+cu126,ok
L2-legacy,triton,-,False,1024,32,32768,1.1854,1.1573,1.2809,10.4,3,1.2809 1.1854 1.1573,6.3,138.0,0.0,36.0,8.7,656.0,NVIDIA GeForce RTX 4090,2.14.0+cu126,ok
L2,reference,ul,False,1024,32,32768,327.6546,320.1258,820.8228,152.8,3,820.823 327.655 320.126,11.9,296.9,0.0,36.0,48.2,934.0,NVIDIA GeForce RTX 4090,2.14.0+cu126,ok
L2,graph,ul,False,1024,32,32768,138.2166,138.1953,138.4843,0.2,3,138.484 138.195 138.217,0.2,495.8,0.0,36.0,99.6,1558.0,NVIDIA GeForce RTX 4090,2.14.0+cu126,ok
L2,triton,ul,False,1024,32,32768,5.5792,5.5635,6.165,10.8,3,6.165 5.5635 5.5792,1.6,302.4,0.0,36.0,76.2,812.0,NVIDIA GeForce RTX 4090,2.14.0+cu126,ok
L2,reference,ul_dl,False,1024,32,32768,1557.0213,1556.257,3939.1847,153.0,3,3939.18 1556.26 1557.02,16.4,359.2,0.0,36.0,48.8,998.0,NVIDIA GeForce RTX 4090,2.14.0+cu126,ok
L2,graph,ul_dl,False,1024,32,32768,684.8765,684.8654,685.2037,0.0,3,685.204 684.876 684.865,0.1,675.0,0.0,36.0,99.9,2350.0,NVIDIA GeForce RTX 4090,2.14.0+cu126,ok
L2,triton,ul_dl,False,1024,32,32768,22.255,22.2533,22.8363,2.6,3,22.8363 22.2533 22.255,1.2,460.8,0.0,36.0,97.3,1002.0,NVIDIA GeForce RTX 4090,2.14.0+cu126,ok
L2,reference,c3,False,1024,32,32768,328.7828,316.4327,726.2938,124.7,3,726.294 316.433 328.783,11.5,202.8,0.0,36.0,40.2,754.0,NVIDIA GeForce RTX 4090,2.14.0+cu126,ok
L2,graph,c3,False,1024,32,32768,101.9985,101.9621,102.0275,0.1,3,101.962 101.999 102.028,0.3,340.5,0.0,36.0,99.6,1354.0,NVIDIA GeForce RTX 4090,2.14.0+cu126,ok
L2,reference,c3_dl,False,1024,32,32768,1429.2929,1412.6242,3664.6513,157.6,3,3664.65 1412.62 1429.29,7.4,230.0,0.0,36.0,42.4,802.0,NVIDIA GeForce RTX 4090,2.14.0+cu126,ok
L2,graph,c3_dl,False,1024,32,32768,488.0266,486.8475,488.3402,0.3,3,486.848 488.027 488.34,0.1,404.7,0.0,36.0,99.8,1964.0,NVIDIA GeForce RTX 4090,2.14.0+cu126,ok
L2-legacy+edge,triton,-,False,1024,32,32768,42.7571,41.4372,92.5056,119.4,3,92.5056 41.4372 42.7571,16.5,165.8,0.0,36.0,34.0,760.0,NVIDIA GeForce RTX 4090,2.14.0+cu126,ok
L2-legacy+edge,triton,-,True,1024,32,32768,18.7188,18.6999,18.7757,0.4,3,18.7757 18.6999 18.7188,0.3,203.3,0.0,36.0,98.5,888.0,NVIDIA GeForce RTX 4090,2.14.0+cu126,ok
L2-legacy+energy,triton,-,False,1024,32,32768,1.5247,1.4909,2.0486,36.6,3,2.0486 1.5247 1.4909,12.6,138.4,0.0,36.0,10.3,658.0,NVIDIA GeForce RTX 4090,2.14.0+cu126,ok
L2-legacy+energy,triton,-,True,1024,32,32768,1.3708,1.3428,1.4149,5.3,3,1.4149 1.3428 1.3708,6.9,138.4,0.0,36.0,10.0,660.0,NVIDIA GeForce RTX 4090,2.14.0+cu126,ok
L0,reference,-,False,4096,16,65536,1.3097,1.2994,3.9549,202.8,3,3.9549 1.3097 1.2994,8.5,112.7,0.0,36.0,6.5,646.0,NVIDIA GeForce RTX 4090,2.14.0+cu126,ok
L0,graph,-,False,4096,16,65536,1.5928,1.5861,1.74,9.7,3,1.74 1.5861 1.5928,6.7,269.4,0.0,36.0,12.7,812.0,NVIDIA GeForce RTX 4090,2.14.0+cu126,ok
L0DR,reference,-,False,4096,16,65536,1.572,1.5278,3.9622,154.9,3,3.9622 1.572 1.5278,19.4,112.8,0.0,36.0,4.8,646.0,NVIDIA GeForce RTX 4090,2.14.0+cu126,ok
L0DR,graph,-,False,4096,16,65536,1.5876,1.5869,1.6763,5.6,3,1.6763 1.5869 1.5876,6.1,269.5,0.0,36.0,4.0,812.0,NVIDIA GeForce RTX 4090,2.14.0+cu126,ok
L05,reference,-,False,4096,16,65536,1.5916,1.5319,5.0519,221.2,3,5.0519 1.5916 1.5319,14.7,112.7,0.0,36.0,4.3,646.0,NVIDIA GeForce RTX 4090,2.14.0+cu126,ok
L05,graph,-,False,4096,16,65536,1.6615,1.6581,1.7841,7.6,3,1.7841 1.6581 1.6615,6.2,269.4,0.0,36.0,14.0,798.0,NVIDIA GeForce RTX 4090,2.14.0+cu126,ok
L05Q,reference,-,False,4096,16,65536,1.5124,1.4944,4.5347,201.0,3,4.5347 1.5124 1.4944,16.3,112.8,0.0,36.0,5.2,646.0,NVIDIA GeForce RTX 4090,2.14.0+cu126,ok
L05Q,graph,-,False,4096,16,65536,1.6657,1.6635,1.8249,9.7,3,1.8249 1.6635 1.6657,6.2,269.5,0.0,36.0,18.3,798.0,NVIDIA GeForce RTX 4090,2.14.0+cu126,ok
TR,reference,-,False,4096,16,65536,2.3399,2.1344,3.6493,64.7,3,3.6493 2.3399 2.1344,54.7,187.5,0.0,36.0,39.7,692.0,NVIDIA GeForce RTX 4090,2.14.0+cu126,ok
TR,graph,-,False,4096,16,65536,1.6279,1.6147,1.6928,4.8,3,1.6928 1.6279 1.6147,6.1,267.9,0.0,36.0,8.0,810.0,NVIDIA GeForce RTX 4090,2.14.0+cu126,ok
GE,reference,-,False,4096,16,65536,2.3552,2.22,4.908,114.1,3,4.908 2.22 2.3552,16.1,187.5,0.0,36.0,40.6,698.0,NVIDIA GeForce RTX 4090,2.14.0+cu126,ok
GE,graph,-,False,4096,16,65536,1.6778,1.6554,1.775,7.1,3,1.775 1.6554 1.6778,6.4,267.9,0.0,36.0,22.0,796.0,NVIDIA GeForce RTX 4090,2.14.0+cu126,ok
QA,reference,-,False,4096,16,65536,2.9759,2.971,5.3421,79.7,3,5.3421 2.971 2.9759,31.3,187.7,0.0,36.0,44.9,692.0,NVIDIA GeForce RTX 4090,2.14.0+cu126,ok
QA,graph,-,False,4096,16,65536,2.3207,2.312,2.4124,4.3,3,2.4124 2.3207 2.312,5.7,268.3,0.0,36.0,63.7,810.0,NVIDIA GeForce RTX 4090,2.14.0+cu126,ok
NN,reference,-,False,4096,16,65536,3.2298,3.1323,7.993,150.5,3,7.993 3.1323 3.2298,11.2,196.3,0.0,36.0,37.4,724.0,NVIDIA GeForce RTX 4090,2.14.0+cu126,ok
NN,graph,-,False,4096,16,65536,2.3056,2.2995,2.3744,3.2,3,2.3744 2.3056 2.2995,5.9,284.2,0.0,36.0,62.7,840.0,NVIDIA GeForce RTX 4090,2.14.0+cu126,ok
WIFI,reference,-,False,4096,16,65536,305.2456,298.2636,690.7823,128.6,3,690.782 298.264 305.246,12.8,192.1,0.0,36.0,53.4,720.0,NVIDIA GeForce RTX 4090,2.14.0+cu126,ok
WIFI,graph,-,False,4096,16,65536,147.2505,147.229,147.4116,0.1,3,147.412 147.229 147.25,0.0,275.4,0.0,36.0,99.8,1054.0,NVIDIA GeForce RTX 4090,2.14.0+cu126,ok
L1,reference,-,False,4096,16,65536,22.9135,22.6777,35.5707,56.3,3,35.5707 22.6777 22.9135,4.0,112.7,0.0,36.0,65.4,648.0,NVIDIA GeForce RTX 4090,2.14.0+cu126,ok
L1,graph,-,False,4096,16,65536,17.3205,17.3153,17.3983,0.5,3,17.3983 17.3153 17.3205,0.1,272.4,0.0,36.0,99.6,820.0,NVIDIA GeForce RTX 4090,2.14.0+cu126,ok
L1,triton,-,False,4096,16,65536,1.7516,1.7156,1.8119,5.5,3,1.8119 1.7156 1.7516,6.1,264.4,0.0,36.0,0.7,790.0,NVIDIA GeForce RTX 4090,2.14.0+cu126,ok
L2-legacy,reference,-,False,4096,16,65536,100.9658,98.4434,185.3207,86.0,3,185.321 98.4434 100.966,16.6,208.8,0.0,36.0,38.6,838.0,NVIDIA GeForce RTX 4090,2.14.0+cu126,ok
L2-legacy,graph,-,False,4096,16,65536,27.3052,27.2645,27.3478,0.3,3,27.3478 27.2645 27.3052,0.0,331.0,0.0,36.0,99.7,920.0,NVIDIA GeForce RTX 4090,2.14.0+cu126,ok
L2-legacy,triton,-,False,4096,16,65536,2.1035,2.0998,2.173,3.5,3,2.173 2.1035 2.0998,5.3,273.4,0.0,36.0,52.2,794.0,NVIDIA GeForce RTX 4090,2.14.0+cu126,ok
L2,reference,ul,False,4096,16,65536,387.6985,385.8459,756.9703,95.7,3,756.97 387.699 385.846,12.1,585.2,0.0,36.0,67.2,1376.0,NVIDIA GeForce RTX 4090,2.14.0+cu126,ok
L2,graph,ul,False,4096,16,65536,264.2953,264.2094,264.3349,0.0,3,264.295 264.209 264.335,0.1,985.7,0.0,36.0,99.9,2178.0,NVIDIA GeForce RTX 4090,2.14.0+cu126,ok
L2,triton,ul,False,4096,16,65536,13.3119,13.2987,13.3804,0.6,3,13.3804 13.3119 13.2987,0.6,602.3,0.0,36.0,98.0,1178.0,NVIDIA GeForce RTX 4090,2.14.0+cu126,ok
L2,reference,ul_dl,False,4096,16,65536,1865.3492,1862.4008,3653.3454,96.0,3,3653.35 1862.4 1865.35,5.7,708.9,0.0,36.0,68.5,1504.0,NVIDIA GeForce RTX 4090,2.14.0+cu126,ok
L2,graph,ul_dl,False,4096,16,65536,1315.2825,1315.2361,1316.4474,0.1,3,1316.45 1315.24 1315.28,0.1,1340.0,0.0,36.0,99.9,3324.0,NVIDIA GeForce RTX 4090,2.14.0+cu126,ok
L2,triton,ul_dl,False,4096,16,65536,56.9962,56.9413,57.0819,0.2,3,57.0819 56.9413 56.9962,0.0,915.7,0.0,36.0,99.1,1540.0,NVIDIA GeForce RTX 4090,2.14.0+cu126,ok
L2,reference,c3,False,4096,16,65536,317.4563,305.7123,528.4928,70.2,3,528.493 305.712 317.456,16.9,393.8,0.0,36.0,63.8,982.0,NVIDIA GeForce RTX 4090,2.14.0+cu126,ok
L2,graph,c3,False,4096,16,65536,181.9074,181.8606,182.0087,0.1,3,182.009 181.861 181.907,0.1,671.5,0.0,36.0,99.5,1712.0,NVIDIA GeForce RTX 4090,2.14.0+cu126,ok
L2,reference,c3_dl,False,4096,16,65536,1439.4779,1421.0383,1755.2667,23.2,3,1755.27 1439.48 1421.04,3.8,449.7,0.0,36.0,70.0,1066.0,NVIDIA GeForce RTX 4090,2.14.0+cu126,ok
L2,graph,c3_dl,False,4096,16,65536,883.8542,883.8301,883.9204,0.0,3,883.854 883.92 883.83,0.0,801.9,0.0,36.0,99.9,2486.0,NVIDIA GeForce RTX 4090,2.14.0+cu126,ok
L2-legacy+edge,triton,-,False,4096,16,65536,36.076,35.6034,36.741,3.2,3,36.741 35.6034 36.076,3.1,332.3,0.0,36.0,46.2,1004.0,NVIDIA GeForce RTX 4090,2.14.0+cu126,ok
L2-legacy+edge,triton,-,True,4096,16,65536,17.6806,17.6688,17.745,0.4,3,17.6688 17.6806 17.745,0.2,411.9,0.0,36.0,98.9,1136.0,NVIDIA GeForce RTX 4090,2.14.0+cu126,ok
L2-legacy+energy,triton,-,False,4096,16,65536,2.4326,2.4265,2.4558,1.2,3,2.4558 2.4265 2.4326,5.0,274.3,0.0,36.0,52.2,796.0,NVIDIA GeForce RTX 4090,2.14.0+cu126,ok
L2-legacy+energy,triton,-,True,4096,16,65536,2.2947,2.2883,2.2992,0.5,3,2.2883 2.2947 2.2992,4.1,274.3,0.0,36.0,51.3,780.0,NVIDIA GeForce RTX 4090,2.14.0+cu126,ok
L0,reference,-,False,4096,100,409600,4.7519,4.5455,4.8102,5.6,3,4.7519 4.5455 4.8102,2.4,707.3,0.0,36.0,63.4,1370.0,NVIDIA GeForce RTX 4090,2.14.0+cu126,ok
L0,graph,-,False,4096,100,409600,10.5587,10.5553,10.5595,0.0,3,10.5595 10.5553 10.5587,0.1,1694.7,0.0,36.0,96.4,2320.0,NVIDIA GeForce RTX 4090,2.14.0+cu126,ok
L0DR,reference,-,False,4096,100,409600,4.7217,4.5985,4.772,3.7,3,4.5985 4.7217 4.772,1.7,707.4,0.0,36.0,65.3,1370.0,NVIDIA GeForce RTX 4090,2.14.0+cu126,ok
L0DR,graph,-,False,4096,100,409600,10.5552,10.5547,10.5553,0.0,3,10.5552 10.5547 10.5553,0.0,1694.8,0.0,36.0,95.7,2320.0,NVIDIA GeForce RTX 4090,2.14.0+cu126,ok
L05,reference,-,False,4096,100,409600,5.0766,5.0077,5.3377,6.5,3,5.0077 5.0766 5.3377,4.7,707.4,0.0,36.0,60.0,1376.0,NVIDIA GeForce RTX 4090,2.14.0+cu126,ok
L05,graph,-,False,4096,100,409600,10.8778,10.8767,10.8861,0.1,3,10.8861 10.8778 10.8767,0.1,1694.7,0.0,36.0,99.3,2308.0,NVIDIA GeForce RTX 4090,2.14.0+cu126,ok
L05Q,reference,-,False,4096,100,409600,4.9751,4.9476,5.1733,4.5,3,4.9476 4.9751 5.1733,4.0,707.4,0.0,36.0,63.6,1376.0,NVIDIA GeForce RTX 4090,2.14.0+cu126,ok
L05Q,graph,-,False,4096,100,409600,10.9134,10.9109,10.9288,0.2,3,10.9288 10.9109 10.9134,0.2,1694.8,0.0,36.0,95.9,2308.0,NVIDIA GeForce RTX 4090,2.14.0+cu126,ok
TR,reference,-,False,4096,100,409600,10.9408,10.9246,10.9695,0.4,3,10.9695 10.9246 10.9408,1.0,1175.9,0.0,36.0,84.0,1762.0,NVIDIA GeForce RTX 4090,2.14.0+cu126,ok
TR,graph,-,False,4096,100,409600,10.641,10.6377,10.654,0.2,3,10.654 10.6377 10.641,0.3,1686.9,0.0,36.0,99.2,2294.0,NVIDIA GeForce RTX 4090,2.14.0+cu126,ok
GE,reference,-,False,4096,100,409600,11.075,11.0631,11.0863,0.2,3,11.0863 11.075 11.0631,0.7,1176.9,0.0,36.0,83.6,1776.0,NVIDIA GeForce RTX 4090,2.14.0+cu126,ok
GE,graph,-,False,4096,100,409600,10.8446,10.8411,10.8561,0.1,3,10.8561 10.8446 10.8411,0.1,1686.9,0.0,36.0,97.8,2308.0,NVIDIA GeForce RTX 4090,2.14.0+cu126,ok
QA,reference,-,False,4096,100,409600,15.3606,15.3364,15.3624,0.2,3,15.3606 15.3624 15.3364,0.8,1180.4,0.0,36.0,89.6,1774.0,NVIDIA GeForce RTX 4090,2.14.0+cu126,ok
QA,graph,-,False,4096,100,409600,15.0004,14.9998,15.0057,0.0,3,15.0004 15.0057 14.9998,0.1,1691.0,0.0,36.0,99.5,2306.0,NVIDIA GeForce RTX 4090,2.14.0+cu126,ok
NN,reference,-,False,4096,100,409600,15.6155,15.6125,15.6159,0.0,3,15.6125 15.6159 15.6155,0.6,1189.1,0.0,36.0,88.2,1832.0,NVIDIA GeForce RTX 4090,2.14.0+cu126,ok
NN,graph,-,False,4096,100,409600,15.215,15.2131,15.2162,0.0,3,15.2131 15.215 15.2162,0.1,1703.3,0.0,36.0,99.7,2388.0,NVIDIA GeForce RTX 4090,2.14.0+cu126,ok
WIFI,reference,-,False,4096,100,409600,923.3276,916.8846,924.5015,0.8,3,923.328 924.501 916.885,1.5,1208.1,0.0,36.0,90.6,2042.0,NVIDIA GeForce RTX 4090,2.14.0+cu126,ok
WIFI,graph,-,False,4096,100,409600,791.8013,790.2454,791.8269,0.2,3,791.801 790.245 791.827,0.2,1735.8,0.0,36.0,100.0,2766.0,NVIDIA GeForce RTX 4090,2.14.0+cu126,ok
L1,reference,-,False,4096,100,409600,106.7555,106.6307,106.8558,0.2,3,106.856 106.755 106.631,0.2,708.3,0.0,36.0,96.3,1456.0,NVIDIA GeForce RTX 4090,2.14.0+cu126,ok
L1,graph,-,False,4096,100,409600,108.3658,108.1734,108.3733,0.2,3,108.373 108.173 108.366,0.0,1713.5,0.0,36.0,100.0,2344.0,NVIDIA GeForce RTX 4090,2.14.0+cu126,ok
L1,triton,-,False,4096,100,409600,11.0715,11.0633,11.0768,0.1,3,11.0633 11.0768 11.0715,0.1,1661.5,0.0,36.0,99.0,2276.0,NVIDIA GeForce RTX 4090,2.14.0+cu126,ok
L2-legacy,reference,-,False,4096,100,409600,191.4892,188.8454,204.5854,8.2,3,188.845 204.585 191.489,3.4,1291.1,0.0,36.0,73.9,2564.0,NVIDIA GeForce RTX 4090,2.14.0+cu126,ok
L2-legacy,graph,-,False,4096,100,409600,135.0413,135.036,135.3079,0.2,3,135.041 135.308 135.036,0.3,2076.4,0.0,36.0,100.0,2764.0,NVIDIA GeForce RTX 4090,2.14.0+cu126,ok
L2-legacy,triton,-,False,4096,100,409600,17.7312,17.7291,17.7325,0.0,3,17.7325 17.7312 17.7291,0.2,1718.1,0.0,36.0,99.9,2328.0,NVIDIA GeForce RTX 4090,2.14.0+cu126,ok
L2,reference,ul,False,4096,100,409600,2309.8851,2309.7956,2314.2431,0.2,3,2309.8 2309.89 2314.24,0.3,3604.5,0.0,36.0,97.9,5722.0,NVIDIA GeForce RTX 4090,2.14.0+cu126,ok
L2,graph,ul,False,4096,100,409600,2228.4075,2227.1014,2229.516,0.1,3,2229.52 2228.41 2227.1,0.1,6110.7,0.0,36.0,100.0,8084.0,NVIDIA GeForce RTX 4090,2.14.0+cu126,ok
L2,triton,ul,False,4096,100,409600,67.8285,67.8253,67.8465,0.0,3,67.8253 67.8465 67.8285,0.2,3725.6,0.0,36.0,100.0,4196.0,NVIDIA GeForce RTX 4090,2.14.0+cu126,ok
L2,reference,ul_dl,False,4096,100,409600,11466.9939,11461.907,11477.7558,0.1,3,11467 11477.8 11461.9,0.1,4382.7,0.0,36.0,98.1,6574.0,NVIDIA GeForce RTX 4090,2.14.0+cu126,ok
L2,graph,ul_dl,False,4096,100,409600,11083.5605,11082.9168,11085.6039,0.0,3,11082.9 11083.6 11085.6,0.0,8305.9,0.0,36.0,100.0,11668.0,NVIDIA GeForce RTX 4090,2.14.0+cu126,ok
L2,triton,ul_dl,False,4096,100,409600,294.7342,294.2514,294.8135,0.2,3,294.251 294.734 294.813,0.1,5675.7,0.0,36.0,100.0,6346.0,NVIDIA GeForce RTX 4090,2.14.0+cu126,ok
L2,reference,c3,False,4096,100,409600,1712.4061,1707.8452,1714.8434,0.4,3,1712.41 1707.85 1714.84,0.4,2368.4,0.0,36.0,96.8,3340.0,NVIDIA GeForce RTX 4090,2.14.0+cu126,ok
L2,graph,c3,False,4096,100,409600,1620.2824,1620.134,1620.5609,0.0,3,1620.13 1620.56 1620.28,0.0,4093.5,0.0,36.0,100.0,5344.0,NVIDIA GeForce RTX 4090,2.14.0+cu126,ok
L2,reference,c3_dl,False,4096,100,409600,8318.0106,8313.036,8324.1487,0.1,3,8313.04 8324.15 8318.01,0.2,2699.4,0.0,36.0,97.6,3734.0,NVIDIA GeForce RTX 4090,2.14.0+cu126,ok
L2,graph,c3_dl,False,4096,100,409600,7948.4811,7939.9177,7948.5523,0.1,3,7948.55 7948.48 7939.92,0.0,4902.6,0.0,36.0,100.0,6902.0,NVIDIA GeForce RTX 4090,2.14.0+cu126,ok
L2-legacy+edge,triton,-,False,4096,100,409600,106.6646,106.2714,107.7387,1.4,3,106.665 106.271 107.739,4.3,2056.6,0.0,36.0,84.4,3468.0,NVIDIA GeForce RTX 4090,2.14.0+cu126,ok
L2-legacy+edge,triton,-,True,4096,100,409600,390.6956,390.5371,390.7092,0.0,3,390.696 390.709 390.537,0.0,2520.0,0.0,36.0,100.0,4088.0,NVIDIA GeForce RTX 4090,2.14.0+cu126,ok
L2-legacy+energy,triton,-,False,4096,100,409600,18.4136,18.3943,18.4178,0.1,3,18.4136 18.3943 18.4178,0.3,1723.3,0.0,36.0,99.5,2330.0,NVIDIA GeForce RTX 4090,2.14.0+cu126,ok
L2-legacy+energy,triton,-,True,4096,100,409600,18.3643,18.3352,18.3655,0.2,3,18.3643 18.3352 18.3655,0.1,1723.3,0.0,36.0,99.9,2126.0,NVIDIA GeForce RTX 4090,2.14.0+cu126,ok
