case,backend,cfg,E,R,robots,ms_median,ms_min,ms_max,spread_pct,steps_per_window,peak_mib,idle_util_max,idle_mem_used_mib,idle_compute_apps,run_util_mean,gpu,torch,status
L2-legacy,graph,-,256,16,4096,10.8946,10.8946,10.9035,0.1,100,20.6,0.0,3.0,0,95.3,NVIDIA L40,2.14.0+cu126,ok
L2-legacy,triton,-,256,16,4096,0.3949,0.3949,0.3996,1.2,100,17.1,0.0,3.0,0,0.0,NVIDIA L40,2.14.0+cu126,ok
L2,triton,ul,256,16,4096,1.5033,1.5028,1.507,0.3,100,41.7,0.0,3.0,0,2.0,NVIDIA L40,2.14.0+cu126,ok
L2,graph,ul,256,16,4096,55.3762,55.3704,55.4612,0.2,36,65.5,0.0,3.0,0,99.8,NVIDIA L40,2.14.0+cu126,ok
L2,triton,ul_dl,256,16,4096,5.7139,5.713,5.7192,0.1,100,61.2,0.0,3.0,0,87.5,NVIDIA L40,2.14.0+cu126,ok
L2,graph,ul_dl,256,16,4096,266.1954,266.0015,266.7159,0.3,8,87.4,0.0,3.0,0,100.0,NVIDIA L40,2.14.0+cu126,ok
L2,reference,ul,256,16,4096,341.906,341.4497,355.9641,4.2,5,40.5,0.0,3.0,0,24.4,NVIDIA L40,2.14.0+cu126,ok
L2,reference,ul_dl,256,16,4096,1540.5462,1539.4482,1541.2828,0.1,2,48.3,0.0,3.0,0,26.0,NVIDIA L40,2.14.0+cu126,ok
L2-legacy,graph,-,1024,32,32768,19.2482,19.2479,19.2524,0.0,100,167.4,0.0,3.0,0,99.9,NVIDIA L40,2.14.0+cu126,ok
L2-legacy,triton,-,1024,32,32768,1.0829,1.0829,1.0882,0.5,100,138.0,0.0,3.0,0,1.0,NVIDIA L40,2.14.0+cu126,ok
L2,triton,ul,1024,32,32768,5.6819,5.6798,5.686,0.1,100,302.4,0.0,3.0,0,78.0,NVIDIA L40,2.14.0+cu126,ok
L2,graph,ul,1024,32,32768,145.2644,145.2605,145.287,0.0,14,495.8,0.0,3.0,0,100.0,NVIDIA L40,2.14.0+cu126,ok
L2,triton,ul_dl,1024,32,32768,23.768,23.7664,23.768,0.0,82,460.8,0.0,3.0,0,99.7,NVIDIA L40,2.14.0+cu126,ok
L2,graph,ul_dl,1024,32,32768,722.453,722.3595,722.5039,0.0,5,675.0,0.0,3.0,0,100.0,NVIDIA L40,2.14.0+cu126,ok
L2,reference,ul,1024,32,32768,334.4335,333.9083,335.5356,0.5,5,296.0,0.0,3.0,0,50.3,NVIDIA L40,2.14.0+cu126,ok
L2,reference,ul_dl,1024,32,32768,1670.1072,1667.5537,1670.9137,0.2,2,359.2,0.0,3.0,0,51.2,NVIDIA L40,2.14.0+cu126,ok
L2-legacy,graph,-,4096,16,65536,28.4204,28.4146,28.4274,0.0,71,331.0,0.0,3.0,0,99.8,NVIDIA L40,2.14.0+cu126,ok
L2-legacy,triton,-,4096,16,65536,2.1393,2.137,2.1417,0.2,100,273.4,0.0,3.0,0,51.5,NVIDIA L40,2.14.0+cu126,ok
L2,triton,ul,4096,16,65536,13.6118,13.5802,13.6261,0.3,100,602.3,0.0,3.0,0,99.6,NVIDIA L40,2.14.0+cu126,ok
L2,graph,ul,4096,16,65536,288.4266,288.404,288.4518,0.0,7,985.7,0.0,3.0,0,99.9,NVIDIA L40,2.14.0+cu126,ok
L2,triton,ul_dl,4096,16,65536,58.3144,58.2943,58.3744,0.1,34,915.7,0.0,3.0,0,99.8,NVIDIA L40,2.14.0+cu126,ok
L2,graph,ul_dl,4096,16,65536,1444.1744,1444.135,1444.2461,0.0,5,1340.0,0.0,3.0,0,99.9,NVIDIA L40,2.14.0+cu126,ok
L2,reference,ul,4096,16,65536,361.3411,360.6219,362.381,0.5,5,585.2,0.0,3.0,0,84.4,NVIDIA L40,2.14.0+cu126,ok
L2,reference,ul_dl,4096,16,65536,1588.6059,1584.0074,1593.5976,0.6,2,708.9,0.0,3.0,0,97.7,NVIDIA L40,2.14.0+cu126,ok
L2-legacy,graph,-,4096,100,409600,141.6632,141.661,141.711,0.0,15,2076.4,0.0,3.0,0,100.0,NVIDIA L40,2.14.0+cu126,ok
L2-legacy,triton,-,4096,100,409600,19.1167,19.1162,19.1239,0.0,100,1718.1,0.0,3.0,0,100.0,NVIDIA L40,2.14.0+cu126,ok
L2,triton,ul,4096,100,409600,72.6214,72.5938,72.676,0.1,28,3725.6,0.0,3.0,0,100.0,NVIDIA L40,2.14.0+cu126,ok
L2,graph,ul,4096,100,409600,2833.5275,2833.5201,2833.7956,0.0,5,6110.7,0.0,3.0,0,100.0,NVIDIA L40,2.14.0+cu126,ok
L2,triton,ul_dl,4096,100,409600,309.3282,308.9014,309.4172,0.2,7,5675.7,0.0,3.0,0,100.0,NVIDIA L40,2.14.0+cu126,ok
L2,graph,ul_dl,4096,100,409600,14125.451,14125.3278,14125.6225,0.0,5,8305.9,0.0,3.0,0,100.0,NVIDIA L40,2.14.0+cu126,ok
L2,reference,ul,4096,100,409600,2845.7185,2845.6865,2846.1851,0.0,2,3604.5,0.0,3.0,0,100.0,NVIDIA L40,2.14.0+cu126,ok
L2,reference,ul_dl,4096,100,409600,14195.7963,14195.5884,14197.9769,0.0,2,4382.7,0.0,3.0,0,100.0,NVIDIA L40,2.14.0+cu126,ok
