arm,delay_ms,cdf
ideal,0.1,1.00000
ideal,0.1042,1.00000
ideal,0.1086,1.00000
ideal,0.1132,1.00000
ideal,0.1179,1.00000
ideal,0.1229,1.00000
ideal,0.1281,1.00000
ideal,0.1335,1.00000
ideal,0.1391,1.00000
ideal,0.145,1.00000
ideal,0.1511,1.00000
ideal,0.1574,1.00000
ideal,0.1641,1.00000
ideal,0.171,1.00000
ideal,0.1782,1.00000
ideal,0.1857,1.00000
ideal,0.1935,1.00000
ideal,0.2017,1.00000
ideal,0.2102,1.00000
ideal,0.219,1.00000
ideal,0.2283,1.00000
ideal,0.2379,1.00000
ideal,0.2479,1.00000
ideal,0.2583,1.00000
ideal,0.2692,1.00000
ideal,0.2806,1.00000
ideal,0.2924,1.00000
ideal,0.3047,1.00000
ideal,0.3175,1.00000
ideal,0.3309,1.00000
ideal,0.3448,1.00000
ideal,0.3594,1.00000
ideal,0.3745,1.00000
ideal,0.3903,1.00000
ideal,0.4067,1.00000
ideal,0.4239,1.00000
ideal,0.4417,1.00000
ideal,0.4603,1.00000
ideal,0.4797,1.00000
ideal,0.4999,1.00000
ideal,0.521,1.00000
ideal,0.5429,1.00000
ideal,0.5658,1.00000
ideal,0.5897,1.00000
ideal,0.6145,1.00000
ideal,0.6404,1.00000
ideal,0.6674,1.00000
ideal,0.6955,1.00000
ideal,0.7248,1.00000
ideal,0.7553,1.00000
ideal,0.7871,1.00000
ideal,0.8203,1.00000
ideal,0.8548,1.00000
ideal,0.8909,1.00000
ideal,0.9284,1.00000
ideal,0.9675,1.00000
ideal,1.008,1.00000
ideal,1.051,1.00000
ideal,1.095,1.00000
ideal,1.141,1.00000
ideal,1.189,1.00000
ideal,1.239,1.00000
ideal,1.292,1.00000
ideal,1.346,1.00000
ideal,1.403,1.00000
ideal,1.462,1.00000
ideal,1.523,1.00000
ideal,1.587,1.00000
ideal,1.654,1.00000
ideal,1.724,1.00000
ideal,1.797,1.00000
ideal,1.872,1.00000
ideal,1.951,1.00000
ideal,2.033,1.00000
ideal,2.119,1.00000
ideal,2.208,1.00000
ideal,2.301,1.00000
ideal,2.398,1.00000
ideal,2.499,1.00000
ideal,2.605,1.00000
ideal,2.714,1.00000
ideal,2.829,1.00000
ideal,2.948,1.00000
ideal,3.072,1.00000
ideal,3.202,1.00000
ideal,3.336,1.00000
ideal,3.477,1.00000
ideal,3.623,1.00000
ideal,3.776,1.00000
ideal,3.935,1.00000
ideal,4.101,1.00000
ideal,4.274,1.00000
ideal,4.454,1.00000
ideal,4.641,1.00000
ideal,4.837,1.00000
ideal,5.041,1.00000
ideal,5.253,1.00000
ideal,5.474,1.00000
ideal,5.705,1.00000
ideal,5.945,1.00000
ideal,6.196,1.00000
ideal,6.457,1.00000
ideal,6.729,1.00000
ideal,7.012,1.00000
ideal,7.308,1.00000
ideal,7.616,1.00000
ideal,7.936,1.00000
ideal,8.271,1.00000
ideal,8.619,1.00000
ideal,8.982,1.00000
ideal,9.361,1.00000
ideal,9.755,1.00000
ideal,10.17,1.00000
ideal,10.59,1.00000
ideal,11.04,1.00000
ideal,11.51,1.00000
ideal,11.99,1.00000
ideal,12.5,1.00000
ideal,13.02,1.00000
ideal,13.57,1.00000
ideal,14.14,1.00000
ideal,14.74,1.00000
ideal,15.36,1.00000
ideal,16.01,1.00000
ideal,16.68,1.00000
ideal,17.38,1.00000
ideal,18.12,1.00000
ideal,18.88,1.00000
ideal,19.67,1.00000
ideal,20.5,1.00000
ideal,21.37,1.00000
ideal,22.27,1.00000
ideal,23.2,1.00000
ideal,24.18,1.00000
ideal,25.2,1.00000
ideal,26.26,1.00000
ideal,27.37,1.00000
ideal,28.52,1.00000
ideal,29.72,1.00000
ideal,30.98,1.00000
ideal,32.28,1.00000
ideal,33.64,1.00000
ideal,35.06,1.00000
ideal,36.53,1.00000
ideal,38.07,1.00000
ideal,39.68,1.00000
ideal,41.35,1.00000
ideal,43.09,1.00000
ideal,44.91,1.00000
ideal,46.8,1.00000
ideal,48.77,1.00000
ideal,50.82,1.00000
ideal,52.96,1.00000
ideal,55.2,1.00000
ideal,57.52,1.00000
ideal,59.94,1.00000
ideal,62.47,1.00000
ideal,65.1,1.00000
ideal,67.84,1.00000
ideal,70.7,1.00000
ideal,73.68,1.00000
ideal,76.78,1.00000
ideal,80.02,1.00000
ideal,83.39,1.00000
ideal,86.9,1.00000
ideal,90.56,1.00000
ideal,94.38,1.00000
ideal,98.36,1.00000
ideal,102.5,1.00000
ideal,106.8,1.00000
ideal,111.3,1.00000
ideal,116,1.00000
ideal,120.9,1.00000
ideal,126,1.00000
ideal,131.3,1.00000
ideal,136.8,1.00000
ideal,142.6,1.00000
ideal,148.6,1.00000
ideal,154.9,1.00000
ideal,161.4,1.00000
ideal,168.2,1.00000
ideal,175.3,1.00000
ideal,182.6,1.00000
ideal,190.3,1.00000
ideal,198.4,1.00000
ideal,206.7,1.00000
ideal,215.4,1.00000
ideal,224.5,1.00000
ideal,234,1.00000
ideal,243.8,1.00000
ideal,254.1,1.00000
ideal,264.8,1.00000
ideal,275.9,1.00000
ideal,287.6,1.00000
ideal,299.7,1.00000
ideal,312.3,1.00000
ideal,325.5,1.00000
ideal,339.2,1.00000
ideal,353.5,1.00000
ideal,368.4,1.00000
ideal,383.9,1.00000
ideal,400,1.00000
ideal,416.9,1.00000
ideal,434.5,1.00000
ideal,452.8,1.00000
ideal,471.8,1.00000
ideal,491.7,1.00000
ideal,512.4,1.00000
ideal,534,1.00000
ideal,556.5,1.00000
ideal,580,1.00000
ideal,604.4,1.00000
ideal,629.9,1.00000
ideal,656.4,1.00000
ideal,684,1.00000
ideal,712.9,1.00000
ideal,742.9,1.00000
ideal,774.2,1.00000
ideal,806.8,1.00000
ideal,840.8,1.00000
ideal,876.2,1.00000
ideal,913.1,1.00000
ideal,951.6,1.00000
ideal,991.7,1.00000
ideal,1033,1.00000
ideal,1077,1.00000
ideal,1122,1.00000
ideal,1170,1.00000
ideal,1219,1.00000
ideal,1270,1.00000
ideal,1324,1.00000
ideal,1380,1.00000
ideal,1438,1.00000
ideal,1498,1.00000
ideal,1561,1.00000
ideal,1627,1.00000
ideal,1696,1.00000
ideal,1767,1.00000
ideal,1842,1.00000
ideal,1919,1.00000
ideal,2000,1.00000
L2,0.1,0.00000
L2,0.1042,0.00000
L2,0.1086,0.00000
L2,0.1132,0.00000
L2,0.1179,0.00000
L2,0.1229,0.00000
L2,0.1281,0.00000
L2,0.1335,0.00000
L2,0.1391,0.00000
L2,0.145,0.00000
L2,0.1511,0.00000
L2,0.1574,0.00000
L2,0.1641,0.00000
L2,0.171,0.00000
L2,0.1782,0.00000
L2,0.1857,0.00000
L2,0.1935,0.00000
L2,0.2017,0.00000
L2,0.2102,0.00000
L2,0.219,0.00000
L2,0.2283,0.00000
L2,0.2379,0.00000
L2,0.2479,0.00000
L2,0.2583,0.00000
L2,0.2692,0.00000
L2,0.2806,0.00000
L2,0.2924,0.00000
L2,0.3047,0.00000
L2,0.3175,0.00000
L2,0.3309,0.00000
L2,0.3448,0.00000
L2,0.3594,0.00000
L2,0.3745,0.00000
L2,0.3903,0.00000
L2,0.4067,0.00000
L2,0.4239,0.00000
L2,0.4417,0.00000
L2,0.4603,0.00000
L2,0.4797,0.00000
L2,0.4999,0.00000
L2,0.521,0.00000
L2,0.5429,0.00000
L2,0.5658,0.00000
L2,0.5897,0.00000
L2,0.6145,0.00000
L2,0.6404,0.00000
L2,0.6674,0.00000
L2,0.6955,0.00000
L2,0.7248,0.00000
L2,0.7553,0.00000
L2,0.7871,0.00000
L2,0.8203,0.00000
L2,0.8548,0.00000
L2,0.8909,0.00000
L2,0.9284,0.00000
L2,0.9675,0.00000
L2,1.008,0.00000
L2,1.051,0.00000
L2,1.095,0.00000
L2,1.141,0.00000
L2,1.189,0.00000
L2,1.239,0.00000
L2,1.292,0.00000
L2,1.346,0.00000
L2,1.403,0.00000
L2,1.462,0.00000
L2,1.523,0.00000
L2,1.587,0.00000
L2,1.654,0.00000
L2,1.724,0.00000
L2,1.797,0.00000
L2,1.872,0.00000
L2,1.951,0.00000
L2,2.033,0.00000
L2,2.119,0.00000
L2,2.208,0.00000
L2,2.301,0.00000
L2,2.398,0.00000
L2,2.499,0.00000
L2,2.605,0.00000
L2,2.714,0.00000
L2,2.829,0.00000
L2,2.948,0.00000
L2,3.072,0.00000
L2,3.202,0.00000
L2,3.336,0.00000
L2,3.477,0.00000
L2,3.623,0.00000
L2,3.776,0.00000
L2,3.935,0.00000
L2,4.101,0.00000
L2,4.274,0.00000
L2,4.454,0.00000
L2,4.641,0.00000
L2,4.837,0.00000
L2,5.041,0.00000
L2,5.253,0.00000
L2,5.474,0.00000
L2,5.705,0.00000
L2,5.945,0.00000
L2,6.196,0.00000
L2,6.457,0.00000
L2,6.729,0.00000
L2,7.012,0.00000
L2,7.308,0.00000
L2,7.616,0.00000
L2,7.936,0.00000
L2,8.271,0.00000
L2,8.619,0.00000
L2,8.982,0.00000
L2,9.361,0.00000
L2,9.755,0.00000
L2,10.17,0.00000
L2,10.59,0.00000
L2,11.04,0.00000
L2,11.51,0.00000
L2,11.99,0.00000
L2,12.5,0.00000
L2,13.02,0.00000
L2,13.57,0.00000
L2,14.14,0.00000
L2,14.74,0.00000
L2,15.36,0.00000
L2,16.01,0.00000
L2,16.68,0.00000
L2,17.38,0.00000
L2,18.12,0.00000
L2,18.88,0.00000
L2,19.67,0.00000
L2,20.5,0.00000
L2,21.37,0.00000
L2,22.27,0.00000
L2,23.2,0.00000
L2,24.18,0.00000
L2,25.2,0.00000
L2,26.26,0.00000
L2,27.37,0.00000
L2,28.52,0.00000
L2,29.72,0.00000
L2,30.98,0.00000
L2,32.28,0.00000
L2,33.64,0.00000
L2,35.06,0.00000
L2,36.53,0.00000
L2,38.07,0.00000
L2,39.68,0.00000
L2,41.35,0.00000
L2,43.09,0.00000
L2,44.91,0.00000
L2,46.8,0.00028
L2,48.77,0.00041
L2,50.82,0.00059
L2,52.96,0.00066
L2,55.2,0.00072
L2,57.52,0.00078
L2,59.94,0.00078
L2,62.47,0.00088
L2,65.1,0.00100
L2,67.84,0.00106
L2,70.7,0.00119
L2,73.68,0.00119
L2,76.78,0.00141
L2,80.02,0.00144
L2,83.39,0.00156
L2,86.9,0.00156
L2,90.56,0.00169
L2,94.38,0.00169
L2,98.36,0.00169
L2,102.5,0.00169
L2,106.8,0.00169
L2,111.3,0.00169
L2,116,0.00169
L2,120.9,0.00172
L2,126,0.00175
L2,131.3,0.00182
L2,136.8,0.00194
L2,142.6,0.00232
L2,148.6,0.00244
L2,154.9,0.00257
L2,161.4,0.00313
L2,168.2,0.00379
L2,175.3,0.00441
L2,182.6,0.00485
L2,190.3,0.00545
L2,198.4,0.01121
L2,206.7,0.03008
L2,215.4,0.09634
L2,224.5,0.18614
L2,234,0.31015
L2,243.8,0.41178
L2,254.1,0.49228
L2,264.8,0.55257
L2,275.9,0.60468
L2,287.6,0.64988
L2,299.7,0.68797
L2,312.3,0.73010
L2,325.5,0.77812
L2,339.2,0.81208
L2,353.5,0.84926
L2,368.4,0.88169
L2,383.9,0.91023
L2,400,0.93540
L2,416.9,0.95089
L2,434.5,0.96507
L2,452.8,0.97765
L2,471.8,0.98422
L2,491.7,0.98964
L2,512.4,0.99355
L2,534,0.99681
L2,556.5,0.99906
L2,580,0.99978
L2,604.4,1.00000
L2,629.9,1.00000
L2,656.4,1.00000
L2,684,1.00000
L2,712.9,1.00000
L2,742.9,1.00000
L2,774.2,1.00000
L2,806.8,1.00000
L2,840.8,1.00000
L2,876.2,1.00000
L2,913.1,1.00000
L2,951.6,1.00000
L2,991.7,1.00000
L2,1033,1.00000
L2,1077,1.00000
L2,1122,1.00000
L2,1170,1.00000
L2,1219,1.00000
L2,1270,1.00000
L2,1324,1.00000
L2,1380,1.00000
L2,1438,1.00000
L2,1498,1.00000
L2,1561,1.00000
L2,1627,1.00000
L2,1696,1.00000
L2,1767,1.00000
L2,1842,1.00000
L2,1919,1.00000
L2,2000,1.00000
L0,0.1,0.00000
L0,0.1042,0.00000
L0,0.1086,0.00000
L0,0.1132,0.00000
L0,0.1179,0.00000
L0,0.1229,0.00000
L0,0.1281,0.00000
L0,0.1335,0.00000
L0,0.1391,0.00000
L0,0.145,0.00000
L0,0.1511,0.00000
L0,0.1574,0.00000
L0,0.1641,0.00000
L0,0.171,0.00000
L0,0.1782,0.00000
L0,0.1857,0.00000
L0,0.1935,0.00000
L0,0.2017,0.00000
L0,0.2102,0.00000
L0,0.219,0.00000
L0,0.2283,0.00000
L0,0.2379,0.00000
L0,0.2479,0.00000
L0,0.2583,0.00000
L0,0.2692,0.00000
L0,0.2806,0.00000
L0,0.2924,0.00000
L0,0.3047,0.00000
L0,0.3175,0.00000
L0,0.3309,0.00000
L0,0.3448,0.00000
L0,0.3594,0.00000
L0,0.3745,0.00000
L0,0.3903,0.00000
L0,0.4067,0.00000
L0,0.4239,0.00000
L0,0.4417,0.00000
L0,0.4603,0.00000
L0,0.4797,0.00000
L0,0.4999,0.00000
L0,0.521,0.00000
L0,0.5429,0.00000
L0,0.5658,0.00000
L0,0.5897,0.00000
L0,0.6145,0.00000
L0,0.6404,0.00000
L0,0.6674,0.00000
L0,0.6955,0.00000
L0,0.7248,0.00000
L0,0.7553,0.00000
L0,0.7871,0.00000
L0,0.8203,0.00000
L0,0.8548,0.00000
L0,0.8909,0.00000
L0,0.9284,0.00000
L0,0.9675,0.00000
L0,1.008,0.00000
L0,1.051,0.00000
L0,1.095,0.00000
L0,1.141,0.00000
L0,1.189,0.00000
L0,1.239,0.00000
L0,1.292,0.00000
L0,1.346,0.00000
L0,1.403,0.00000
L0,1.462,0.00000
L0,1.523,0.00000
L0,1.587,0.00000
L0,1.654,0.00000
L0,1.724,0.00000
L0,1.797,0.00000
L0,1.872,0.00000
L0,1.951,0.00000
L0,2.033,0.00000
L0,2.119,0.00000
L0,2.208,0.00000
L0,2.301,0.00000
L0,2.398,0.00000
L0,2.499,0.00000
L0,2.605,0.00000
L0,2.714,0.00000
L0,2.829,0.00000
L0,2.948,0.00000
L0,3.072,0.00000
L0,3.202,0.00000
L0,3.336,0.00000
L0,3.477,0.00000
L0,3.623,0.00000
L0,3.776,0.00000
L0,3.935,0.00000
L0,4.101,0.00000
L0,4.274,0.00000
L0,4.454,0.00000
L0,4.641,0.00000
L0,4.837,0.00000
L0,5.041,0.00000
L0,5.253,0.00000
L0,5.474,0.00000
L0,5.705,0.00000
L0,5.945,0.00000
L0,6.196,0.00000
L0,6.457,0.00000
L0,6.729,0.00000
L0,7.012,0.00000
L0,7.308,0.00000
L0,7.616,0.00000
L0,7.936,0.00000
L0,8.271,0.00000
L0,8.619,0.00000
L0,8.982,0.00000
L0,9.361,0.00000
L0,9.755,0.00000
L0,10.17,0.00000
L0,10.59,0.00000
L0,11.04,0.00000
L0,11.51,0.00000
L0,11.99,0.00000
L0,12.5,0.00000
L0,13.02,0.00000
L0,13.57,0.00000
L0,14.14,0.00000
L0,14.74,0.00000
L0,15.36,0.00000
L0,16.01,0.00000
L0,16.68,0.00000
L0,17.38,0.00000
L0,18.12,0.00000
L0,18.88,0.00000
L0,19.67,0.00000
L0,20.5,0.00000
L0,21.37,0.00000
L0,22.27,0.00000
L0,23.2,0.00000
L0,24.18,0.00000
L0,25.2,0.00000
L0,26.26,0.00000
L0,27.37,0.00000
L0,28.52,0.00000
L0,29.72,0.00000
L0,30.98,0.00000
L0,32.28,0.00000
L0,33.64,0.00000
L0,35.06,0.00000
L0,36.53,0.00000
L0,38.07,0.00000
L0,39.68,0.00000
L0,41.35,0.00000
L0,43.09,0.00000
L0,44.91,0.00000
L0,46.8,0.00000
L0,48.77,0.00000
L0,50.82,0.00000
L0,52.96,0.00000
L0,55.2,0.00000
L0,57.52,0.00000
L0,59.94,0.00000
L0,62.47,0.00000
L0,65.1,0.00000
L0,67.84,0.00000
L0,70.7,0.00000
L0,73.68,0.00000
L0,76.78,0.00000
L0,80.02,0.00000
L0,83.39,0.00000
L0,86.9,0.00000
L0,90.56,0.00000
L0,94.38,0.00000
L0,98.36,0.00000
L0,102.5,0.00000
L0,106.8,0.00003
L0,111.3,0.00013
L0,116,0.00019
L0,120.9,0.00044
L0,126,0.00094
L0,131.3,0.00200
L0,136.8,0.00338
L0,142.6,0.00601
L0,148.6,0.01001
L0,154.9,0.01561
L0,161.4,0.02294
L0,168.2,0.03389
L0,175.3,0.04975
L0,182.6,0.07178
L0,190.3,0.10170
L0,198.4,0.13825
L0,206.7,0.18259
L0,215.4,0.23278
L0,224.5,0.29011
L0,234,0.35344
L0,243.8,0.42097
L0,254.1,0.49194
L0,264.8,0.56154
L0,275.9,0.63000
L0,287.6,0.69575
L0,299.7,0.75552
L0,312.3,0.80727
L0,325.5,0.85402
L0,339.2,0.89107
L0,353.5,0.92190
L0,368.4,0.94580
L0,383.9,0.96295
L0,400,0.97475
L0,416.9,0.98392
L0,434.5,0.99002
L0,452.8,0.99440
L0,471.8,0.99693
L0,491.7,0.99853
L0,512.4,0.99925
L0,534,0.99962
L0,556.5,0.99981
L0,580,0.99987
L0,604.4,0.99991
L0,629.9,0.99994
L0,656.4,0.99997
L0,684,1.00000
L0,712.9,1.00000
L0,742.9,1.00000
L0,774.2,1.00000
L0,806.8,1.00000
L0,840.8,1.00000
L0,876.2,1.00000
L0,913.1,1.00000
L0,951.6,1.00000
L0,991.7,1.00000
L0,1033,1.00000
L0,1077,1.00000
L0,1122,1.00000
L0,1170,1.00000
L0,1219,1.00000
L0,1270,1.00000
L0,1324,1.00000
L0,1380,1.00000
L0,1438,1.00000
L0,1498,1.00000
L0,1561,1.00000
L0,1627,1.00000
L0,1696,1.00000
L0,1767,1.00000
L0,1842,1.00000
L0,1919,1.00000
L0,2000,1.00000
L1,0.1,0.00000
L1,0.1042,0.00000
L1,0.1086,0.00000
L1,0.1132,0.00000
L1,0.1179,0.00000
L1,0.1229,0.00000
L1,0.1281,0.00000
L1,0.1335,0.00000
L1,0.1391,0.00000
L1,0.145,0.00000
L1,0.1511,0.00000
L1,0.1574,0.00000
L1,0.1641,0.00000
L1,0.171,0.00000
L1,0.1782,0.00000
L1,0.1857,0.00000
L1,0.1935,0.00000
L1,0.2017,0.00000
L1,0.2102,0.00000
L1,0.219,0.00000
L1,0.2283,0.00000
L1,0.2379,0.00000
L1,0.2479,0.00000
L1,0.2583,0.00000
L1,0.2692,0.00000
L1,0.2806,0.00000
L1,0.2924,0.00000
L1,0.3047,0.00000
L1,0.3175,0.00000
L1,0.3309,0.00000
L1,0.3448,0.00000
L1,0.3594,0.00000
L1,0.3745,0.00000
L1,0.3903,0.00000
L1,0.4067,0.00000
L1,0.4239,0.00000
L1,0.4417,0.00000
L1,0.4603,0.00000
L1,0.4797,0.00000
L1,0.4999,0.00000
L1,0.521,0.00000
L1,0.5429,0.00000
L1,0.5658,0.00000
L1,0.5897,0.00000
L1,0.6145,0.00000
L1,0.6404,0.00000
L1,0.6674,0.00000
L1,0.6955,0.00000
L1,0.7248,0.00000
L1,0.7553,0.00000
L1,0.7871,0.00000
L1,0.8203,0.00000
L1,0.8548,0.00000
L1,0.8909,0.00000
L1,0.9284,0.00000
L1,0.9675,0.00000
L1,1.008,0.00000
L1,1.051,0.00000
L1,1.095,0.00000
L1,1.141,0.00000
L1,1.189,0.00000
L1,1.239,0.00000
L1,1.292,0.00000
L1,1.346,0.00000
L1,1.403,0.00000
L1,1.462,0.00000
L1,1.523,0.00000
L1,1.587,0.00000
L1,1.654,0.00000
L1,1.724,0.00000
L1,1.797,0.00000
L1,1.872,0.00000
L1,1.951,0.00000
L1,2.033,0.00000
L1,2.119,0.00000
L1,2.208,0.00000
L1,2.301,0.00000
L1,2.398,0.00000
L1,2.499,0.00000
L1,2.605,0.00000
L1,2.714,0.00000
L1,2.829,0.00000
L1,2.948,0.00000
L1,3.072,0.00000
L1,3.202,0.00000
L1,3.336,0.00000
L1,3.477,0.00000
L1,3.623,0.00000
L1,3.776,0.00000
L1,3.935,0.00000
L1,4.101,0.00000
L1,4.274,0.00000
L1,4.454,0.00000
L1,4.641,0.00000
L1,4.837,0.00000
L1,5.041,0.00000
L1,5.253,0.00000
L1,5.474,0.00000
L1,5.705,0.00000
L1,5.945,0.00000
L1,6.196,0.00000
L1,6.457,0.00000
L1,6.729,0.00000
L1,7.012,0.00000
L1,7.308,0.00000
L1,7.616,0.00000
L1,7.936,0.00000
L1,8.271,0.00000
L1,8.619,0.00000
L1,8.982,0.00000
L1,9.361,0.00000
L1,9.755,0.00000
L1,10.17,0.00000
L1,10.59,0.00000
L1,11.04,0.00000
L1,11.51,0.00000
L1,11.99,0.00000
L1,12.5,0.00000
L1,13.02,0.00000
L1,13.57,0.00000
L1,14.14,0.00000
L1,14.74,0.00000
L1,15.36,0.00000
L1,16.01,0.00000
L1,16.68,0.00000
L1,17.38,0.00000
L1,18.12,0.00000
L1,18.88,0.00000
L1,19.67,0.00000
L1,20.5,0.00000
L1,21.37,0.00000
L1,22.27,0.00000
L1,23.2,0.00000
L1,24.18,0.00000
L1,25.2,0.00000
L1,26.26,0.00000
L1,27.37,0.00000
L1,28.52,0.00000
L1,29.72,0.00000
L1,30.98,0.00000
L1,32.28,0.00000
L1,33.64,0.00000
L1,35.06,0.00000
L1,36.53,0.00000
L1,38.07,0.00000
L1,39.68,0.00000
L1,41.35,0.00000
L1,43.09,0.00000
L1,44.91,0.00000
L1,46.8,0.00000
L1,48.77,0.00000
L1,50.82,0.00000
L1,52.96,0.00000
L1,55.2,0.00000
L1,57.52,0.00000
L1,59.94,0.00000
L1,62.47,0.00000
L1,65.1,0.00000
L1,67.84,0.00000
L1,70.7,0.00000
L1,73.68,0.00000
L1,76.78,0.00000
L1,80.02,0.00000
L1,83.39,0.00000
L1,86.9,0.00000
L1,90.56,0.00000
L1,94.38,0.00000
L1,98.36,0.00000
L1,102.5,0.00000
L1,106.8,0.00000
L1,111.3,0.00000
L1,116,0.00000
L1,120.9,0.00000
L1,126,0.00000
L1,131.3,0.00000
L1,136.8,0.00000
L1,142.6,0.00000
L1,148.6,0.00000
L1,154.9,0.00000
L1,161.4,0.00000
L1,168.2,0.00000
L1,175.3,0.00000
L1,182.6,0.00000
L1,190.3,0.00000
L1,198.4,0.00000
L1,206.7,0.00000
L1,215.4,0.00000
L1,224.5,0.00000
L1,234,0.00000
L1,243.8,0.00000
L1,254.1,0.00000
L1,264.8,0.00000
L1,275.9,0.84750
L1,287.6,0.94769
L1,299.7,0.97837
L1,312.3,0.99603
L1,325.5,0.99987
L1,339.2,1.00000
L1,353.5,1.00000
L1,368.4,1.00000
L1,383.9,1.00000
L1,400,1.00000
L1,416.9,1.00000
L1,434.5,1.00000
L1,452.8,1.00000
L1,471.8,1.00000
L1,491.7,1.00000
L1,512.4,1.00000
L1,534,1.00000
L1,556.5,1.00000
L1,580,1.00000
L1,604.4,1.00000
L1,629.9,1.00000
L1,656.4,1.00000
L1,684,1.00000
L1,712.9,1.00000
L1,742.9,1.00000
L1,774.2,1.00000
L1,806.8,1.00000
L1,840.8,1.00000
L1,876.2,1.00000
L1,913.1,1.00000
L1,951.6,1.00000
L1,991.7,1.00000
L1,1033,1.00000
L1,1077,1.00000
L1,1122,1.00000
L1,1170,1.00000
L1,1219,1.00000
L1,1270,1.00000
L1,1324,1.00000
L1,1380,1.00000
L1,1438,1.00000
L1,1498,1.00000
L1,1561,1.00000
L1,1627,1.00000
L1,1696,1.00000
L1,1767,1.00000
L1,1842,1.00000
L1,1919,1.00000
L1,2000,1.00000
L2-legacy,0.1,0.00000
L2-legacy,0.1042,0.00000
L2-legacy,0.1086,0.00000
L2-legacy,0.1132,0.00000
L2-legacy,0.1179,0.00000
L2-legacy,0.1229,0.00000
L2-legacy,0.1281,0.00000
L2-legacy,0.1335,0.00000
L2-legacy,0.1391,0.00000
L2-legacy,0.145,0.00000
L2-legacy,0.1511,0.00000
L2-legacy,0.1574,0.00000
L2-legacy,0.1641,0.00000
L2-legacy,0.171,0.00000
L2-legacy,0.1782,0.00000
L2-legacy,0.1857,0.00000
L2-legacy,0.1935,0.00000
L2-legacy,0.2017,0.00000
L2-legacy,0.2102,0.00000
L2-legacy,0.219,0.00000
L2-legacy,0.2283,0.00000
L2-legacy,0.2379,0.00000
L2-legacy,0.2479,0.00000
L2-legacy,0.2583,0.00000
L2-legacy,0.2692,0.00000
L2-legacy,0.2806,0.00000
L2-legacy,0.2924,0.00000
L2-legacy,0.3047,0.00000
L2-legacy,0.3175,0.00000
L2-legacy,0.3309,0.00000
L2-legacy,0.3448,0.00000
L2-legacy,0.3594,0.00000
L2-legacy,0.3745,0.00000
L2-legacy,0.3903,0.00000
L2-legacy,0.4067,0.00000
L2-legacy,0.4239,0.00000
L2-legacy,0.4417,0.00000
L2-legacy,0.4603,0.00000
L2-legacy,0.4797,0.00000
L2-legacy,0.4999,0.00000
L2-legacy,0.521,0.00000
L2-legacy,0.5429,0.00000
L2-legacy,0.5658,0.00000
L2-legacy,0.5897,0.00000
L2-legacy,0.6145,0.00000
L2-legacy,0.6404,0.00000
L2-legacy,0.6674,0.00000
L2-legacy,0.6955,0.00000
L2-legacy,0.7248,0.00000
L2-legacy,0.7553,0.00000
L2-legacy,0.7871,0.00000
L2-legacy,0.8203,0.00000
L2-legacy,0.8548,0.00000
L2-legacy,0.8909,0.00000
L2-legacy,0.9284,0.00000
L2-legacy,0.9675,0.00000
L2-legacy,1.008,0.00000
L2-legacy,1.051,0.00000
L2-legacy,1.095,0.00000
L2-legacy,1.141,0.00000
L2-legacy,1.189,0.00000
L2-legacy,1.239,0.00000
L2-legacy,1.292,0.00000
L2-legacy,1.346,0.00000
L2-legacy,1.403,0.00000
L2-legacy,1.462,0.00000
L2-legacy,1.523,0.00000
L2-legacy,1.587,0.00000
L2-legacy,1.654,0.00000
L2-legacy,1.724,0.00000
L2-legacy,1.797,0.00000
L2-legacy,1.872,0.00000
L2-legacy,1.951,0.00000
L2-legacy,2.033,0.00000
L2-legacy,2.119,0.00000
L2-legacy,2.208,0.00000
L2-legacy,2.301,0.00000
L2-legacy,2.398,0.00000
L2-legacy,2.499,0.00000
L2-legacy,2.605,0.00000
L2-legacy,2.714,0.00000
L2-legacy,2.829,0.00000
L2-legacy,2.948,0.00000
L2-legacy,3.072,0.00000
L2-legacy,3.202,0.00000
L2-legacy,3.336,0.00000
L2-legacy,3.477,0.00000
L2-legacy,3.623,0.00000
L2-legacy,3.776,0.00000
L2-legacy,3.935,0.00000
L2-legacy,4.101,0.00000
L2-legacy,4.274,0.00000
L2-legacy,4.454,0.00000
L2-legacy,4.641,0.00000
L2-legacy,4.837,0.00000
L2-legacy,5.041,0.00000
L2-legacy,5.253,0.00000
L2-legacy,5.474,0.00000
L2-legacy,5.705,0.00000
L2-legacy,5.945,0.00000
L2-legacy,6.196,0.00000
L2-legacy,6.457,0.00000
L2-legacy,6.729,0.00000
L2-legacy,7.012,0.00000
L2-legacy,7.308,0.00000
L2-legacy,7.616,0.00000
L2-legacy,7.936,0.00000
L2-legacy,8.271,0.00000
L2-legacy,8.619,0.00000
L2-legacy,8.982,0.00000
L2-legacy,9.361,0.00000
L2-legacy,9.755,0.00000
L2-legacy,10.17,0.00000
L2-legacy,10.59,0.00000
L2-legacy,11.04,0.00000
L2-legacy,11.51,0.00000
L2-legacy,11.99,0.00000
L2-legacy,12.5,0.00000
L2-legacy,13.02,0.00000
L2-legacy,13.57,0.00000
L2-legacy,14.14,0.00000
L2-legacy,14.74,0.00000
L2-legacy,15.36,0.00000
L2-legacy,16.01,0.00000
L2-legacy,16.68,0.00000
L2-legacy,17.38,0.00000
L2-legacy,18.12,0.00000
L2-legacy,18.88,0.00000
L2-legacy,19.67,0.00000
L2-legacy,20.5,0.00000
L2-legacy,21.37,0.00000
L2-legacy,22.27,0.00000
L2-legacy,23.2,0.00000
L2-legacy,24.18,0.00000
L2-legacy,25.2,0.00000
L2-legacy,26.26,0.00000
L2-legacy,27.37,0.00000
L2-legacy,28.52,0.00000
L2-legacy,29.72,0.00000
L2-legacy,30.98,0.00000
L2-legacy,32.28,0.00000
L2-legacy,33.64,0.00000
L2-legacy,35.06,0.00000
L2-legacy,36.53,0.00000
L2-legacy,38.07,0.00000
L2-legacy,39.68,0.00000
L2-legacy,41.35,0.00000
L2-legacy,43.09,0.00000
L2-legacy,44.91,0.00000
L2-legacy,46.8,0.00000
L2-legacy,48.77,0.00000
L2-legacy,50.82,0.00000
L2-legacy,52.96,0.00000
L2-legacy,55.2,0.00000
L2-legacy,57.52,0.00000
L2-legacy,59.94,0.00000
L2-legacy,62.47,0.00000
L2-legacy,65.1,0.00000
L2-legacy,67.84,0.00000
L2-legacy,70.7,0.00000
L2-legacy,73.68,0.00000
L2-legacy,76.78,0.00000
L2-legacy,80.02,0.00000
L2-legacy,83.39,0.00000
L2-legacy,86.9,0.00000
L2-legacy,90.56,0.00000
L2-legacy,94.38,0.00000
L2-legacy,98.36,0.00000
L2-legacy,102.5,0.00000
L2-legacy,106.8,0.00000
L2-legacy,111.3,0.00000
L2-legacy,116,0.00000
L2-legacy,120.9,0.00000
L2-legacy,126,0.00000
L2-legacy,131.3,0.00000
L2-legacy,136.8,0.00000
L2-legacy,142.6,0.00000
L2-legacy,148.6,0.00000
L2-legacy,154.9,0.00000
L2-legacy,161.4,0.00000
L2-legacy,168.2,0.00000
L2-legacy,175.3,0.00000
L2-legacy,182.6,0.00000
L2-legacy,190.3,0.00000
L2-legacy,198.4,0.00000
L2-legacy,206.7,0.00000
L2-legacy,215.4,0.00000
L2-legacy,224.5,0.00003
L2-legacy,234,0.00153
L2-legacy,243.8,0.01447
L2-legacy,254.1,0.05572
L2-legacy,264.8,0.16444
L2-legacy,275.9,0.43588
L2-legacy,287.6,0.71703
L2-legacy,299.7,0.84297
L2-legacy,312.3,0.92109
L2-legacy,325.5,0.96150
L2-legacy,339.2,0.97928
L2-legacy,353.5,0.99009
L2-legacy,368.4,0.99541
L2-legacy,383.9,0.99787
L2-legacy,400,0.99903
L2-legacy,416.9,0.99947
L2-legacy,434.5,0.99975
L2-legacy,452.8,0.99984
L2-legacy,471.8,0.99994
L2-legacy,491.7,0.99997
L2-legacy,512.4,0.99997
L2-legacy,534,0.99997
L2-legacy,556.5,0.99997
L2-legacy,580,1.00000
L2-legacy,604.4,1.00000
L2-legacy,629.9,1.00000
L2-legacy,656.4,1.00000
L2-legacy,684,1.00000
L2-legacy,712.9,1.00000
L2-legacy,742.9,1.00000
L2-legacy,774.2,1.00000
L2-legacy,806.8,1.00000
L2-legacy,840.8,1.00000
L2-legacy,876.2,1.00000
L2-legacy,913.1,1.00000
L2-legacy,951.6,1.00000
L2-legacy,991.7,1.00000
L2-legacy,1033,1.00000
L2-legacy,1077,1.00000
L2-legacy,1122,1.00000
L2-legacy,1170,1.00000
L2-legacy,1219,1.00000
L2-legacy,1270,1.00000
L2-legacy,1324,1.00000
L2-legacy,1380,1.00000
L2-legacy,1438,1.00000
L2-legacy,1498,1.00000
L2-legacy,1561,1.00000
L2-legacy,1627,1.00000
L2-legacy,1696,1.00000
L2-legacy,1767,1.00000
L2-legacy,1842,1.00000
L2-legacy,1919,1.00000
L2-legacy,2000,1.00000
ns3,0.1,0.00000
ns3,0.1042,0.00000
ns3,0.1086,0.00000
ns3,0.1132,0.00000
ns3,0.1179,0.00000
ns3,0.1229,0.00000
ns3,0.1281,0.00000
ns3,0.1335,0.00000
ns3,0.1391,0.00000
ns3,0.145,0.00000
ns3,0.1511,0.00000
ns3,0.1574,0.00000
ns3,0.1641,0.00000
ns3,0.171,0.00000
ns3,0.1782,0.00000
ns3,0.1857,0.00000
ns3,0.1935,0.00000
ns3,0.2017,0.00000
ns3,0.2102,0.00000
ns3,0.219,0.00000
ns3,0.2283,0.00000
ns3,0.2379,0.00000
ns3,0.2479,0.00000
ns3,0.2583,0.00000
ns3,0.2692,0.00000
ns3,0.2806,0.00000
ns3,0.2924,0.00000
ns3,0.3047,0.00000
ns3,0.3175,0.00000
ns3,0.3309,0.00000
ns3,0.3448,0.00000
ns3,0.3594,0.00000
ns3,0.3745,0.00000
ns3,0.3903,0.00000
ns3,0.4067,0.00000
ns3,0.4239,0.00000
ns3,0.4417,0.00000
ns3,0.4603,0.00000
ns3,0.4797,0.00000
ns3,0.4999,0.00000
ns3,0.521,0.00000
ns3,0.5429,0.00000
ns3,0.5658,0.00000
ns3,0.5897,0.00000
ns3,0.6145,0.00000
ns3,0.6404,0.00000
ns3,0.6674,0.00000
ns3,0.6955,0.00000
ns3,0.7248,0.00000
ns3,0.7553,0.00000
ns3,0.7871,0.00000
ns3,0.8203,0.00000
ns3,0.8548,0.00000
ns3,0.8909,0.00000
ns3,0.9284,0.00000
ns3,0.9675,0.00000
ns3,1.008,0.00000
ns3,1.051,0.00000
ns3,1.095,0.00000
ns3,1.141,0.00000
ns3,1.189,0.00000
ns3,1.239,0.00000
ns3,1.292,0.00000
ns3,1.346,0.00000
ns3,1.403,0.00000
ns3,1.462,0.00000
ns3,1.523,0.00000
ns3,1.587,0.00000
ns3,1.654,0.00000
ns3,1.724,0.00000
ns3,1.797,0.00000
ns3,1.872,0.00000
ns3,1.951,0.00000
ns3,2.033,0.00000
ns3,2.119,0.00000
ns3,2.208,0.00000
ns3,2.301,0.00000
ns3,2.398,0.00000
ns3,2.499,0.00000
ns3,2.605,0.00000
ns3,2.714,0.00000
ns3,2.829,0.00000
ns3,2.948,0.00000
ns3,3.072,0.00000
ns3,3.202,0.00000
ns3,3.336,0.00000
ns3,3.477,0.00000
ns3,3.623,0.00000
ns3,3.776,0.00000
ns3,3.935,0.00000
ns3,4.101,0.00000
ns3,4.274,0.00000
ns3,4.454,0.00000
ns3,4.641,0.00000
ns3,4.837,0.00000
ns3,5.041,0.00000
ns3,5.253,0.00000
ns3,5.474,0.00000
ns3,5.705,0.00000
ns3,5.945,0.00000
ns3,6.196,0.00000
ns3,6.457,0.00000
ns3,6.729,0.00000
ns3,7.012,0.00000
ns3,7.308,0.00000
ns3,7.616,0.00000
ns3,7.936,0.00000
ns3,8.271,0.00000
ns3,8.619,0.00000
ns3,8.982,0.00000
ns3,9.361,0.00000
ns3,9.755,0.00000
ns3,10.17,0.00000
ns3,10.59,0.00000
ns3,11.04,0.00000
ns3,11.51,0.00000
ns3,11.99,0.00000
ns3,12.5,0.00000
ns3,13.02,0.00000
ns3,13.57,0.00000
ns3,14.14,0.00000
ns3,14.74,0.00000
ns3,15.36,0.00000
ns3,16.01,0.00000
ns3,16.68,0.00000
ns3,17.38,0.00000
ns3,18.12,0.00000
ns3,18.88,0.00000
ns3,19.67,0.00000
ns3,20.5,0.00000
ns3,21.37,0.00000
ns3,22.27,0.00000
ns3,23.2,0.00000
ns3,24.18,0.00000
ns3,25.2,0.00000
ns3,26.26,0.00000
ns3,27.37,0.00000
ns3,28.52,0.00000
ns3,29.72,0.00000
ns3,30.98,0.00000
ns3,32.28,0.00000
ns3,33.64,0.00000
ns3,35.06,0.00000
ns3,36.53,0.00000
ns3,38.07,0.00000
ns3,39.68,0.00000
ns3,41.35,0.00000
ns3,43.09,0.00000
ns3,44.91,0.00000
ns3,46.8,0.00019
ns3,48.77,0.00025
ns3,50.82,0.00034
ns3,52.96,0.00082
ns3,55.2,0.00097
ns3,57.52,0.00097
ns3,59.94,0.00132
ns3,62.47,0.00154
ns3,65.1,0.00251
ns3,67.84,0.00276
ns3,70.7,0.00332
ns3,73.68,0.00335
ns3,76.78,0.00379
ns3,80.02,0.00386
ns3,83.39,0.00448
ns3,86.9,0.00451
ns3,90.56,0.00480
ns3,94.38,0.00483
ns3,98.36,0.00495
ns3,102.5,0.00498
ns3,106.8,0.00514
ns3,111.3,0.00527
ns3,116,0.00536
ns3,120.9,0.00542
ns3,126,0.00583
ns3,131.3,0.00586
ns3,136.8,0.00596
ns3,142.6,0.00630
ns3,148.6,0.00646
ns3,154.9,0.00699
ns3,161.4,0.00790
ns3,168.2,0.00868
ns3,175.3,0.01110
ns3,182.6,0.01546
ns3,190.3,0.02577
ns3,198.4,0.04643
ns3,206.7,0.08931
ns3,215.4,0.20305
ns3,224.5,0.29791
ns3,234,0.39067
ns3,243.8,0.45929
ns3,254.1,0.51265
ns3,264.8,0.55651
ns3,275.9,0.60460
ns3,287.6,0.65253
ns3,299.7,0.68823
ns3,312.3,0.73168
ns3,325.5,0.77990
ns3,339.2,0.82003
ns3,353.5,0.85909
ns3,368.4,0.89166
ns3,383.9,0.92022
ns3,400,0.94417
ns3,416.9,0.96417
ns3,434.5,0.97639
ns3,452.8,0.98734
ns3,471.8,0.99282
ns3,491.7,0.99630
ns3,512.4,0.99846
ns3,534,0.99956
ns3,556.5,0.99981
ns3,580,0.99984
ns3,604.4,0.99997
ns3,629.9,0.99997
ns3,656.4,0.99997
ns3,684,0.99997
ns3,712.9,0.99997
ns3,742.9,0.99997
ns3,774.2,0.99997
ns3,806.8,0.99997
ns3,840.8,0.99997
ns3,876.2,0.99997
ns3,913.1,0.99997
ns3,951.6,0.99997
ns3,991.7,1.00000
ns3,1033,1.00000
ns3,1077,1.00000
ns3,1122,1.00000
ns3,1170,1.00000
ns3,1219,1.00000
ns3,1270,1.00000
ns3,1324,1.00000
ns3,1380,1.00000
ns3,1438,1.00000
ns3,1498,1.00000
ns3,1561,1.00000
ns3,1627,1.00000
ns3,1696,1.00000
ns3,1767,1.00000
ns3,1842,1.00000
ns3,1919,1.00000
ns3,2000,1.00000
