arm,N,runs,reps,E,steps,wall_s,wall_per_sim_s_per_env,backend,preset,overrides
nrconfig,64,30,4,120,322,10.00,0.00259,triton,NRConfig,""
nrconfig,32,30,4,120,322,9.82,0.00254,triton,NRConfig,""
nrconfig,16,27,4,108,322,2.07,0.00060,triton,NRConfig,""
nrconfig,8,24,4,96,322,2.08,0.00067,triton,NRConfig,""
nrconfig,4,21,4,84,322,2.07,0.00077,triton,NRConfig,""
nrconfig,2,12,4,48,322,2.03,0.00131,triton,NRConfig,""
nrconfig,1,9,4,36,322,9.12,0.00787,triton,NRConfig,""
nrconfig_nofade,64,30,4,120,322,7.75,0.00201,triton,NRConfig,"fading=False"
nrconfig_nofade,32,30,4,120,322,7.37,0.00191,triton,NRConfig,"fading=False"
nrconfig_nofade,16,27,4,108,322,7.43,0.00214,triton,NRConfig,"fading=False"
nrconfig_nofade,8,24,4,96,322,7.32,0.00237,triton,NRConfig,"fading=False"
nrconfig_nofade,4,21,4,84,322,7.65,0.00283,triton,NRConfig,"fading=False"
nrconfig_nofade,2,12,4,48,322,0.82,0.00053,triton,NRConfig,"fading=False"
nrconfig_nofade,1,9,4,36,322,7.54,0.00650,triton,NRConfig,"fading=False"
v1_triton,64,30,4,120,322,9.11,0.00236,triton,lena_validation,""
v1_triton,32,30,4,120,322,9.72,0.00251,triton,lena_validation,""
v1_triton,16,27,4,108,322,1.31,0.00038,triton,lena_validation,""
v1_triton,8,24,4,96,322,9.13,0.00295,triton,lena_validation,""
v1_triton,4,21,4,84,322,8.74,0.00323,triton,lena_validation,""
v1_triton,2,12,4,48,322,2.35,0.00152,triton,lena_validation,""
v1_triton,1,9,4,36,322,9.21,0.00794,triton,lena_validation,""
v2_graph,64,30,4,120,322,28.42,0.00736,graph,lena_validation_v2,""
v2_graph,32,30,4,120,322,22.23,0.00575,graph,lena_validation_v2,""
v2_graph,16,27,4,108,322,16.73,0.00481,graph,lena_validation_v2,""
v2_graph,8,24,4,96,322,16.47,0.00533,graph,lena_validation_v2,""
v2_graph,4,21,4,84,322,15.46,0.00572,graph,lena_validation_v2,""
v2_graph,2,12,4,48,322,17.37,0.01124,graph,lena_validation_v2,""
v2_graph,1,9,4,36,322,26.17,0.02257,graph,lena_validation_v2,""
v2_lumped40,64,30,4,120,322,9.54,0.00247,triton,lena_validation_v2,"ul_grant_model=lumped sr_grant_delay_slots=40"
v2_lumped40,32,30,4,120,322,9.20,0.00238,triton,lena_validation_v2,"ul_grant_model=lumped sr_grant_delay_slots=40"
v2_lumped40,16,27,4,108,322,1.06,0.00030,triton,lena_validation_v2,"ul_grant_model=lumped sr_grant_delay_slots=40"
v2_lumped40,8,24,4,96,322,8.46,0.00274,triton,lena_validation_v2,"ul_grant_model=lumped sr_grant_delay_slots=40"
v2_lumped40,4,21,4,84,322,8.31,0.00307,triton,lena_validation_v2,"ul_grant_model=lumped sr_grant_delay_slots=40"
v2_lumped40,2,12,4,48,322,0.93,0.00060,triton,lena_validation_v2,"ul_grant_model=lumped sr_grant_delay_slots=40"
v2_lumped40,1,9,4,36,322,8.98,0.00775,triton,lena_validation_v2,"ul_grant_model=lumped sr_grant_delay_slots=40"
v2_lumped40_fb16,64,30,4,120,322,8.46,0.00219,triton,lena_validation_v2,"ul_grant_model=lumped sr_grant_delay_slots=40 frame_buffer=16"
v2_lumped40_fb16,32,30,4,120,322,8.01,0.00207,triton,lena_validation_v2,"ul_grant_model=lumped sr_grant_delay_slots=40 frame_buffer=16"
v2_lumped40_fb16,16,27,4,108,322,8.37,0.00241,triton,lena_validation_v2,"ul_grant_model=lumped sr_grant_delay_slots=40 frame_buffer=16"
v2_lumped40_fb16,8,24,4,96,322,9.10,0.00294,triton,lena_validation_v2,"ul_grant_model=lumped sr_grant_delay_slots=40 frame_buffer=16"
v2_lumped40_fb16,4,21,4,84,322,8.89,0.00329,triton,lena_validation_v2,"ul_grant_model=lumped sr_grant_delay_slots=40 frame_buffer=16"
v2_lumped40_fb16,2,12,4,48,322,2.33,0.00151,triton,lena_validation_v2,"ul_grant_model=lumped sr_grant_delay_slots=40 frame_buffer=16"
v2_lumped40_fb16,1,9,4,36,322,8.75,0.00755,triton,lena_validation_v2,"ul_grant_model=lumped sr_grant_delay_slots=40 frame_buffer=16"
