arm,label,regime,runs,p50_med,p50_absmed,p95_med,p95_absmed,drop_med,ks_med,prb_med,w1_ms_med,bler_diff_med
primary_eng,"v1 (`lena_validation()`), CPU reference",all,153,-0.0621158,0.0970861,-0.0698174,0.0859273,-0.00628931,0.278699,-0.0963659,12.8866,0.000930609
primary_eng,"v1 (`lena_validation()`), CPU reference",light,79,-0.00158572,0.0422928,-0.0920053,0.0952464,0,0.255625,-0.133816,3.4818,-0.000198545
primary_eng,"v1 (`lena_validation()`), CPU reference",moderate,36,-0.269284,0.269284,-0.153558,0.168971,-0.0405463,0.315816,-0.0537712,66.8144,0.000674217
primary_eng,"v1 (`lena_validation()`), CPU reference",saturated,38,-0.337074,0.348413,-0.0333854,0.0419486,-0.0683698,0.379592,0.00048389,135.194,0.00552772
v2,"v2 (`lena_validation_v2()`), CPU reference",all,153,-0.00240873,0.0341884,-0.012396,0.0349461,0,0.168807,-0.0344044,7.38845,0.00474824
v2,"v2 (`lena_validation_v2()`), CPU reference",light,79,-0.00240873,0.0249046,-0.025018,0.0349461,0,0.245283,-0.0322292,2.01436,0.00132217
v2,"v2 (`lena_validation_v2()`), CPU reference",moderate,36,-0.0118114,0.0483012,-0.0612902,0.086934,-0.0142388,0.127728,-0.0485372,17.3801,0.00477902
v2,"v2 (`lena_validation_v2()`), CPU reference",saturated,38,-0.000880764,0.0438891,0.0010037,0.0141622,-0.0169571,0.0875015,-0.0303603,30.3428,0.00816161
v1_triton,"v1, triton",all,153,-0.0621158,0.0970861,-0.077865,0.0921881,-0.00628931,0.279018,-0.0969909,12.9165,0.000848351
v1_triton,"v1, triton",light,79,-0.00163233,0.044565,-0.0943127,0.0970861,0,0.256458,-0.132642,3.50018,-7.73405e-05
v1_triton,"v1, triton",moderate,36,-0.269284,0.269284,-0.155919,0.17285,-0.0401889,0.316516,-0.0538418,68.7567,0.000429528
v1_triton,"v1, triton",saturated,38,-0.350114,0.35276,-0.0355464,0.0445424,-0.0684836,0.378553,0.00048389,133.916,0.00596202
v2_graph,"v2, graph",all,153,-0.00240873,0.0353529,-0.0129995,0.033074,0,0.171444,-0.0338993,7.47876,0.00445866
v2_graph,"v2, graph",light,79,-0.00264896,0.0301694,-0.025018,0.0320413,0,0.245283,-0.0322365,1.99583,0.00162168
v2_graph,"v2, graph",moderate,36,-0.00213277,0.0542846,-0.0545903,0.0880097,-0.015016,0.127671,-0.0496652,17.8398,0.00473516
v2_graph,"v2, graph",saturated,38,-0.00575062,0.0454249,0.00322888,0.0175479,-0.0173215,0.0829344,-0.0296821,31.0993,0.0084128
nrconfig,"`NRConfig()`, triton",all,153,-0.421861,0.429653,-0.552152,0.552152,-0.00628931,0.661745,-0.289349,40.1044,0.0929554
nrconfig,"`NRConfig()`, triton",light,79,-0.301649,0.301649,-0.471414,0.471414,0,0.607083,-0.374055,19.2179,0.0902888
nrconfig,"`NRConfig()`, triton",moderate,36,-0.438296,0.440762,-0.73683,0.73683,-0.0542086,0.618418,-0.364542,142.884,0.0942434
nrconfig,"`NRConfig()`, triton",saturated,38,-0.762533,0.768813,-0.757553,0.757553,-0.379204,0.767503,-0.0814519,505.2,0.0959733
nrconfig_nofade,"`NRConfig(fading=False)`, triton",all,153,-0.400784,0.435102,-0.538933,0.538933,-0.00628931,0.558165,-0.346082,45.1094,0.092107
nrconfig_nofade,"`NRConfig(fading=False)`, triton",light,79,-0.389333,0.389333,-0.546003,0.546003,0,0.649533,-0.460222,22.8352,0.0769962
nrconfig_nofade,"`NRConfig(fading=False)`, triton",moderate,36,-0.45112,0.45112,-0.690302,0.690302,-0.0542086,0.519981,-0.381954,137.846,0.0872529
nrconfig_nofade,"`NRConfig(fading=False)`, triton",saturated,38,-0.0854393,0.616538,-0.0214398,0.185521,-0.3112,0.413034,-0.00165475,293.484,0.0999229
v2_lumped40,"v2 minus BSR, triton",all,153,-0.033074,0.0519269,-0.0664358,0.0829054,-0.00044287,0.16317,-0.0923258,11.3194,0.0051366
v2_lumped40,"v2 minus BSR, triton",light,79,-0.0353529,0.044565,-0.088947,0.0920053,0,0.237537,-0.129,3.62699,0.0010136
v2_lumped40,"v2 minus BSR, triton",moderate,36,-0.0571229,0.0660169,-0.14478,0.163532,-0.0243828,0.13657,-0.0631136,25.0438,0.00554984
v2_lumped40,"v2 minus BSR, triton",saturated,38,-0.00847491,0.0551421,-0.00155302,0.0120313,-0.0256948,0.0828182,-0.0311148,30.1968,0.00828474
v2_lumped40_fb16,"v2 minus BSR, 16-frame buffer, triton",all,153,-0.0329274,0.0519269,-0.0664358,0.0829054,-0.00133511,0.163379,-0.0923258,11.5761,0.0051366
v2_lumped40_fb16,"v2 minus BSR, 16-frame buffer, triton",light,79,-0.0353529,0.044565,-0.088947,0.0920053,0,0.237537,-0.129,3.62699,0.0010136
v2_lumped40_fb16,"v2 minus BSR, 16-frame buffer, triton",moderate,36,-0.0571229,0.0660169,-0.14478,0.156287,-0.0249183,0.13657,-0.0631136,23.8946,0.00554975
v2_lumped40_fb16,"v2 minus BSR, 16-frame buffer, triton",saturated,38,-0.00847491,0.0551421,-2.7147e-05,0.0170334,-0.0294031,0.0828182,-0.0313234,34.0174,0.00828474
