group,value,runs,ks_n,ks_med,ks_absmed,ks_abs90,self_ks_n,self_ks_med,self_ks_absmed,self_ks_abs90,w1_ms_n,w1_ms_med,w1_ms_absmed,w1_ms_abs90,self_w1_ms_n,self_w1_ms_med,self_w1_ms_absmed,self_w1_ms_abs90,self_p95_n,self_p95_med,self_p95_absmed,self_p95_abs90,p50_n,p50_med,p50_absmed,p50_abs90,p95_n,p95_med,p95_absmed,p95_abs90,p99_n,p99_med,p99_absmed,p99_abs90,drop_diff_n,drop_diff_med,drop_diff_absmed,drop_diff_abs90,delivery_n,delivery_med,delivery_absmed,delivery_abs90,goodput_n,goodput_med,goodput_absmed,goodput_abs90,ue_goodput_n,ue_goodput_med,ue_goodput_absmed,ue_goodput_abs90,bler_diff_n,bler_diff_med,bler_diff_absmed,bler_diff_abs90,retx_diff_n,retx_diff_med,retx_diff_absmed,retx_diff_abs90,retx_tbs_n,retx_tbs_med,retx_tbs_absmed,retx_tbs_abs90,prb_n,prb_med,prb_absmed,prb_abs90
all,all,153,153,0.171444,0.171444,0.499833,153,0.0142045,0.0142045,0.0308639,153,7.47876,7.47876,53.8339,153,0.866667,0.866667,10.1218,153,0,0.00485925,0.0460468,153,-0.00240873,0.0353529,0.156948,153,-0.0129995,0.033074,0.183882,153,-0.00569941,0.0258154,0.140676,153,0,0.00401799,0.0325741,153,0,0.00520833,0.0508759,153,0,0.00520833,0.0508759,153,0,0,0.0604604,153,0.00445866,0.00747895,0.0187388,153,0.00410453,0.00795203,0.021674,111,1.76667,1.76667,15.9904,153,-0.0338993,0.0349133,0.0758858
regime,light,79,79,0.245283,0.245283,0.596583,79,0.0114891,0.0114891,0.0232827,79,1.99583,1.99583,10.4129,79,0.258621,0.258621,1.47184,79,0,0,0.0306667,79,-0.00264896,0.0301694,0.0806786,79,-0.025018,0.0320413,0.105257,79,-0.0174644,0.0321119,0.153063,79,0,0,0.0091913,79,0,0,0.00927657,79,0,0,0.00927657,79,0,0,0,79,0.00162168,0.00417133,0.0199179,79,0.00161656,0.00570103,0.0202997,56,0.973155,0.973155,3.75611,79,-0.0322365,0.0379827,0.0698638
regime,moderate,36,36,0.127672,0.127672,0.200619,36,0.0172351,0.0172351,0.0313698,36,17.8398,17.8398,73.4157,36,2.81311,2.81311,11.2256,36,0,0.0126267,0.0676816,36,-0.00213277,0.0542845,0.202252,36,-0.0545903,0.0880097,0.293194,36,-0.0373285,0.0455023,0.185257,36,-0.0150161,0.0167664,0.0458779,36,0.0161977,0.0180308,0.0505474,36,0.0161977,0.0180308,0.0505474,36,0,0,0,36,0.00473517,0.00902312,0.0204611,36,0.00316059,0.00899677,0.0449044,32,1.15702,1.16822,15.6656,36,-0.0496651,0.0496651,0.0996991
regime,saturated,38,38,0.0829345,0.0829345,0.330662,38,0.016546,0.016546,0.0335073,38,31.0993,31.0993,72.1156,38,7.61624,7.61624,15.3224,38,0.00035878,0.00732363,0.0327028,38,-0.0057506,0.0454249,0.18108,38,0.00322889,0.0175479,0.0828475,38,0.000937379,0.00673329,0.0320294,38,-0.0173215,0.0184298,0.0505807,38,0.0302563,0.035711,0.0810037,38,0.0302563,0.035711,0.0810037,38,0.0435606,0.0435606,0.118469,38,0.0084128,0.0084128,0.013796,38,0.00834037,0.00834037,0.0135628,23,11.6643,11.6643,21.7157,38,-0.0296821,0.0296821,0.0501554
N,1,9,9,1,1,1,9,0,0,0.0146957,9,0.0664,0.0664,16.3077,9,0,0,0.20397,9,0,0,0.000744455,9,-0.00163233,0.00163233,0.0401157,9,-0.00163233,0.00163233,0.0128111,9,-0.00163233,0.00163233,0.00889334,9,0,0,0.00266667,9,0,0,0.00909091,9,0,0,0.00909091,9,0,0,0.00909091,9,0,0,0.000207393,9,0,0,0.000205592,1,0.0340909,0.0340909,0.0340909,9,-0.000312402,0.000312402,0.00220764
N,2,12,12,0.497911,0.497911,0.541495,12,0.0137689,0.0137689,0.0313135,12,3.20268,3.20268,29.1512,12,0.141187,0.141187,0.504871,12,0,0,0.0166667,12,-0.066118,0.066118,0.147837,12,-0.0162517,0.033074,0.0839179,12,-0.0153913,0.0344204,0.123408,12,0,0.00145833,0.0181553,12,0,0.00146321,0.0181553,12,0,0.00146321,0.0181553,12,0.00146812,0.00146812,0.0392917,12,0.000124637,0.00195409,0.0397589,12,0.000124564,0.00194134,0.0463469,5,-0.779343,0.793539,1.9127,12,-0.0210462,0.0210462,0.0713591
N,4,21,21,0.252049,0.252049,0.487219,21,0.0158042,0.0158042,0.0416667,21,3.30325,3.30325,78.0614,21,0.3,0.3,14.6336,21,0,0,0.0625,21,-0.0353529,0.0460183,0.117181,21,-0.00176754,0.0320413,0.203518,21,-0.00176754,0.029308,0.130811,21,0,0.008125,0.0762665,21,0,0.008125,0.0898184,21,0,0.008125,0.0898184,21,0,0,0.151858,21,0.00194559,0.00463602,0.0203774,21,0.00191894,0.00384281,0.0243617,14,0.78125,0.948822,17.0911,21,-0.0287849,0.029448,0.063745
N,8,24,24,0.185694,0.185694,0.409712,24,0.01485,0.01485,0.0295326,24,2.35002,2.35002,52.7799,24,0.387287,0.387287,6.23805,24,0,0.00655832,0.0462591,24,-0.00228816,0.00228816,0.067417,24,-0.010486,0.0356729,0.148697,24,-0.0142524,0.0233762,0.128837,24,0,0.00122549,0.0237563,24,0,0.00122549,0.0337131,24,0,0.00122549,0.0337131,24,0,0,0.0241986,24,0.00429378,0.00532442,0.0140107,24,0.0083472,0.00857388,0.013776,16,2.3705,2.3705,4.18143,24,-0.0279188,0.0279188,0.0730689
N,16,27,27,0.115053,0.115053,0.219339,27,0.0160538,0.0160538,0.0248425,27,10.1166,10.1166,51.0892,27,1.387,1.387,7.68485,27,0,0.00485925,0.0544154,27,-0.0269856,0.0319374,0.0971573,27,-0.0613615,0.0628866,0.298533,27,-0.0256431,0.0362074,0.19255,27,-0.0141215,0.0141215,0.0398095,27,0.0145318,0.0145318,0.0488079,27,0.0145318,0.0145318,0.0488079,27,0,0,0.00638298,27,0.0022472,0.00719748,0.0187299,27,0.00246626,0.00782501,0.0270647,23,0.765766,0.973125,14.5084,27,-0.0338993,0.0338993,0.0945461
N,32,30,30,0.101604,0.101604,0.310522,30,0.0133357,0.0133357,0.0248961,30,16.8305,16.8305,38.3462,30,3.13943,3.13943,9.78185,30,0,0.00923778,0.0333914,30,-0.00113821,0.036251,0.199111,30,-0.00823389,0.0395738,0.163244,30,-0.0090517,0.0241301,0.0939222,30,-0.0069879,0.00801786,0.0260564,30,0.00808726,0.00907583,0.0354219,30,0.00808726,0.00907583,0.0354219,30,0,0,0.075625,30,0.00630796,0.00875734,0.0155302,30,0.0062736,0.00838598,0.0159562,27,3.38221,3.38221,15.3,30,-0.0434376,0.0434376,0.0696458
N,64,30,30,0.134078,0.134078,0.196176,30,0.0153179,0.0153179,0.0334437,30,24.522,24.522,52.9454,30,3.69534,3.69534,14.3245,30,0,0.00645286,0.0251421,30,-0.0112365,0.0761167,0.198051,30,-0.0198769,0.0278119,0.109948,30,-0.00477619,0.0237335,0.128739,30,-0.00315265,0.00397229,0.0254977,30,0.00319873,0.00653694,0.0595013,30,0.00319873,0.00653694,0.0595013,30,0,0,0.0572673,30,0.0094515,0.0103552,0.0141679,30,0.00918397,0.0104757,0.0140201,25,6.90957,6.90957,17.7149,30,-0.0504578,0.0504578,0.0663674
load,0.1,42,42,0.250143,0.250143,0.83275,42,0.0118616,0.0118616,0.0299137,42,1.06514,1.06514,10.0169,42,0.187842,0.187842,0.613248,42,0,0,0.0244904,42,-0.00220838,0.00220838,0.0872359,42,-0.0223,0.0342201,0.105215,42,-0.0184343,0.0337391,0.115941,42,0,0,0.0145034,42,0,0,0.014954,42,0,0,0.014954,42,0,0,0,42,2.67191e-06,0.00493559,0.0260034,42,2.64646e-06,0.00358561,0.0360351,27,-0.09375,0.781915,1.86016,42,-0.04239,0.04239,0.0719679
load,0.3,36,36,0.141386,0.141386,0.46713,36,0.0111793,0.0111793,0.0203966,36,3.26614,3.26614,33.3472,36,0.402806,0.402806,2.39144,36,0,0.00380158,0.0464442,36,-0.0512505,0.0512505,0.100108,36,-0.0298519,0.0343058,0.173778,36,-0.0263144,0.0410587,0.147119,36,0,0.001231,0.0210364,36,0,0.00123598,0.0305208,36,0,0.00123598,0.0305208,36,0,0,0.00322581,36,0.00371836,0.00863914,0.0191129,36,0.00374642,0.00904721,0.0221832,27,1.1875,1.1875,6.16961,36,-0.0399802,0.0448837,0.0808548
load,0.6,30,30,0.10651,0.10651,0.496907,30,0.0165902,0.0165902,0.0318369,30,16.5637,16.5637,70.5615,30,2.74422,2.74422,9.73532,30,0,0.0131255,0.0724471,30,-0.0235465,0.0465337,0.180392,30,-0.000946882,0.0581079,0.191736,30,-0.0036164,0.0324974,0.15065,30,-0.00687228,0.010686,0.0320327,30,0.00775669,0.0136005,0.036528,30,0.00775669,0.0136005,0.036528,30,0,0,0.000293624,30,0.00595962,0.00789121,0.014152,30,0.00721881,0.00888975,0.0139436,25,2.45312,2.45312,16.4017,30,-0.0330679,0.0330679,0.0560867
load,0.9,24,24,0.127016,0.127016,0.275189,24,0.0213486,0.0213486,0.0329318,24,30.761,30.761,88.5687,24,7.59468,7.59468,15.6002,24,0.00404871,0.0123837,0.0421149,24,0.000786392,0.0454249,0.199234,24,-0.0186221,0.0424553,0.298395,24,-0.00804227,0.0155435,0.164738,24,-0.00647464,0.0132098,0.0353018,24,0.00784912,0.0171903,0.0687402,24,0.00784912,0.0171903,0.0687402,24,0,0,0.050168,24,0.00787941,0.00787941,0.0136463,24,0.00816982,0.00816982,0.0134158,18,4.5513,4.5513,18.7976,24,-0.0299041,0.0299041,0.0499446
load,1.2,21,21,0.0876626,0.0876626,0.401152,21,0.0150758,0.0150758,0.0290955,21,31.3975,31.3975,55.0199,21,5.21784,5.21784,11.9848,21,-0.00144928,0.00631912,0.0146751,21,-0.0108825,0.0353529,0.138804,21,0.00164653,0.0115291,0.0873507,21,0.00124611,0.0064821,0.0258154,21,-0.013915,0.0166667,0.0548282,21,0.0268763,0.0413122,0.0847029,21,0.0268763,0.0413122,0.0847029,21,0.061079,0.061079,0.111111,21,0.00740767,0.00740767,0.0136339,21,0.00731669,0.00731669,0.0134152,14,9.41678,9.41678,28.6325,21,-0.028397,0.028397,0.0505435
S,4000,63,63,0.195996,0.195996,0.5,63,0.00926172,0.00926172,0.0183503,63,2.55392,2.55392,36.329,63,0.282369,0.282369,4.04567,63,0,0,0.0440953,63,-0.00203891,0.0485843,0.193918,63,-0.00240873,0.0301694,0.10842,63,-0.00411915,0.0252845,0.125089,63,0,0.00126764,0.0146454,63,0,0.00136799,0.0181648,63,0,0.00136799,0.0181648,63,0,0,0.0143333,63,0.00752524,0.00791835,0.0138934,63,0.00881992,0.00898203,0.0140037,48,2.43192,2.43192,13.7166,63,-0.046364,0.0477099,0.0792721
S,30000,90,90,0.123043,0.123043,0.496907,90,0.0191497,0.0191497,0.0334437,90,13.3709,13.3709,68.9577,90,1.67991,1.67991,14.0609,90,0,0.0076677,0.045289,90,-0.0317559,0.0328491,0.144358,90,-0.0201088,0.0357586,0.194437,90,-0.0065881,0.0266562,0.161581,90,-0.00324405,0.010769,0.0448444,90,0.00325533,0.0123975,0.0681187,90,0.00325533,0.0123975,0.0681187,90,0,0,0.0751894,90,0.00185805,0.00731399,0.0214064,90,0.00185378,0.00728427,0.0335308,63,1.36332,1.36332,16.1451,90,-0.0270535,0.0270535,0.0615334
N_x_regime,1/light,8,8,1,1,1,8,0,0,0.0161429,8,0.0659019,0.0659019,3.36561,8,0,0,0.104252,8,0,0,0.000255612,8,-0.00163233,0.00163233,0.0283061,8,-0.00163233,0.00163233,0.00399311,8,-0.00163233,0.00163233,0.0026727,8,0,0,0,8,0,0,0,8,0,0,0,8,0,0,0,8,0,0,0.000127866,8,0,0,0.000125228,1,0.0340909,0.0340909,0.0340909,8,-0.000280301,0.000280301,0.00275652
N_x_regime,1/saturated,1,1,0.0434783,0.0434783,0.0434783,1,0.0108696,0.0108696,0.0108696,1,37.3753,37.3753,37.3753,1,0.407606,0.407606,0.407606,1,0.000717559,0.000717559,0.000717559,1,0.0281014,0.0281014,0.0281014,1,0.0355376,0.0355376,0.0355376,1,0.0335543,0.0335543,0.0335543,1,-0.0133333,0.0133333,0.0133333,1,0.0454545,0.0454545,0.0454545,1,0.0454545,0.0454545,0.0454545,1,0.0454545,0.0454545,0.0454545,1,0.0001629,0.0001629,0.0001629,1,0.000162823,0.000162823,0.000162823,0,nan,nan,nan,1,-0.000775382,0.000775382,0.000775382
N_x_regime,2/light,10,10,0.493009,0.493009,0.50087,10,0.0167484,0.0167484,0.0315816,10,1.51562,1.51562,39.5883,10,0.060727,0.060727,0.523207,10,0,0,0.0222222,10,-0.0538991,0.0538991,0.149002,10,-0.0282696,0.033074,0.169004,10,-0.029184,0.0344204,0.200923,10,0,0,0.0179432,10,0,0,0.0179432,10,0,0,0.0179432,10,0,0,0.0175811,10,0.000304408,0.00351473,0.0419589,10,0.000302928,0.00347038,0.0473904,5,-0.779343,0.793539,1.9127,10,-0.0267382,0.0267382,0.0735221
N_x_regime,2/moderate,1,1,0.545139,0.545139,0.545139,1,0.00347222,0.00347222,0.00347222,1,30.4105,30.4105,30.4105,1,0.243054,0.243054,0.243054,1,0,0,0,1,-0.143924,0.143924,0.143924,1,-0.0077538,0.0077538,0.0077538,1,-0.00445576,0.00445576,0.00445576,1,-0.044586,0.044586,0.044586,1,0.0510949,0.0510949,0.0510949,1,0.0510949,0.0510949,0.0510949,1,0.0608696,0.0608696,0.0608696,1,-8.4619e-05,8.4619e-05,8.4619e-05,1,-8.45428e-05,8.45428e-05,8.45428e-05,0,nan,nan,nan,1,0.0124845,0.0124845,0.0124845
N_x_regime,2/saturated,1,1,0.84517,0.84517,0.84517,1,0.0142045,0.0142045,0.0142045,1,17.8166,17.8166,17.8166,1,0.276988,0.276988,0.276988,1,0,0,0,1,-0.101176,0.101176,0.101176,1,0.0658336,0.0658336,0.0658336,1,0.0699777,0.0699777,0.0699777,1,-0.00666667,0.00666667,0.00666667,1,0.0114943,0.0114943,0.0114943,1,0.0114943,0.0114943,0.0114943,1,0.0416667,0.0416667,0.0416667,1,0.00024393,0.00024393,0.00024393,1,0.000243835,0.000243835,0.000243835,0,nan,nan,nan,1,0.00161705,0.00161705,0.00161705
N_x_regime,4/light,15,15,0.253711,0.253711,0.479572,15,0.010989,0.010989,0.0218975,15,2.06671,2.06671,6.12935,15,0.1927,0.1927,1.22708,15,0,0,0.0246729,15,-0.0353529,0.0360332,0.101831,15,-0.00176754,0.0301694,0.0872845,15,-0.00176754,0.0269856,0.0961427,15,0,0,0.012418,15,0,0,0.012418,15,0,0,0.012418,15,0,0,0,15,0.000163286,0.00194559,0.0175935,15,0.000359427,0.00161656,0.0213834,10,0.211406,0.494737,1.65818,15,-0.0253903,0.029448,0.0541237
N_x_regime,4/moderate,2,2,0.151758,0.151758,0.192114,2,0.0388534,0.0388534,0.0433769,2,82.0323,82.0323,85.209,2,16.7816,16.7816,19.7363,2,-0.0769848,0.0769848,0.101562,2,0.0391749,0.130391,0.161731,2,-0.404093,0.404093,0.564552,2,-0.148068,0.148068,0.189085,2,-0.00311253,0.0793791,0.0818691,2,0.00571063,0.095529,0.100098,2,0.00571063,0.095529,0.100098,2,0.0625,0.0625,0.1125,2,0.0150956,0.0150956,0.0181493,2,0.0223071,0.0223071,0.0312551,2,6.03654,6.03654,7.71699,2,-0.0479223,0.0479223,0.0757892
N_x_regime,4/saturated,4,4,0.2146,0.2146,0.445477,4,0.0357977,0.0357977,0.0474081,4,69.5121,69.5121,87.8124,4,13.3092,13.3092,17.7599,4,0.000830938,0.0216287,0.117085,4,-0.0330629,0.0330629,0.0930918,4,0.0922951,0.0922951,0.26586,4,0.0182751,0.0182751,0.10098,4,-0.0244532,0.0342787,0.0715619,4,0.0617198,0.0770703,0.123157,4,0.0617198,0.0770703,0.123157,4,0.228347,0.228347,0.35395,4,0.0125277,0.0125277,0.0212893,4,0.0123625,0.0123625,0.0318014,2,31.199,31.199,39.4154,4,-0.0298987,0.0298987,0.086514
N_x_regime,8/light,18,18,0.247141,0.247141,0.437583,18,0.0127489,0.0127489,0.0256972,18,1.32146,1.32146,4.77684,18,0.222019,0.222019,1.38739,18,0,0.00621379,0.0456429,18,-0.00182404,0.00182404,0.0427646,18,-0.00130088,0.0356729,0.0839454,18,-0.011828,0.0318292,0.094627,18,0,0,0.00523946,18,0,0,0.00523946,18,0,0,0.00523946,18,0,0,0,18,0.00410292,0.00532442,0.0150309,18,0.00641412,0.00905661,0.0146895,13,2.28788,2.28788,4.17145,18,-0.0279188,0.0279188,0.0804344
N_x_regime,8/moderate,2,2,0.0864711,0.0864711,0.101043,2,0.02123,0.02123,0.025099,2,38.3344,38.3344,45.7096,2,3.35907,3.35907,3.82514,2,0.00655832,0.00655832,0.00679924,2,-0.0240224,0.0240224,0.0261235,2,-0.259032,0.259032,0.266348,2,-0.199648,0.199648,0.222427,2,0.0048991,0.0177773,0.0216966,2,-0.00518927,0.0186623,0.0228137,2,-0.00518927,0.0186623,0.0228137,2,0,0,0,2,0.00345305,0.00345305,0.00425754,2,0.0053071,0.0053071,0.00760274,2,3.81665,3.81665,4.10816,2,-0.0215369,0.0215369,0.0263298
N_x_regime,8/saturated,4,4,0.0806005,0.0806005,0.101497,4,0.0248358,0.0248358,0.0295326,4,57.0128,57.0128,67.1551,4,10.7576,10.7576,18.7804,4,-0.0040432,0.0141371,0.0685862,4,-0.0701314,0.0701314,0.161949,4,-0.00946105,0.012429,0.125483,4,-0.00775311,0.0127688,0.0176537,4,-0.0253896,0.0253896,0.04651,4,0.0494905,0.0494905,0.0776507,4,0.0494905,0.0494905,0.0776507,4,0.0417163,0.0417163,0.0817822,4,0.00864886,0.00864886,0.0125004,4,0.00857388,0.00857388,0.0123337,1,0.669643,0.669643,0.669643,4,-0.0317997,0.0317997,0.0362352
N_x_regime,16/light,11,11,0.115266,0.115266,0.260908,11,0.0125,0.0125,0.0186916,11,3.14222,3.14222,10.2989,11,0.676157,0.676157,1.44068,11,0,0,0.0153234,11,-0.00220838,0.0310711,0.0640537,11,-0.0555895,0.0555895,0.0949175,11,-0.0177566,0.0362074,0.187237,11,0,0,0.00260417,11,0,0,0.00261671,11,0,0,0.00261671,11,0,0,0,11,0.0037141,0.00601365,0.0129292,11,0.00365002,0.00765029,0.0131553,10,0.913055,0.956897,3.27294,11,-0.044254,0.044254,0.0691955
N_x_regime,16/moderate,12,12,0.131255,0.131255,0.190771,12,0.0204406,0.0204406,0.030258,12,12.5962,12.5962,54.4819,12,2.74437,2.74437,7.14028,12,0.000621114,0.0271235,0.204369,12,-0.0182075,0.0182075,0.15103,12,-0.0754481,0.120298,0.548574,12,-0.0611799,0.0611799,0.197211,12,-0.01845,0.01845,0.0342409,12,0.0192829,0.0192829,0.0366144,12,0.0192829,0.0192829,0.0366144,12,0,0,0,12,0.00119819,0.00902312,0.0513573,12,0.00175246,0.00946653,0.100601,11,0.301402,0.909424,16.6759,12,-0.0452034,0.0452034,0.141997
N_x_regime,16/saturated,4,4,0.0558928,0.0558928,0.0712751,4,0.0151266,0.0151266,0.0167429,4,31.5324,31.5324,49.4672,4,7.4047,7.4047,10.986,4,-0.00106821,0.00917466,0.0283415,4,-0.0460527,0.0460527,0.0886684,4,-0.00340542,0.010129,0.0650453,4,0.00565517,0.0184007,0.0246738,4,-0.040709,0.040709,0.0540068,4,0.058429,0.058429,0.0816417,4,0.058429,0.058429,0.0816417,4,0.0411476,0.0411476,0.0737273,4,0.00457081,0.00457081,0.00716497,4,0.00454282,0.00454282,0.00710942,2,10.3947,10.3947,16.7398,4,-0.0163262,0.0163262,0.0264098
N_x_regime,32/light,9,9,0.123572,0.123572,0.216895,9,0.0131119,0.0131119,0.0223977,9,5.41136,5.41136,7.51537,9,0.43578,0.43578,1.80791,9,0,0.00789474,0.036076,9,-0.0301694,0.0301694,0.0558362,9,-0.025018,0.025018,0.113482,9,-0.0632484,0.0632484,0.194585,9,0.000688705,0.000888494,0.0091913,9,-0.000688705,0.000888889,0.00927657,9,-0.000688705,0.000888889,0.00927657,9,0,0,0,9,0.00372262,0.00895393,0.016005,9,0.00400716,0.00972373,0.0165614,9,0.418699,0.818548,3.82926,9,-0.0432373,0.0432373,0.0599585
N_x_regime,32/moderate,10,10,0.101604,0.101604,0.192385,10,0.0130123,0.0130123,0.0218432,10,15.4475,15.4475,34.4199,10,3.49437,3.49437,8.81328,10,0,0.0211676,0.0376801,10,-0.00098665,0.0234854,0.175816,10,-0.0266697,0.0981432,0.231323,10,-0.0258542,0.0299474,0.0939222,10,-0.0160564,0.0160564,0.024893,10,0.0165491,0.0165491,0.0265128,10,0.0165491,0.0165491,0.0265128,10,0,0,0,10,0.00525176,0.00853109,0.0215711,10,0.00405298,0.00722588,0.0549269,8,0.545214,0.929752,4.18057,10,-0.053685,0.053685,0.100653
N_x_regime,32/saturated,11,11,0.0825836,0.0825836,0.401152,11,0.0150758,0.0150758,0.0247399,11,30.8011,30.8011,54.4956,11,8.01025,8.01025,10.084,11,-0.00637584,0.00702247,0.0160349,11,0.0839048,0.0839048,0.284739,11,0.00886463,0.0163938,0.0444745,11,0.000866109,0.00483294,0.012404,11,-0.0072774,0.00883895,0.0358073,11,0.0172764,0.0182268,0.0490998,11,0.0172764,0.0182268,0.0490998,11,0.0568531,0.0568531,0.0874933,11,0.00747895,0.00747895,0.0132578,11,0.00725184,0.00725184,0.0130414,10,13.3125,13.3125,20.0992,11,-0.028562,0.028562,0.0494611
N_x_regime,64/light,8,8,0.118475,0.118475,0.197859,8,0.0114257,0.0114257,0.0169338,8,4.96529,4.96529,20.5702,8,0.488893,0.488893,1.71436,8,0,0.000561794,0.0274798,8,-0.0737847,0.0737847,0.121477,8,-0.0882559,0.0882559,0.217208,8,-0.107342,0.107342,0.178882,8,0,0.000501361,0.0021544,8,0,0.000501795,0.00216013,8,0,0.000501795,0.00216013,8,0,0,0,8,0.0103362,0.0118748,0.0141311,8,0.010426,0.0122039,0.0137014,8,1.70521,1.70521,4.17617,8,-0.0645635,0.0645635,0.0749295
N_x_regime,64/moderate,9,9,0.152062,0.152062,0.20339,9,0.0164761,0.0164761,0.0332974,9,36.3409,36.3409,72.3531,9,2.98715,2.98715,9.41395,9,-0.00357918,0.00452002,0.0204493,9,-0.00203891,0.153935,0.225996,9,-0.0153844,0.0478191,0.085836,9,0.000507466,0.0329535,0.111667,9,-0.0075,0.0075,0.0256507,9,0.00823124,0.00823124,0.0287622,9,0.00823124,0.00823124,0.0287622,9,0,0,0,9,0.00706024,0.00950083,0.0156514,9,0.00698096,0.0100775,0.0248599,9,1.36332,1.36332,18.6048,9,-0.0528556,0.0528556,0.0660268
N_x_regime,64/saturated,13,13,0.1058,0.1058,0.190552,13,0.0156194,0.0156194,0.0336665,13,28.904,28.904,47.8466,13,6.66544,6.66544,16.3507,13,0.00602013,0.00796741,0.0227892,13,0.00426814,0.0347682,0.15955,13,-0.0116566,0.0172507,0.0220389,13,-0.00104109,0.00543324,0.0153495,13,-0.0112288,0.0112288,0.0362127,13,0.0266542,0.0266542,0.0751616,13,0.0266542,0.0266542,0.0751616,13,0,0,0.0606279,13,0.0105418,0.0105418,0.014023,13,0.0103912,0.0103912,0.0138027,8,10.1268,10.1268,22.659,13,-0.0391518,0.0391518,0.0519348
