run,arm,aoi_threshold_s,p_aoi_above,p_aoi_above_ci95,p_aoi_above_per_seed,ns3_minus_arm_paired,ns3_minus_arm_paired_ci95,aoi_ks_ns3_disjoint,aoi_ks_floor_l2,aoi_ks_floor_ns3,delay_var_between_robots,delay_lag1_within_robot
light_8x16,L2,0.9,0.013270833333333334,0.014983877549152157,0.0093 0.0330 0.0041 0.0159 0.0041,-0.0008645833333333335,0.0033680003988467624,0.02874131944444447,0.034635416666666585,0.025494791666666683,0.6958033452055088,0.9305705260225656
light_8x16,L0,0.9,0.0057864583333333336,0.0007468817311412163,0.0054 0.0068 0.0054 0.0057 0.0056,0.006619791666666667,0.011057893644235425,0.043598090277777724,0.034635416666666585,0.025494791666666683,0.021232063006606294,-0.015529771600442808
light_8x16,L0-emp,0.9,0.014078125,0.0012507920795995179,0.0141 0.0157 0.0139 0.0130 0.0136,-0.0016718749999999998,0.01082685432351127,0.012491319444444482,0.034635416666666585,0.025494791666666683,0.021724692158977432,-0.01631774091818097
light_8x16,L1,0.9,0.0,0.0,0.0000 0.0000 0.0000 0.0000 0.0000,0.01240625,0.011763691306790497,0.07685763888888897,0.034635416666666585,0.025494791666666683,0.6856802070128467,0.9800036415599618
light_8x16,L2-legacy,0.9,0.00013541666666666666,0.00019718537703558716,0.0000 0.0002 0.0001 0.0004 0.0000,0.012270833333333333,0.011680293241835914,0.06087673611111111,0.034635416666666585,0.025494791666666683,0.5233653836659196,0.461504841793543
light_8x16,ns3,0.9,0.01240625,0.011763691306790497,0.0099 0.0283 0.0051 0.0133 0.0055,nan,nan,nan,0.034635416666666585,0.025494791666666683,0.6589746467925506,0.9385517108367452
i02_8x16,L2,1.0,0.04221875,0.02898334572121225,0.0330 0.0786 0.0325 0.0497 0.0173,0.0011510416666666635,0.0005521682741260925,0.11462673611111107,0.10807725694444437,0.11006076388888886,0.6430589410527925,0.856115005676208
i02_8x16,L0,1.0,5.208333333333334e-05,5.11179277232775e-05,0.0001 0.0001 0.0000 0.0001 0.0000,0.04331770833333333,0.028694552318779484,0.17736545138888893,0.10807725694444437,0.11006076388888886,0.01154181514912389,-0.02006030956668929
i02_8x16,L0-emp,1.0,0.013072916666666667,0.00032086426393111386,0.0130 0.0129 0.0135 0.0128 0.0131,0.030296875,0.028909243166909557,0.09726996527777776,0.10807725694444437,0.11006076388888886,0.01199182685540745,-0.019495572299018868
i02_8x16,L1,1.0,5.208333333333334e-06,1.4458333333333332e-05,0.0000 0.0000 0.0000 0.0000 0.0000,0.04336458333333333,0.02874046469317282,0.3267100694444445,0.10807725694444437,0.11006076388888886,0.35198988364676864,0.7501590055946232
i02_8x16,L2-legacy,1.0,4.6875e-05,9.806118767268616e-05,0.0000 0.0001 0.0000 0.0002 0.0000,0.04332291666666667,0.028699733396246468,0.28846354166666666,0.10807725694444437,0.11006076388888886,0.30048550140888863,0.08908421868662095
i02_8x16,ns3,1.0,0.043369791666666664,0.028743066665444746,0.0346 0.0795 0.0330 0.0508 0.0189,nan,nan,nan,0.10807725694444437,0.11006076388888886,0.6530797583817967,0.8644603232529919
r32_8x32,L2,2.0,0.04383854166666667,0.01925568777366666,0.0422 0.0659 0.0503 0.0362 0.0246,-0.0011328124999999995,0.0014248062132183792,0.032547743055555564,0.038548177083333246,0.03390190972222218,0.6371113034125224,0.9091026976579065
r32_8x32,L0,2.0,0.00010416666666666667,8.55366535306486e-05,0.0001 0.0000 0.0001 0.0001 0.0002,0.042601562499999995,0.018971416701126623,0.123046875,0.038548177083333246,0.03390190972222218,0.021305460428483247,-0.017682160671541502
r32_8x32,L0-emp,2.0,0.014247395833333332,0.0030055733156108748,0.0127 0.0132 0.0149 0.0122 0.0182,0.028458333333333332,0.02052447691911217,0.046148003472222254,0.038548177083333246,0.03390190972222218,0.023266618090754254,-0.021388302267641164
r32_8x32,L1,2.0,0.0,0.0,0.0000 0.0000 0.0000 0.0000 0.0000,0.042705729166666664,0.018887221386742026,0.23296006944444447,0.038548177083333246,0.03390190972222218,0.6685414067636556,0.9498600925824344
r32_8x32,L2-legacy,2.0,5.46875e-05,0.00011900710288967815,0.0000 0.0001 0.0000 0.0002 0.0000,0.04265104166666667,0.01889570101523063,0.2469965277777778,0.038548177083333246,0.03390190972222218,0.43699842099919217,0.6541911454198975
r32_8x32,ns3,2.0,0.042705729166666664,0.018887221386742026,0.0391 0.0645 0.0498 0.0358 0.0243,nan,nan,nan,0.038548177083333246,0.03390190972222218,0.6451404249495942,0.9305762215797919
