run,a,b,n_a,n_b,w1_ms,ks
light_8x16,L0,L2,31957,31949,17.546,0.1609
light_8x16,L1,L2,32000,31949,49.542,0.5754
light_8x16,L2,ns3,31949,31899,6.770,0.1125
light_8x16,L2-legacy,ns3,32000,31899,42.471,0.4596
light_8x16,L0,ns3,31957,31899,13.445,0.1028
light_8x16,L1,ns3,32000,31899,52.432,0.5756
light_8x16,L2 even seeds,L2 odd seeds,19173,12776,21.477,0.1009
light_8x16,ns3 even seeds,ns3 odd seeds,19163,12736,15.953,0.0751
light_8x16,L0-emp,L2,31956,31949,0.610,0.0228
light_8x16,L0-emp,ns3,31956,31899,7.169,0.1103
light_8x16,L2 even seeds,ns3 odd seeds,19173,12736,18.273,0.1175
light_8x16,L0 even seeds,ns3 odd seeds,19178,12736,19.449,0.1234
light_8x16,L0-emp even seeds,ns3 odd seeds,19178,12736,10.298,0.1124
light_8x16,L1 even seeds,ns3 odd seeds,19200,12736,59.846,0.5359
light_8x16,L2-legacy even seeds,ns3 odd seeds,19200,12736,49.063,0.4229
i02_8x16,L0,L2,59963,55025,33.148,0.2646
i02_8x16,L1,L2,63849,55025,55.255,0.4998
i02_8x16,L2,ns3,55025,54803,7.043,0.1760
i02_8x16,L2-legacy,ns3,62966,54803,39.757,0.1993
i02_8x16,L0,ns3,59963,54803,29.376,0.2100
i02_8x16,L1,ns3,63849,54803,61.083,0.5449
i02_8x16,ideal,ns3,96000,54803,293.840,1.0000
i02_8x16,L2 even seeds,L2 odd seeds,33982,21043,27.250,0.1261
i02_8x16,ns3 even seeds,ns3 odd seeds,33880,20923,28.742,0.1217
i02_8x16,L2 even seeds,ns3 odd seeds,33982,20923,26.514,0.1215
i02_8x16,L0 even seeds,ns3 odd seeds,35947,20923,42.485,0.2174
i02_8x16,L1 even seeds,ns3 odd seeds,38367,20923,73.672,0.4956
i02_8x16,L2-legacy even seeds,ns3 odd seeds,37908,20923,54.334,0.2806
i02_8x16,L0-emp,L2,54737,55025,0.594,0.0318
i02_8x16,L0-emp,ns3,54737,54803,7.083,0.1728
i02_8x16,L0-emp even seeds,ns3 odd seeds,32821,20923,17.766,0.1084
r32_8x32,L0,L2,58333,55494,69.959,0.2855
r32_8x32,L1,L2,63984,55494,112.898,0.5039
r32_8x32,L2,ns3,55494,55882,42.818,0.3781
r32_8x32,L2-legacy,ns3,63505,55882,108.417,0.2572
r32_8x32,L0,ns3,58333,55882,51.095,0.1298
r32_8x32,L1,ns3,63984,55882,129.834,0.5915
r32_8x32,ideal,ns3,64000,55882,565.260,1.0000
r32_8x32,L2 even seeds,L2 odd seeds,33610,21884,19.016,0.0615
r32_8x32,ns3 even seeds,ns3 odd seeds,33867,22015,14.816,0.0449
r32_8x32,L2 even seeds,ns3 odd seeds,33610,22015,32.113,0.3529
r32_8x32,L0 even seeds,ns3 odd seeds,35008,22015,51.508,0.1127
r32_8x32,L1 even seeds,ns3 odd seeds,38396,22015,135.127,0.5752
r32_8x32,L2-legacy even seeds,ns3 odd seeds,38161,22015,119.037,0.2823
r32_8x32,L0-emp,L2,55191,55494,5.600,0.0193
r32_8x32,L0-emp,ns3,55191,55882,37.574,0.3765
r32_8x32,L0-emp even seeds,ns3 odd seeds,33071,22015,31.622,0.3527
