mac_config,run_id,n_ue,ue,offered_mbps,goodput_mbps,delivered,delay_p50_ms,delay_p95_ms,delay_p99_ms,speed_median,jain
default,b-10ue-light,10,ue1,0.3206,0.3206,1.0,25.293,290.632,422.623,0.047,1.0
default,b-10ue-light,10,ue10,0.3206,0.3206,1.0,22.523,318.989,478.442,0.047,1.0
default,b-10ue-light,10,ue2,0.3206,0.3206,1.0,24.181,428.317,582.971,0.047,1.0
default,b-10ue-light,10,ue3,0.3206,0.3206,1.0,28.779,446.556,592.581,0.047,1.0
default,b-10ue-light,10,ue4,0.3206,0.3206,1.0,25.258,323.3,484.466,0.047,1.0
default,b-10ue-light,10,ue5,0.3206,0.3206,1.0,25.103,338.057,490.65,0.047,1.0
default,b-10ue-light,10,ue6,0.3206,0.3206,1.0,18.197,245.102,372.825,0.047,1.0
default,b-10ue-light,10,ue7,0.3206,0.3206,1.0,25.96,330.466,480.863,0.047,1.0
default,b-10ue-light,10,ue8,0.3206,0.3206,1.0,25.692,397.278,555.449,0.047,1.0
default,b-10ue-light,10,ue9,0.3206,0.3206,1.0,25.443,303.289,464.601,0.047,1.0
default,b-1ue-heavy,1,ue1,2.4113,2.4113,1.0,39.527,187.586,369.052,2.008,1.0
default,b-1ue-light,1,ue1,0.3216,0.3216,1.0,25.064,32.563,60.904,1.927,1.0
default,b-2ue-heavy,2,ue1,2.4117,2.4117,1.0,57.083,601.77,728.819,1.461,1.0
default,b-2ue-heavy,2,ue2,2.4117,2.4117,1.0,48.958,601.433,728.924,1.461,1.0
default,b-2ue-light,2,ue1,0.3216,0.3216,1.0,27.115,42.371,75.738,1.295,1.0
default,b-2ue-light,2,ue2,0.3216,0.3216,1.0,25.918,34.909,78.514,1.295,1.0
default,b-3ue-heavy,3,ue1,2.4085,2.4085,1.0,50.692,1076.933,1179.589,1.01,1.0
default,b-3ue-heavy,3,ue2,2.4085,2.4085,1.0,49.49,1075.099,1171.685,1.01,1.0
default,b-3ue-heavy,3,ue3,2.4085,2.4085,1.0,53.143,1072.652,1178.373,1.01,1.0
default,b-3ue-light,3,ue1,0.3212,0.3212,1.0,24.478,33.046,164.289,1.058,1.0
default,b-3ue-light,3,ue2,0.3212,0.3212,1.0,25.251,31.203,177.572,1.058,1.0
default,b-3ue-light,3,ue3,0.3212,0.3212,1.0,24.331,32.17,184.767,1.058,1.0
default,b-4ue-heavy,4,ue1,2.4085,2.4085,1.0,79.177,1340.255,1423.018,0.808,1.0
default,b-4ue-heavy,4,ue2,2.4085,2.4085,1.0,73.571,1355.789,1441.699,0.808,1.0
default,b-4ue-heavy,4,ue3,2.4085,2.4085,1.0,76.83,1324.683,1407.228,0.808,1.0
default,b-4ue-heavy,4,ue4,2.4085,2.4085,1.0,89.942,1353.047,1432.881,0.808,1.0
default,b-4ue-light,4,ue1,0.3211,0.3211,1.0,22.125,46.61,255.162,0.86,1.0
default,b-4ue-light,4,ue2,0.3211,0.3211,1.0,23.576,50.893,271.447,0.86,1.0
default,b-4ue-light,4,ue3,0.3211,0.3211,1.0,19.168,41.388,244.222,0.86,1.0
default,b-4ue-light,4,ue4,0.3211,0.3211,1.0,25.741,52.456,263.13,0.86,1.0
default,b-6ue-light,6,ue1,0.3203,0.3203,1.0,23.923,80.514,347.782,0.512,1.0
default,b-6ue-light,6,ue2,0.3203,0.3203,1.0,28.063,56.969,300.6,0.512,1.0
default,b-6ue-light,6,ue3,0.3203,0.3203,1.0,24.66,55.091,262.122,0.512,1.0
default,b-6ue-light,6,ue4,0.3203,0.3203,1.0,23.536,71.698,319.018,0.512,1.0
default,b-6ue-light,6,ue5,0.3203,0.3203,1.0,23.17,75.755,298.269,0.512,1.0
default,b-6ue-light,6,ue6,0.3203,0.3203,1.0,25.507,47.261,268.758,0.512,1.0
default,b-8ue-light,8,ue1,0.3201,0.3201,1.0,24.165,318.664,474.144,0.054,1.0
default,b-8ue-light,8,ue2,0.3201,0.3201,1.0,24.016,244.367,407.237,0.054,1.0
default,b-8ue-light,8,ue3,0.3201,0.3201,1.0,21.966,283.066,442.22,0.054,1.0
default,b-8ue-light,8,ue4,0.3201,0.3201,1.0,24.368,264.735,429.196,0.054,1.0
default,b-8ue-light,8,ue5,0.3201,0.3201,1.0,19.835,389.335,511.037,0.054,1.0
default,b-8ue-light,8,ue6,0.3201,0.3201,1.0,26.791,291.807,451.467,0.054,1.0
default,b-8ue-light,8,ue7,0.3201,0.3201,1.0,27.985,239.426,380.602,0.054,1.0
default,b-8ue-light,8,ue8,0.3201,0.3201,1.0,27.982,386.251,513.915,0.054,1.0
