mac_config,run_id,ul_atten_db,ul_mcs_median,pusch_snr_T_median_db,pusch_snr_stats_median_db,tb_first_tx,bler_first_tx,p_3rd_tx,p_4th_tx,residual_loss,crc_fail_T,crc_ok_T,harq_rtt_slots_median,harq_rtt_samples,frames,delivered,delay_p50_ms,delay_p95_ms,delay_p99_ms
default,c-att00.0dB,0,28.0,51.0,22.0,2979,0.0,0.0,0.0,0.0,0,3039,nan,0,1000,1.0,19.507,27.145,29.44
default,c-att10.0dB,10,28.0,41.0,21.6,2991,0.0,0.0,0.0,0.0,0,3085,nan,0,1000,1.0,20.389,26.798,28.891
default,c-att15.0dB,15,28.0,36.0,21.85,3002,0.0,0.0,0.0,0.0,0,3049,nan,0,1000,1.0,21.016,27.513,29.341
default,c-att20.0dB,20,2.0,31.0,21.5,4925,0.0684,0.0,0.0,0.0,337,4972,15.0,337,1000,1.0,22.025,36.665,43.622
default,c-att23.0dB,23,5.0,28.0,21.6,4101,0.08,0.0,0.0,0.0,328,4144,10.0,328,1000,0.999,21.196,34.663,39.194
default,c-att26.0dB,26,5.0,25.0,21.6,4381,0.0906,0.0,0.0,0.0,397,4421,15.0,397,1000,1.0,22.241,35.663,39.378
default,c-att29.0dB,29,4.0,22.0,21.8,4180,0.0833,0.0,0.0,0.0,357,4475,10.0,357,1000,1.0,21.59,36.7,39.78
default,c-att31.0dB,31,2.0,20.0,19.8,5012,0.097,0.0106,0.0,0.0,543,5055,10.0,543,1000,1.0,24.529,41.891,46.962
default,c-att33.0dB,33,0.0,18.0,19.35,6174,0.0638,0.057,0.0492,0.0392,1418,5947,10.0,839,1000,1.0,39.901,123.539,183.672
default,c-att35.0dB,35,0.0,16.0,19.6,2256,0.8511,0.8502,0.7199,0.1915,6416,1965,5.0,6268,1000,0.208,9212.935,16814.294,17467.263
mcs9,c-att15.0dB,15,9.0,36.0,22.1,1235,0.0,0.0,0.0,0.0,0,1295,nan,0,400,1.0,21.14,23.914,24.459
mcs9,c-att20.0dB,20,9.0,30.5,21.45,1151,1.0,0.0009,0.0,0.0,1273,1273,10.0,1273,400,1.0,28.889,32.037,33.254
mcs9,c-att23.0dB,23,9.0,28.0,21.8,1233,1.0,0.0,0.0,0.0,1271,1271,10.0,1271,400,1.0,29.297,32.755,34.079
mcs9,c-att26.0dB,26,9.0,25.0,21.65,1203,0.9992,0.0,0.0,0.0,1280,1280,10.0,1280,400,1.0,29.221,32.502,34.323
mcs9,c-att29.0dB,29,9.0,21.5,21.5,1245,1.0,0.494,0.0,0.0,1918,1276,10.0,1918,400,1.0,32.024,39.529,42.203
mcs9,c-att30.0dB,30,9.0,20.5,20.5,1217,1.0,0.6557,0.0205,0.0173,2286,1322,10.0,2265,400,0.9725,36.301,80.032,133.771
mcs9,c-att31.0dB,31,9.0,19.0,19.1,243,1.0041,0.93,0.8724,0.8765,4264,192,10.0,722,400,0.4,386.817,1151.093,1420.771
mcs9,c-att32.0dB,32,9.0,18.0,nan,0,0.0,0.0,0.0,0.0,1123,38,10.0,23,400,0.0,nan,nan,nan
