mac_config,run_id,profile,size_b,rate_hz,holdout,frames,delivered,delay_p5_ms,delay_p25_ms,delay_p50_ms,delay_p75_ms,delay_p95_ms,delay_p99_ms,wall_delay_p50_ms,speed_median
default,a-00100B-010Hz,cbr,100,10,False,200,1.0,15.279,19.461,21.211,23.846,27.665,29.428,55.151,0.366
default,a-00100B-050Hz,cbr,100,50,False,1000,1.0,3.012,12.53,15.541,17.321,20.048,24.949,21.994,0.626
default,a-00100B-100Hz,cbr,100,100,False,2000,1.0,3.456,6.554,12.067,16.116,19.711,24.878,23.498,0.434
default,a-00100B-poisson20Hz,poisson,100,20,True,417,1.0,5.458,12.013,14.643,17.11,21.148,23.948,35.034,0.405
default,a-01000B-010Hz,cbr,1000,10,False,200,1.0,19.174,21.246,23.247,25.252,29.165,32.181,42.701,0.552
default,a-01000B-050Hz,cbr,1000,50,False,1000,1.0,7.942,12.104,18.858,23.948,27.231,29.189,26.128,0.66
default,a-01000B-100Hz,cbr,1000,100,False,2000,1.0,5.073,10.355,14.856,21.106,28.503,50.707,21.693,0.623
default,a-04000B-010Hz,cbr,4000,10,False,200,1.0,18.756,21.784,23.74,26.867,31.541,54.093,44.991,0.516
default,a-04000B-050Hz,cbr,4000,50,False,1000,1.0,4.937,10.01,19.726,24.356,31.777,153.251,38.172,0.451
default,a-30000B-005Hz,cbr,30000,5,False,100,1.0,34.887,36.427,39.121,43.282,96.187,237.238,131.859,0.352
default,a-30000B-010Hz,cbr,30000,10,False,200,1.0,34.452,37.238,39.045,43.054,251.29,436.043,103.251,0.42
default,d-robot-1ue,robot,,,False,1300,1.0,3.508,12.064,16.026,20.302,40.912,138.207,40.04,0.376
pp,a-00100B-010Hz,cbr,100,10,False,200,1.0,1.261,2.517,3.573,5.243,6.913,8.535,5.114,0.66
pp,a-00100B-050Hz,cbr,100,50,False,1000,1.0,2.399,3.592,4.517,5.564,6.956,8.319,4.06,1.081
pp,a-04000B-010Hz,cbr,4000,10,False,200,1.0,22.799,23.972,24.739,25.644,26.659,27.801,15.242,1.61
pp,a-30000B-005Hz,cbr,30000,5,False,100,1.0,165.013,166.484,167.316,168.107,168.991,169.426,100.387,1.655
sr,a-00100B-010Hz,cbr,100,10,False,200,1.0,16.69,18.798,21.112,22.95,26.37,28.3,31.4,0.678
sr,a-00100B-050Hz,cbr,100,50,False,1000,1.0,3.954,13.144,14.858,16.485,19.514,22.298,21.613,0.619
sr,a-04000B-010Hz,cbr,4000,10,False,200,1.0,19.14,21.429,23.176,24.35,27.182,29.403,43.309,0.56
sr,a-30000B-005Hz,cbr,30000,5,False,100,1.0,34.66,37.045,38.888,40.78,44.497,47.784,48.711,0.868
