mac_config,run_id,frame_id,send_to_first_grant_ms,send_to_first_data_pusch_ms,grant_to_pusch_slots,first_to_last_data_pusch_ms,last_pusch_to_sink_ms,total_ms,data_tbs,first_pusch_tbs_b
default,a-00100B-010Hz,0,14.371,17.371,6,10.0,1.781,29.152,3,20
default,a-00100B-010Hz,1,12.818,15.818,6,10.0,1.969,27.787,3,26
default,a-00100B-010Hz,2,13.475,16.475,6,7.5,0.9,24.875,2,32
default,a-00100B-010Hz,3,12.665,15.665,6,10.0,2.529,28.194,3,26
default,a-00100B-010Hz,4,9.615,12.615,6,7.5,0.276,20.391,3,32
default,a-00100B-010Hz,5,15.228,18.228,6,5.0,2.297,25.524,2,32
default,a-00100B-010Hz,6,0.917,3.917,6,7.5,0.409,11.826,3,42
default,a-00100B-010Hz,7,8.187,11.187,6,10.0,1.849,23.036,4,51
default,a-00100B-010Hz,8,10.658,13.658,6,7.5,0.708,21.866,3,63
default,a-00100B-010Hz,9,10.444,13.444,6,5.0,0.278,18.722,2,76
default,a-00100B-010Hz,10,10.573,13.573,6,7.5,0.244,21.317,3,63
default,a-00100B-010Hz,11,12.12,15.12,6,5.0,0.781,20.9,2,76
default,a-00100B-010Hz,12,10.496,13.496,6,7.5,0.078,21.074,3,63
default,a-00100B-010Hz,13,12.013,15.013,6,0.0,3.397,18.41,1,76
default,a-00100B-010Hz,14,11.059,14.059,6,5.0,1.233,20.293,2,76
default,a-00100B-010Hz,15,8.409,11.409,6,2.5,1.992,15.902,2,88
default,a-00100B-010Hz,16,8.31,11.31,6,7.5,0.339,19.148,3,76
default,a-00100B-010Hz,17,11.126,14.126,6,7.5,0.582,22.208,3,51
default,a-00100B-010Hz,18,11.564,14.565,6,7.5,0.333,22.398,3,63
default,a-00100B-010Hz,19,12.278,15.278,6,5.0,1.771,22.049,2,76
default,a-00100B-010Hz,20,11.183,14.183,6,7.5,0.414,22.097,3,63
default,a-00100B-010Hz,21,12.69,15.69,6,5.0,0.545,21.235,2,76
default,a-00100B-010Hz,22,14.569,17.569,6,7.5,0.56,25.629,3,63
default,a-00100B-010Hz,23,11.875,14.875,6,5.0,0.383,20.257,2,76
default,a-00100B-010Hz,24,10.01,13.011,6,7.5,0.493,21.003,3,63
default,a-00100B-010Hz,25,7.196,10.196,6,7.5,2.801,20.497,3,63
default,a-00100B-010Hz,26,10.022,13.022,6,7.5,1.106,21.627,3,63
default,a-00100B-010Hz,27,12.623,15.623,6,5.0,0.156,20.779,2,76
default,a-00100B-010Hz,28,10.365,13.366,6,7.5,0.346,21.211,3,63
default,a-00100B-010Hz,29,11.369,14.369,6,5.0,1.304,20.673,2,76
default,a-00100B-010Hz,30,10.301,13.301,6,7.5,3.171,23.972,3,63
default,a-00100B-010Hz,31,11.652,14.652,6,0.0,4.908,19.561,1,76
default,a-00100B-010Hz,32,8.752,11.752,6,7.5,0.022,19.274,3,63
default,a-00100B-010Hz,33,13.057,16.057,6,7.5,0.271,23.828,3,51
default,a-00100B-010Hz,34,11.458,14.458,6,5.0,2.453,21.911,2,63
default,a-00100B-010Hz,35,9.265,12.265,6,7.5,1.074,20.838,3,51
default,a-00100B-010Hz,36,11.351,14.351,6,7.5,0.686,22.537,3,63
default,a-00100B-010Hz,37,11.384,14.384,6,5.0,1.494,20.878,2,76
default,a-00100B-010Hz,38,9.732,12.732,6,7.5,0.522,20.754,3,63
default,a-00100B-010Hz,39,12.187,15.187,6,5.0,0.451,20.637,2,76
default,a-00100B-010Hz,40,8.284,11.284,6,7.5,0.678,19.462,3,63
default,a-00100B-010Hz,41,16.309,19.31,6,5.0,1.44,25.75,2,76
default,a-00100B-010Hz,42,10.137,13.137,6,10.0,0.692,23.829,3,63
default,a-00100B-010Hz,43,12.728,15.728,6,5.0,1.524,22.253,2,76
default,a-00100B-010Hz,44,16.236,19.236,6,7.5,0.327,27.063,3,63
default,a-00100B-010Hz,45,11.095,14.095,6,5.0,0.063,19.158,2,76
default,a-00100B-010Hz,46,9.69,12.69,6,7.5,0.369,20.559,3,63
default,a-00100B-010Hz,47,10.92,13.92,6,7.5,0.114,21.534,3,76
default,a-00100B-010Hz,48,10.72,13.721,6,5.0,1.811,20.532,2,88
default,a-00100B-010Hz,49,10.901,13.901,6,5.0,1.484,20.386,2,76
default,a-00100B-010Hz,50,11.213,14.213,6,7.5,0.88,22.593,3,63
default,a-00100B-010Hz,51,10.897,13.897,6,7.5,0.441,21.838,3,51
default,a-00100B-010Hz,52,12.598,15.597,6,7.5,1.212,24.309,3,42
default,a-00100B-010Hz,53,13.522,16.522,6,7.5,1.58,25.602,3,51
default,a-00100B-010Hz,54,19.894,22.894,6,7.5,1.96,32.354,3,63
default,a-00100B-010Hz,55,17.706,20.706,6,7.5,1.103,29.309,3,63
default,a-00100B-010Hz,56,4.95,7.95,6,7.5,0.366,15.816,3,76
default,a-00100B-010Hz,57,11.592,14.592,6,5.0,0.315,19.908,2,88
default,a-00100B-010Hz,58,11.085,14.085,6,5.0,0.947,20.033,2,101
default,a-00100B-010Hz,59,11.728,14.728,6,5.0,0.279,20.007,2,88
default,a-00100B-010Hz,60,10.291,13.291,6,5.0,0.753,19.043,2,88
default,a-00100B-010Hz,61,8.742,11.742,6,2.5,0.518,14.761,2,101
default,a-00100B-010Hz,62,7.681,10.681,6,2.5,1.038,14.218,2,88
default,a-00100B-010Hz,63,9.26,12.26,6,2.5,1.11,15.87,2,76
default,a-00100B-010Hz,64,9.362,12.362,6,7.5,2.768,22.63,3,63
default,a-00100B-010Hz,65,10.234,13.234,6,5.0,1.66,19.894,2,76
default,a-00100B-010Hz,66,8.511,11.511,6,5.0,1.296,17.807,2,76
default,a-00100B-010Hz,67,9.802,12.802,6,2.5,1.997,17.299,2,88
default,a-00100B-010Hz,68,10.624,13.624,6,5.0,1.665,20.289,2,76
default,a-00100B-010Hz,69,5.375,8.375,6,7.5,0.384,16.258,2,88
default,a-00100B-010Hz,70,13.112,16.112,6,7.5,2.612,26.224,3,63
default,a-00100B-010Hz,71,11.159,14.159,6,5.0,1.935,21.094,2,76
default,a-00100B-010Hz,72,11.764,14.764,6,7.5,1.704,23.968,3,63
default,a-00100B-010Hz,73,12.36,15.36,6,0.0,4.328,19.688,1,76
default,a-00100B-010Hz,74,11.496,14.496,6,7.5,2.077,24.073,3,63
default,a-00100B-010Hz,75,10.467,13.467,6,5.0,1.568,20.035,2,76
default,a-00100B-010Hz,76,13.6,16.6,6,7.5,2.192,26.292,3,63
default,a-00100B-010Hz,77,12.919,15.919,6,5.0,1.375,22.295,2,76
default,a-00100B-010Hz,78,4.887,7.887,6,7.5,0.243,15.63,3,63
default,a-00100B-010Hz,79,10.653,13.653,6,5.0,0.477,19.13,2,76
default,a-00100B-010Hz,80,10.99,13.99,6,10.0,0.823,24.814,3,63
default,a-00100B-010Hz,81,6.156,9.156,6,7.5,1.54,18.196,2,76
default,a-00100B-010Hz,82,12.532,15.532,6,10.0,1.767,27.299,3,63
default,a-00100B-010Hz,83,10.436,13.436,6,5.0,0.994,19.43,2,76
default,a-00100B-010Hz,84,12.916,15.916,6,10.0,1.113,27.029,3,63
default,a-00100B-010Hz,85,13.273,16.273,6,5.0,2.116,23.389,2,76
default,a-00100B-010Hz,86,11.059,14.059,6,5.0,1.185,20.245,2,76
default,a-00100B-010Hz,87,11.153,14.153,6,5.0,1.571,20.724,2,88
default,a-00100B-010Hz,88,12.924,15.924,6,7.5,2.402,25.826,3,76
default,a-00100B-010Hz,89,12.457,15.457,6,7.5,2.315,25.272,3,63
default,a-00100B-010Hz,90,14.391,17.391,6,5.0,1.15,23.541,2,76
default,a-00100B-010Hz,91,12.023,15.023,6,5.0,1.188,21.21,2,88
default,a-00100B-010Hz,92,7.752,10.751,6,5.0,0.021,15.773,2,101
default,a-00100B-010Hz,93,2.288,5.288,6,7.5,0.547,13.335,2,116
default,a-00100B-010Hz,94,11.604,14.604,6,5.0,1.789,21.393,2,101
default,a-00100B-010Hz,95,10.67,13.67,6,5.0,1.392,20.062,2,88
default,a-00100B-010Hz,96,18.032,21.032,6,2.5,0.25,23.782,2,76
default,a-00100B-010Hz,97,10.6,13.6,6,10.0,3.423,27.023,3,63
default,a-00100B-010Hz,98,11.232,14.232,6,5.0,1.95,21.183,2,76
default,a-00100B-010Hz,99,11.569,14.569,6,5.0,1.044,20.613,2,88
default,a-00100B-010Hz,100,9.756,12.756,6,5.0,0.365,18.121,2,88
default,a-00100B-010Hz,101,8.984,11.984,6,2.5,0.963,15.447,2,101
default,a-00100B-010Hz,102,7.088,10.088,6,7.5,1.87,19.458,2,88
default,a-00100B-010Hz,103,10.68,13.68,6,7.5,0.475,21.656,3,63
default,a-00100B-010Hz,104,11.483,14.483,6,0.0,4.944,19.427,1,76
default,a-00100B-010Hz,105,11.797,14.797,6,7.5,0.332,22.629,3,63
default,a-00100B-010Hz,106,11.454,14.454,6,5.0,0.456,19.91,2,76
default,a-00100B-010Hz,107,9.596,12.596,6,7.5,1.873,21.969,3,63
default,a-00100B-010Hz,108,10.639,13.639,6,5.0,0.316,18.955,2,76
default,a-00100B-010Hz,109,2.094,5.094,6,7.5,0.768,13.361,3,76
default,a-00100B-010Hz,110,8.383,11.383,6,2.5,0.778,14.661,2,88
default,a-00100B-010Hz,111,12.977,15.977,6,7.5,0.204,23.68,3,63
default,a-00100B-010Hz,112,17.233,20.233,6,5.0,0.517,25.75,2,76
default,a-00100B-010Hz,113,10.043,13.043,6,5.0,0.587,18.631,2,76
default,a-00100B-010Hz,114,9.928,12.928,6,2.5,0.738,16.166,2,88
default,a-00100B-010Hz,115,8.797,11.797,6,2.5,0.854,15.151,2,76
default,a-00100B-010Hz,116,6.486,9.486,6,7.5,1.966,18.952,3,63
default,a-00100B-010Hz,117,10.041,13.041,6,5.0,1.248,19.289,2,76
default,a-00100B-010Hz,118,12.616,15.616,6,7.5,1.177,24.293,3,63
default,a-00100B-010Hz,119,8.319,11.319,6,7.5,2.012,20.831,3,76
default,a-00100B-010Hz,120,12.991,15.991,6,5.0,1.461,22.452,2,88
default,a-00100B-010Hz,121,9.369,12.369,6,0.0,4.988,17.357,1,76
default,a-00100B-010Hz,122,12.074,15.074,6,7.5,1.876,24.45,2,63
default,a-00100B-010Hz,123,10.701,13.701,6,7.5,1.286,22.487,3,51
default,a-00100B-010Hz,124,10.659,13.659,6,10.0,0.275,23.934,3,42
default,a-00100B-010Hz,125,13.846,16.846,6,10.0,0.812,27.659,3,51
default,a-00100B-010Hz,126,14.907,17.907,6,7.5,0.627,26.034,3,63
default,a-00100B-010Hz,127,9.422,12.421,6,5.0,3.053,20.475,2,76
default,a-00100B-010Hz,128,14.309,17.309,6,10.0,1.474,28.783,3,63
default,a-00100B-010Hz,129,10.606,13.606,6,5.0,1.534,20.14,2,76
default,a-00100B-010Hz,130,10.483,13.483,6,5.0,1.33,19.813,2,76
default,a-00100B-010Hz,131,8.565,11.565,6,0.0,4.909,16.474,1,88
default,a-00100B-010Hz,132,11.681,14.681,6,5.0,0.764,20.445,2,101
default,a-00100B-010Hz,133,14.256,17.256,6,5.0,1.765,24.021,2,88
default,a-00100B-010Hz,134,7.469,10.469,6,7.5,1.125,19.094,2,76
default,a-00100B-010Hz,135,10.971,13.971,6,10.0,1.698,25.669,3,63
default,a-00100B-010Hz,136,13.31,16.31,6,0.0,4.446,20.756,1,76
default,a-00100B-010Hz,137,12.388,15.388,6,7.5,0.335,23.223,3,63
default,a-00100B-010Hz,138,10.7,13.7,6,5.0,0.585,19.286,2,76
default,a-00100B-010Hz,139,12.346,15.346,6,10.0,0.062,25.408,3,63
default,a-00100B-010Hz,140,12.235,15.235,6,7.5,1.162,23.897,2,76
default,a-00100B-010Hz,141,13.786,16.786,6,7.5,2.024,26.31,3,63
default,a-00100B-010Hz,142,12.81,15.81,6,5.0,1.5,22.31,2,76
default,a-00100B-010Hz,143,14.73,17.73,6,10.0,1.69,29.42,3,63
default,a-00100B-010Hz,144,10.775,13.775,6,5.0,1.539,20.314,2,76
default,a-00100B-010Hz,145,12.088,15.088,6,7.5,0.667,23.255,3,63
default,a-00100B-010Hz,146,10.942,13.942,6,7.5,1.257,22.698,3,63
default,a-00100B-010Hz,147,8.576,11.576,6,5.0,0.237,16.813,2,76
default,a-00100B-010Hz,148,7.734,10.734,6,2.5,0.344,13.578,2,88
default,a-00100B-010Hz,149,8.364,11.364,6,2.5,4.986,18.85,2,76
default,a-00100B-010Hz,150,10.905,13.905,6,10.0,0.986,24.891,3,51
default,a-00100B-010Hz,151,15.131,18.131,6,7.5,0.261,25.892,3,63
default,a-00100B-010Hz,152,13.625,16.625,6,7.5,0.589,24.714,3,63
default,a-00100B-010Hz,153,14.893,17.893,6,5.0,0.426,23.319,2,76
default,a-00100B-010Hz,154,11.82,14.82,6,5.0,1.334,21.154,2,88
default,a-00100B-010Hz,155,4.45,7.449,6,0.0,7.08,14.529,1,101
default,a-00100B-010Hz,156,15.057,18.057,6,0.0,4.31,22.367,1,116
default,a-00100B-010Hz,157,11.707,14.707,6,5.0,0.174,19.881,2,101
default,a-00100B-010Hz,158,11.861,14.861,6,5.0,1.373,21.235,2,88
default,a-00100B-010Hz,159,13.606,16.606,6,5.0,1.511,23.118,2,76
default,a-00100B-010Hz,160,9.438,12.438,6,7.5,0.697,20.635,3,63
default,a-00100B-010Hz,161,13.696,16.696,6,5.0,2.382,24.078,2,76
default,a-00100B-010Hz,162,10.33,13.33,6,5.0,1.353,19.683,2,76
default,a-00100B-010Hz,163,11.525,14.525,6,5.0,2.009,21.535,2,88
default,a-00100B-010Hz,164,11.901,14.901,6,5.0,0.134,20.035,2,76
default,a-00100B-010Hz,165,11.582,14.582,6,7.5,2.126,24.208,3,63
default,a-00100B-010Hz,166,13.987,16.987,6,5.0,0.7,22.687,2,76
default,a-00100B-010Hz,167,13.416,16.415,6,7.5,2.021,25.936,3,63
default,a-00100B-010Hz,168,12.306,15.306,6,5.0,1.584,21.889,2,76
default,a-00100B-010Hz,169,14.835,17.835,6,7.5,2.007,27.343,3,63
default,a-00100B-010Hz,170,11.036,14.036,6,5.0,0.347,19.382,2,76
default,a-00100B-010Hz,171,10.323,13.323,6,5.0,1.644,19.967,2,76
default,a-00100B-010Hz,172,6.594,9.594,6,2.5,0.534,12.628,2,88
default,a-00100B-010Hz,173,7.504,10.504,6,7.5,0.153,18.157,3,76
default,a-00100B-010Hz,174,12.605,15.605,6,7.5,0.099,23.205,3,51
default,a-00100B-010Hz,175,11.287,14.287,6,7.5,0.525,22.312,3,63
default,a-00100B-010Hz,176,10.412,13.412,6,2.5,0.851,16.763,2,76
default,a-00100B-010Hz,177,10.996,13.996,6,5.0,1.987,20.982,2,76
default,a-00100B-010Hz,178,8.812,11.812,6,2.5,0.973,15.285,2,88
default,a-00100B-010Hz,179,7.602,10.602,6,7.5,0.809,18.911,3,76
default,a-00100B-010Hz,180,6.609,9.609,6,7.5,0.506,17.615,2,51
default,a-00100B-010Hz,181,15.361,18.361,6,7.5,0.677,26.537,3,42
default,a-00100B-010Hz,182,9.92,12.92,6,10.0,1.439,24.359,3,32
default,a-00100B-010Hz,183,15.43,18.43,6,7.5,0.009,25.939,3,42
default,a-00100B-010Hz,184,10.374,13.374,6,7.5,1.156,22.03,3,42
default,a-00100B-010Hz,185,10.789,13.789,6,7.5,1.054,22.343,3,51
default,a-00100B-010Hz,186,14.569,17.569,6,10.0,1.73,29.299,3,63
default,a-00100B-010Hz,187,11.148,14.148,6,7.5,0.459,22.107,3,42
default,a-00100B-010Hz,188,10.612,13.612,6,7.5,0.36,21.472,3,42
default,a-00100B-010Hz,189,15.996,18.996,6,10.0,1.21,30.207,3,51
default,a-00100B-010Hz,190,11.842,14.842,6,7.5,0.214,22.556,3,42
default,a-00100B-010Hz,191,10.465,13.465,6,7.5,0.486,21.451,3,51
default,a-00100B-010Hz,192,10.546,13.546,6,7.5,0.641,21.688,3,63
default,a-00100B-010Hz,193,10.786,13.786,6,5.0,0.652,19.438,2,76
default,a-00100B-010Hz,194,9.761,12.761,6,5.0,1.954,19.715,2,88
default,a-00100B-010Hz,195,11.795,14.795,6,5.0,0.748,20.543,2,101
default,a-00100B-010Hz,196,11.213,14.213,6,5.0,0.001,19.213,2,88
default,a-00100B-010Hz,197,11.558,14.557,6,5.0,0.383,19.941,2,76
default,a-00100B-010Hz,198,13.025,16.025,6,10.0,2.015,28.039,3,63
default,a-00100B-010Hz,199,14.504,17.504,6,5.0,1.857,24.361,2,76
pp,a-00100B-010Hz,0,0.508,1.008,1,0.0,0.437,1.445,1,480
pp,a-00100B-010Hz,1,2.141,2.641,1,0.0,0.339,2.979,1,480
pp,a-00100B-010Hz,2,2.304,2.804,1,0.0,0.78,3.584,1,480
pp,a-00100B-010Hz,3,0.346,0.846,1,0.0,1.59,2.436,1,480
pp,a-00100B-010Hz,4,2.373,2.873,1,0.0,0.58,3.453,1,480
pp,a-00100B-010Hz,5,2.319,2.819,1,0.0,0.517,3.336,1,480
pp,a-00100B-010Hz,6,2.273,2.773,1,0.0,0.382,3.155,1,480
pp,a-00100B-010Hz,7,1.777,2.277,1,0.0,1.296,3.573,1,480
pp,a-00100B-010Hz,8,0.643,6.143,1,0.0,0.833,6.976,1,480
pp,a-00100B-010Hz,10,2.322,5.322,1,0.0,0.985,6.306,1,480
pp,a-00100B-010Hz,11,1.019,4.019,1,0.0,1.695,5.715,1,480
pp,a-00100B-010Hz,12,1.169,4.169,1,0.0,0.082,4.251,1,480
pp,a-00100B-010Hz,13,2.355,5.355,1,0.0,0.038,5.393,1,480
pp,a-00100B-010Hz,15,0.838,1.338,1,0.0,0.254,1.591,1,480
pp,a-00100B-010Hz,16,1.796,2.296,1,0.0,0.755,3.051,1,480
pp,a-00100B-010Hz,17,0.153,3.153,1,0.0,0.338,3.491,1,480
pp,a-00100B-010Hz,18,2.04,5.04,1,0.0,0.515,5.555,1,480
pp,a-00100B-010Hz,19,0.679,3.679,1,0.0,0.039,3.718,1,480
pp,a-00100B-010Hz,20,1.923,2.423,1,0.0,0.43,2.853,1,480
pp,a-00100B-010Hz,21,0.095,3.095,1,0.0,0.463,3.559,1,480
pp,a-00100B-010Hz,22,0.572,3.572,1,0.0,0.024,3.596,1,480
pp,a-00100B-010Hz,23,0.212,3.212,1,0.0,0.026,3.238,1,480
pp,a-00100B-010Hz,24,1.463,1.963,1,0.0,0.01,1.973,1,480
pp,a-00100B-010Hz,25,2.488,5.488,1,0.0,0.722,6.21,1,480
pp,a-00100B-010Hz,26,0.748,3.748,1,0.0,0.343,4.091,1,480
pp,a-00100B-010Hz,29,1.555,2.055,1,0.0,0.956,3.01,1,480
pp,a-00100B-010Hz,30,0.993,3.993,1,0.0,0.418,4.412,1,480
pp,a-00100B-010Hz,31,0.708,6.208,1,0.0,1.792,8.001,1,480
pp,a-00100B-010Hz,32,1.728,4.728,1,0.0,1.25,5.978,1,480
pp,a-00100B-010Hz,33,1.559,2.059,1,0.0,0.833,2.892,1,480
pp,a-00100B-010Hz,34,0.601,3.601,1,0.0,1.323,4.924,1,480
pp,a-00100B-010Hz,35,1.348,4.349,1,0.0,0.144,4.493,1,480
pp,a-00100B-010Hz,36,0.603,1.103,1,0.0,0.318,1.421,1,480
pp,a-00100B-010Hz,37,0.028,5.528,1,0.0,0.343,5.872,1,480
pp,a-00100B-010Hz,39,0.667,1.167,1,0.0,0.077,1.244,1,480
pp,a-00100B-010Hz,40,1.32,1.82,1,0.0,1.124,2.944,1,480
pp,a-00100B-010Hz,41,0.991,3.991,1,0.0,0.412,4.403,1,480
pp,a-00100B-010Hz,42,0.727,3.727,1,0.0,0.379,4.106,1,480
pp,a-00100B-010Hz,44,1.541,2.041,1,0.0,0.264,2.305,1,480
pp,a-00100B-010Hz,45,1.586,2.086,1,0.0,0.026,2.112,1,480
pp,a-00100B-010Hz,46,0.491,0.991,1,0.0,0.32,1.312,1,480
pp,a-00100B-010Hz,48,1.915,2.415,1,0.0,1.473,3.888,1,480
pp,a-00100B-010Hz,49,1.183,4.183,1,0.0,0.365,4.548,1,480
pp,a-00100B-010Hz,50,0.466,3.466,1,0.0,0.349,3.815,1,480
pp,a-00100B-010Hz,51,2.115,2.615,1,0.0,0.646,3.261,1,480
pp,a-00100B-010Hz,52,1.34,4.339,1,0.0,1.432,5.772,1,480
pp,a-00100B-010Hz,53,2.028,5.028,1,0.0,0.157,5.185,1,480
pp,a-00100B-010Hz,54,1.257,1.757,1,0.0,0.87,2.626,1,480
pp,a-00100B-010Hz,55,1.006,1.506,1,0.0,0.095,1.601,1,480
pp,a-00100B-010Hz,56,1.494,1.994,1,0.0,0.553,2.547,1,480
pp,a-00100B-010Hz,58,0.125,5.625,1,0.0,0.066,5.691,1,480
pp,a-00100B-010Hz,59,0.558,3.558,1,0.0,0.924,4.483,1,480
pp,a-00100B-010Hz,60,0.818,3.818,1,0.0,0.189,4.007,1,480
pp,a-00100B-010Hz,61,1.672,4.672,1,0.0,1.95,6.622,1,480
pp,a-00100B-010Hz,63,0.159,5.659,1,0.0,0.273,5.931,1,480
pp,a-00100B-010Hz,64,1.834,4.834,1,0.0,0.678,5.512,1,480
pp,a-00100B-010Hz,65,0.112,3.112,1,0.0,2.315,5.427,1,480
pp,a-00100B-010Hz,66,2.228,5.229,1,0.0,0.671,5.9,1,480
pp,a-00100B-010Hz,67,1.417,1.917,1,0.0,0.124,2.04,1,480
pp,a-00100B-010Hz,68,0.774,1.274,1,0.0,0.169,1.443,1,480
pp,a-00100B-010Hz,69,1.36,1.86,1,0.0,0.24,2.1,1,480
pp,a-00100B-010Hz,70,0.022,3.022,1,0.0,0.468,3.49,1,480
pp,a-00100B-010Hz,71,2.415,2.915,1,0.0,0.305,3.22,1,480
pp,a-00100B-010Hz,72,2.452,2.952,1,0.0,0.583,3.536,1,480
pp,a-00100B-010Hz,73,0.813,1.312,1,0.0,0.409,1.722,1,480
pp,a-00100B-010Hz,74,1.726,2.226,1,0.0,0.274,2.501,1,480
pp,a-00100B-010Hz,75,0.243,3.243,1,0.0,0.123,3.365,1,480
pp,a-00100B-010Hz,76,1.201,1.701,1,0.0,0.3,2.001,1,480
pp,a-00100B-010Hz,77,0.163,3.163,1,0.0,0.098,3.261,1,480
pp,a-00100B-010Hz,78,0.411,0.911,1,0.0,0.01,0.92,1,480
pp,a-00100B-010Hz,79,1.766,2.266,1,0.0,0.254,2.52,1,480
pp,a-00100B-010Hz,80,2.293,2.794,1,0.0,0.278,3.072,1,480
pp,a-00100B-010Hz,81,0.388,3.388,1,0.0,0.185,3.573,1,480
pp,a-00100B-010Hz,82,1.706,2.206,1,0.0,0.3,2.506,1,480
pp,a-00100B-010Hz,84,1.332,1.832,1,0.0,0.221,2.053,1,480
pp,a-00100B-010Hz,85,1.078,1.578,1,0.0,0.247,1.824,1,480
pp,a-00100B-010Hz,86,0.366,0.866,1,0.0,0.508,1.374,1,480
pp,a-00100B-010Hz,87,0.217,3.217,1,0.0,0.427,3.645,1,480
pp,a-00100B-010Hz,88,2.297,5.297,1,0.0,0.176,5.473,1,480
pp,a-00100B-010Hz,89,0.478,0.978,1,0.0,0.234,1.212,1,480
pp,a-00100B-010Hz,90,1.252,4.252,1,0.0,1.034,5.286,1,480
pp,a-00100B-010Hz,91,0.063,3.063,1,0.0,1.632,4.695,1,480
pp,a-00100B-010Hz,92,2.447,2.947,1,0.0,2.007,4.954,1,480
pp,a-00100B-010Hz,93,1.139,1.639,1,0.0,0.324,1.963,1,480
pp,a-00100B-010Hz,95,0.896,1.396,1,0.0,0.288,1.684,1,480
pp,a-00100B-010Hz,96,2.348,2.848,1,0.0,0.659,3.507,1,480
pp,a-00100B-010Hz,97,0.34,3.34,1,0.0,0.091,3.43,1,480
pp,a-00100B-010Hz,98,1.493,4.493,1,0.0,0.202,4.695,1,480
pp,a-00100B-010Hz,99,2.433,5.433,1,0.0,2.502,7.934,1,480
pp,a-00100B-010Hz,100,1.497,1.997,1,0.0,0.999,2.996,1,480
pp,a-00100B-010Hz,101,0.791,6.291,1,0.0,0.817,7.108,1,480
pp,a-00100B-010Hz,102,2.486,5.486,1,0.0,0.443,5.93,1,480
pp,a-00100B-010Hz,103,0.465,0.965,1,0.0,2.439,3.404,1,480
pp,a-00100B-010Hz,104,2.485,5.485,1,0.0,1.044,6.529,1,480
pp,a-00100B-010Hz,105,2.046,5.046,1,0.0,6.193,11.239,1,480
pp,a-00100B-010Hz,106,2.281,5.281,1,0.0,4.97,10.251,1,480
pp,a-00100B-010Hz,107,0.375,3.374,1,0.0,0.257,3.631,1,480
pp,a-00100B-010Hz,108,0.362,0.862,1,0.0,0.124,0.986,1,480
pp,a-00100B-010Hz,109,2.258,2.758,1,0.0,2.432,5.19,1,480
pp,a-00100B-010Hz,110,0.777,6.277,1,0.0,0.615,6.892,1,480
pp,a-00100B-010Hz,111,0.887,3.887,1,0.0,2.79,6.678,1,480
pp,a-00100B-010Hz,112,1.173,4.174,1,0.0,1.304,5.477,1,480
pp,a-00100B-010Hz,113,1.915,4.915,1,0.0,1.534,6.449,1,480
pp,a-00100B-010Hz,114,1.596,4.596,1,0.0,0.11,4.706,1,480
pp,a-00100B-010Hz,115,0.245,3.245,1,0.0,0.365,3.61,1,480
pp,a-00100B-010Hz,116,0.121,3.121,1,0.0,0.51,3.631,1,480
pp,a-00100B-010Hz,117,0.754,3.754,1,0.0,0.25,4.004,1,480
pp,a-00100B-010Hz,118,0.65,1.15,1,0.0,3.515,4.665,1,480
pp,a-00100B-010Hz,119,1.606,2.106,1,0.0,0.849,2.955,1,480
pp,a-00100B-010Hz,120,0.523,1.023,1,0.0,1.776,2.799,1,480
pp,a-00100B-010Hz,121,0.895,1.395,1,0.0,2.789,4.184,1,480
pp,a-00100B-010Hz,122,1.868,2.368,1,0.0,0.94,3.307,1,480
pp,a-00100B-010Hz,123,2.106,2.606,1,0.0,3.253,5.86,1,480
pp,a-00100B-010Hz,124,1.947,2.447,1,0.0,0.262,2.709,1,480
pp,a-00100B-010Hz,125,1.969,4.969,1,0.0,0.626,5.594,1,480
pp,a-00100B-010Hz,126,0.109,5.609,1,0.0,0.194,5.804,1,480
pp,a-00100B-010Hz,127,1.048,4.048,1,0.0,0.905,4.953,1,480
pp,a-00100B-010Hz,128,2.084,2.584,1,0.0,0.543,3.127,1,480
pp,a-00100B-010Hz,129,0.296,5.796,1,0.0,0.463,6.26,1,480
pp,a-00100B-010Hz,130,1.202,1.702,1,0.0,0.187,1.889,1,480
pp,a-00100B-010Hz,131,1.398,1.898,1,0.0,3.705,5.603,1,480
pp,a-00100B-010Hz,132,0.538,1.038,1,0.0,0.099,1.137,1,480
pp,a-00100B-010Hz,133,0.968,1.468,1,0.0,0.183,1.651,1,480
pp,a-00100B-010Hz,134,2.422,2.922,1,0.0,0.671,3.593,1,480
pp,a-00100B-010Hz,135,1.072,1.572,1,0.0,0.439,2.011,1,480
pp,a-00100B-010Hz,136,1.773,2.273,1,0.0,1.035,3.308,1,480
pp,a-00100B-010Hz,137,1.655,2.155,1,0.0,0.255,2.409,1,480
pp,a-00100B-010Hz,138,1.905,4.905,1,0.0,0.159,5.064,1,480
pp,a-00100B-010Hz,139,0.566,1.066,1,0.0,0.328,1.394,1,480
pp,a-00100B-010Hz,140,2.402,2.902,1,0.0,0.794,3.695,1,480
pp,a-00100B-010Hz,141,2.385,2.885,1,0.0,0.804,3.689,1,480
pp,a-00100B-010Hz,142,1.824,4.824,1,0.0,1.774,6.597,1,480
pp,a-00100B-010Hz,143,1.786,7.286,1,0.0,0.777,8.063,1,480
pp,a-00100B-010Hz,144,1.989,2.489,1,0.0,0.263,2.752,1,480
pp,a-00100B-010Hz,145,1.856,2.356,1,0.0,0.198,2.554,1,480
pp,a-00100B-010Hz,146,0.123,3.123,1,0.0,0.205,3.327,1,480
pp,a-00100B-010Hz,147,1.848,2.348,1,0.0,0.16,2.508,1,480
pp,a-00100B-010Hz,148,1.467,1.967,1,0.0,0.315,2.282,1,480
pp,a-00100B-010Hz,149,2.116,2.616,1,0.0,0.321,2.937,1,480
pp,a-00100B-010Hz,150,2.331,2.831,1,0.0,0.302,3.133,1,480
pp,a-00100B-010Hz,151,1.521,4.521,1,0.0,0.178,4.699,1,480
pp,a-00100B-010Hz,152,2.445,5.445,1,0.0,0.833,6.279,1,480
pp,a-00100B-010Hz,153,0.469,0.969,1,0.0,0.25,1.219,1,480
pp,a-00100B-010Hz,154,0.041,3.041,1,0.0,0.006,3.047,1,480
pp,a-00100B-010Hz,155,1.085,1.585,1,0.0,0.654,2.239,1,480
pp,a-00100B-010Hz,156,0.485,3.485,1,0.0,3.606,7.09,1,480
pp,a-00100B-010Hz,158,0.367,3.367,1,0.0,0.283,3.649,1,480
pp,a-00100B-010Hz,159,0.974,1.474,1,0.0,0.679,2.153,1,480
pp,a-00100B-010Hz,160,1.378,4.378,1,0.0,0.312,4.691,1,480
pp,a-00100B-010Hz,161,2.378,2.878,1,0.0,1.088,3.966,1,480
pp,a-00100B-010Hz,162,1.588,4.587,1,0.0,1.3,5.887,1,480
pp,a-00100B-010Hz,163,1.252,4.252,1,0.0,0.838,5.09,1,480
pp,a-00100B-010Hz,164,0.588,3.588,1,0.0,0.721,4.309,1,480
pp,a-00100B-010Hz,165,1.367,4.367,1,0.0,1.381,5.749,1,480
pp,a-00100B-010Hz,166,0.861,3.861,1,0.0,0.733,4.594,1,480
pp,a-00100B-010Hz,167,0.875,3.875,1,0.0,1.253,5.128,1,480
pp,a-00100B-010Hz,168,1.495,4.495,1,0.0,1.529,6.024,1,480
pp,a-00100B-010Hz,169,0.225,3.225,1,0.0,0.31,3.535,1,480
pp,a-00100B-010Hz,170,0.23,3.23,1,0.0,0.128,3.358,1,480
pp,a-00100B-010Hz,171,1.06,1.56,1,0.0,0.065,1.625,1,480
pp,a-00100B-010Hz,172,0.834,1.333,1,0.0,0.325,1.658,1,480
pp,a-00100B-010Hz,173,0.6,1.1,1,0.0,0.218,1.318,1,480
pp,a-00100B-010Hz,174,1.633,2.133,1,0.0,0.321,2.455,1,480
pp,a-00100B-010Hz,175,2.007,2.506,1,0.0,0.119,2.625,1,480
pp,a-00100B-010Hz,176,1.869,2.369,1,0.0,0.316,2.685,1,480
pp,a-00100B-010Hz,177,0.139,3.138,1,0.0,0.185,3.323,1,480
pp,a-00100B-010Hz,178,0.756,3.756,1,0.0,0.357,4.114,1,480
pp,a-00100B-010Hz,179,0.76,1.26,1,0.0,0.075,1.335,1,480
pp,a-00100B-010Hz,180,0.098,3.098,1,0.0,0.257,3.356,1,480
pp,a-00100B-010Hz,181,0.965,3.965,1,0.0,1.06,5.025,1,480
pp,a-00100B-010Hz,182,1.579,4.579,1,0.0,0.203,4.782,1,480
pp,a-00100B-010Hz,184,0.873,3.873,1,0.0,2.642,6.515,1,480
pp,a-00100B-010Hz,185,2.166,5.166,1,0.0,0.381,5.546,1,480
pp,a-00100B-010Hz,186,0.204,3.204,1,0.0,1.512,4.716,1,480
pp,a-00100B-010Hz,188,2.182,2.682,1,0.0,0.182,2.864,1,480
pp,a-00100B-010Hz,189,2.155,5.155,1,0.0,0.156,5.311,1,480
pp,a-00100B-010Hz,190,1.46,4.46,1,0.0,0.769,5.229,1,480
pp,a-00100B-010Hz,191,2.079,5.079,1,0.0,0.658,5.737,1,480
pp,a-00100B-010Hz,192,0.694,1.194,1,0.0,0.068,1.262,1,480
pp,a-00100B-010Hz,193,0.634,3.634,1,0.0,0.279,3.914,1,480
pp,a-00100B-010Hz,194,0.488,5.988,1,0.0,0.771,6.759,1,480
pp,a-00100B-010Hz,195,1.795,4.795,1,0.0,1.114,5.909,1,480
pp,a-00100B-010Hz,196,1.443,6.943,1,0.0,1.43,8.373,1,480
pp,a-00100B-010Hz,197,0.837,3.837,1,0.0,0.65,4.487,1,480
pp,a-00100B-010Hz,198,1.645,4.645,1,0.0,1.142,5.787,1,480
pp,a-00100B-010Hz,199,1.636,2.136,1,0.0,0.564,2.7,1,480
sr,a-00100B-010Hz,0,12.892,15.892,6,7.5,0.433,23.825,3,20
sr,a-00100B-010Hz,1,10.503,13.503,6,7.5,1.345,22.348,3,20
sr,a-00100B-010Hz,2,14.873,17.873,6,7.5,1.114,26.487,3,26
sr,a-00100B-010Hz,3,10.507,13.507,6,7.5,0.433,21.439,3,32
sr,a-00100B-010Hz,4,7.178,10.178,6,7.5,0.549,18.227,3,32
sr,a-00100B-010Hz,5,10.094,13.094,6,7.5,0.896,21.49,3,32
sr,a-00100B-010Hz,6,14.562,17.562,6,10.0,0.734,28.296,3,42
sr,a-00100B-010Hz,7,12.192,15.192,6,7.5,0.283,22.975,3,51
sr,a-00100B-010Hz,8,11.552,14.552,6,7.5,1.611,23.663,3,63
sr,a-00100B-010Hz,9,13.307,16.307,6,5.0,1.17,22.477,2,76
sr,a-00100B-010Hz,10,15.103,18.103,6,5.0,1.055,24.158,2,76
sr,a-00100B-010Hz,11,10.179,13.178,6,5.0,0.698,18.877,2,88
sr,a-00100B-010Hz,12,11.346,14.346,6,5.0,1.074,20.42,2,76
sr,a-00100B-010Hz,13,14.197,17.197,6,10.0,2.013,29.21,3,63
sr,a-00100B-010Hz,14,10.047,13.047,6,7.5,0.548,21.095,3,63
sr,a-00100B-010Hz,15,8.644,11.644,6,0.0,4.807,16.451,1,76
sr,a-00100B-010Hz,16,9.098,12.098,6,0.0,4.372,16.47,1,88
sr,a-00100B-010Hz,17,15.414,18.414,6,7.5,1.001,26.915,3,63
sr,a-00100B-010Hz,18,13.604,16.604,6,5.0,0.503,22.107,2,76
sr,a-00100B-010Hz,19,14.432,17.432,6,7.5,0.279,25.211,3,63
sr,a-00100B-010Hz,20,8.848,11.848,6,7.5,0.276,19.624,3,63
sr,a-00100B-010Hz,21,13.133,16.133,6,5.0,0.347,21.48,2,76
sr,a-00100B-010Hz,22,8.841,11.841,6,0.0,4.637,16.478,1,88
sr,a-00100B-010Hz,23,10.154,13.154,6,7.5,1.06,21.714,3,76
sr,a-00100B-010Hz,24,9.784,12.784,6,5.0,4.508,22.292,2,63
sr,a-00100B-010Hz,25,12.68,15.68,6,5.0,0.629,21.309,2,88
sr,a-00100B-010Hz,26,9.198,12.198,6,0.0,4.103,16.3,1,88
sr,a-00100B-010Hz,27,10.899,13.899,6,5.0,2.059,20.958,2,101
sr,a-00100B-010Hz,28,6.637,2.137,6,7.5,0.488,10.125,2,88
sr,a-00100B-010Hz,29,13.433,16.433,6,5.0,1.997,23.429,2,88
sr,a-00100B-010Hz,30,9.858,12.858,6,0.0,4.834,17.692,1,88
sr,a-00100B-010Hz,31,11.224,14.224,6,0.0,3.551,17.775,1,88
sr,a-00100B-010Hz,32,15.02,18.02,6,0.0,4.897,22.917,1,76
sr,a-00100B-010Hz,33,8.864,11.864,6,5.0,1.499,18.363,2,76
sr,a-00100B-010Hz,34,11.458,14.458,6,5.0,1.354,20.812,2,88
sr,a-00100B-010Hz,35,13.659,16.659,6,5.0,1.188,22.846,2,88
sr,a-00100B-010Hz,36,15.394,18.394,6,5.0,1.01,24.404,2,76
sr,a-00100B-010Hz,37,8.865,11.865,6,5.0,0.461,17.326,2,76
sr,a-00100B-010Hz,38,8.877,11.877,6,5.0,0.439,17.316,2,88
sr,a-00100B-010Hz,39,9.792,12.792,6,0.0,4.831,17.622,1,76
sr,a-00100B-010Hz,40,10.782,13.782,6,5.0,0.241,19.023,2,88
sr,a-00100B-010Hz,41,15.938,18.938,6,5.0,0.29,24.229,2,76
sr,a-00100B-010Hz,42,12.08,15.08,6,7.5,0.392,22.972,3,63
sr,a-00100B-010Hz,43,8.881,11.881,6,7.5,0.325,19.706,3,63
sr,a-00100B-010Hz,44,12.614,15.614,6,7.5,0.297,23.411,3,63
sr,a-00100B-010Hz,45,9.828,12.828,6,7.5,3.249,23.577,3,76
sr,a-00100B-010Hz,46,9.62,12.62,6,5.0,0.702,18.322,2,88
sr,a-00100B-010Hz,47,11.802,14.802,6,5.0,0.879,20.681,2,76
sr,a-00100B-010Hz,48,9.881,12.881,6,5.0,1.708,19.588,2,76
sr,a-00100B-010Hz,49,12.085,15.085,6,5.0,1.411,21.497,2,76
sr,a-00100B-010Hz,50,11.073,14.073,6,5.0,0.433,19.506,2,76
sr,a-00100B-010Hz,51,9.461,12.461,6,0.0,3.663,16.124,1,88
sr,a-00100B-010Hz,52,13.448,16.448,6,5.0,1.262,22.71,2,101
sr,a-00100B-010Hz,53,11.944,14.944,6,5.0,2.063,22.007,2,101
sr,a-00100B-010Hz,54,20.302,23.302,6,5.0,0.457,28.759,2,101
sr,a-00100B-010Hz,55,15.085,18.085,6,5.0,0.442,23.526,2,88
sr,a-00100B-010Hz,56,13.936,16.936,6,0.0,4.286,21.221,1,101
sr,a-00100B-010Hz,57,11.974,14.974,6,5.0,0.522,20.495,2,101
sr,a-00100B-010Hz,58,9.14,12.14,6,5.0,0.426,17.566,2,116
sr,a-00100B-010Hz,59,10.595,13.595,6,5.0,0.141,18.736,2,101
sr,a-00100B-010Hz,60,9.57,12.57,6,5.0,0.446,18.016,2,88
sr,a-00100B-010Hz,61,7.75,10.75,6,7.5,0.521,18.771,3,76
sr,a-00100B-010Hz,62,12.18,15.18,6,7.5,0.263,22.943,3,51
sr,a-00100B-010Hz,63,9.863,12.863,6,7.5,0.171,20.535,3,51
sr,a-00100B-010Hz,64,10.541,13.541,6,7.5,0.495,21.536,3,63
sr,a-00100B-010Hz,65,11.503,14.503,6,5.0,0.441,19.944,2,76
sr,a-00100B-010Hz,66,12.921,15.921,6,5.0,1.468,22.389,2,101
sr,a-00100B-010Hz,67,15.037,18.037,6,5.0,1.47,24.506,2,88
sr,a-00100B-010Hz,68,8.902,11.902,6,5.0,0.892,17.793,2,76
sr,a-00100B-010Hz,69,17.42,20.42,6,0.0,1.962,22.382,1,76
sr,a-00100B-010Hz,70,14.989,17.989,6,0.0,4.24,22.228,1,88
sr,a-00100B-010Hz,71,12.556,15.556,6,5.0,0.196,20.753,2,76
sr,a-00100B-010Hz,72,11.125,14.125,6,7.5,1.257,22.882,3,63
sr,a-00100B-010Hz,73,12.257,15.257,6,0.0,4.453,19.71,1,76
sr,a-00100B-010Hz,74,8.666,11.666,6,7.5,0.197,19.363,3,63
sr,a-00100B-010Hz,75,15.055,18.055,6,7.5,0.814,26.37,3,63
sr,a-00100B-010Hz,76,11.915,14.915,6,7.5,0.326,22.741,3,76
sr,a-00100B-010Hz,77,13.969,16.969,6,0.0,4.712,21.681,1,88
sr,a-00100B-010Hz,78,10.838,13.838,6,5.0,1.299,20.137,2,88
sr,a-00100B-010Hz,79,7.753,10.753,6,5.0,0.564,16.317,2,88
sr,a-00100B-010Hz,80,12.164,15.164,6,5.0,0.925,21.089,2,76
sr,a-00100B-010Hz,81,11.93,14.93,6,10.0,1.112,26.041,3,63
sr,a-00100B-010Hz,82,10.775,13.775,6,7.5,0.7,21.974,3,63
sr,a-00100B-010Hz,83,16.114,19.114,6,0.0,4.848,23.961,1,76
sr,a-00100B-010Hz,84,11.406,14.406,6,5.0,0.112,19.518,2,76
sr,a-00100B-010Hz,85,10.253,13.253,6,5.0,0.292,18.545,2,88
sr,a-00100B-010Hz,86,13.315,16.315,6,7.5,0.85,24.665,3,63
sr,a-00100B-010Hz,87,11.477,14.477,6,5.0,0.693,20.169,2,76
sr,a-00100B-010Hz,88,12.833,15.833,6,7.5,0.53,23.864,3,63
sr,a-00100B-010Hz,89,14.776,17.776,6,5.0,1.212,23.988,2,76
sr,a-00100B-010Hz,90,9.011,12.011,6,5.0,1.222,18.233,2,76
sr,a-00100B-010Hz,91,11.206,14.206,6,0.0,4.872,19.078,1,88
sr,a-00100B-010Hz,92,14.219,17.219,6,7.5,0.488,25.207,3,63
sr,a-00100B-010Hz,93,12.787,15.787,6,5.0,1.397,22.185,2,76
sr,a-00100B-010Hz,94,9.463,12.463,6,5.0,1.557,19.02,2,76
sr,a-00100B-010Hz,95,11.095,14.095,6,5.0,0.156,19.251,2,88
sr,a-00100B-010Hz,96,10.196,13.196,6,5.0,0.023,18.219,2,76
sr,a-00100B-010Hz,97,10.08,13.08,6,0.0,4.434,17.514,1,88
sr,a-00100B-010Hz,98,15.894,18.894,6,5.0,1.115,25.009,2,76
sr,a-00100B-010Hz,99,13.544,16.544,6,7.5,0.985,25.028,3,63
sr,a-00100B-010Hz,100,9.783,12.783,6,7.5,0.354,20.637,3,63
sr,a-00100B-010Hz,101,12.761,15.761,6,5.0,0.583,21.344,2,76
sr,a-00100B-010Hz,102,13.043,16.043,6,0.0,4.89,20.933,1,76
sr,a-00100B-010Hz,103,10.214,13.214,6,5.0,0.862,19.076,2,76
sr,a-00100B-010Hz,104,8.914,11.914,6,5.0,0.198,17.112,2,88
sr,a-00100B-010Hz,105,10.473,13.474,6,7.5,1.553,22.527,3,76
sr,a-00100B-010Hz,106,15.481,18.481,6,7.5,1.69,27.67,3,51
sr,a-00100B-010Hz,107,5.598,8.598,6,7.5,0.599,16.697,3,51
sr,a-00100B-010Hz,108,15.729,18.729,6,7.5,0.266,26.495,3,51
sr,a-00100B-010Hz,109,10.294,13.294,6,7.5,0.299,21.093,3,51
sr,a-00100B-010Hz,110,11.85,14.85,6,7.5,0.386,22.736,3,63
sr,a-00100B-010Hz,111,11.111,14.111,6,7.5,0.393,22.004,3,63
sr,a-00100B-010Hz,112,15.097,18.097,6,5.0,0.054,23.151,2,76
sr,a-00100B-010Hz,113,2.331,0.331,6,25.0,1.626,26.957,3,76
sr,a-00100B-010Hz,114,14.028,17.028,6,5.0,0.419,22.447,2,101
sr,a-00100B-010Hz,115,13.619,16.619,6,5.0,1.651,23.27,2,88
sr,a-00100B-010Hz,116,17.113,20.113,6,5.0,1.265,26.379,2,76
sr,a-00100B-010Hz,117,10.457,13.457,6,5.0,0.078,18.535,2,76
sr,a-00100B-010Hz,118,9.205,12.205,6,5.0,0.217,17.422,2,88
sr,a-00100B-010Hz,119,13.058,16.058,6,5.0,0.267,21.325,2,101
sr,a-00100B-010Hz,120,18.08,21.08,6,2.5,1.232,24.812,2,88
sr,a-00100B-010Hz,121,12.743,15.743,6,5.0,0.119,20.862,2,76
sr,a-00100B-010Hz,122,9.319,12.319,6,5.0,0.757,18.075,2,76
sr,a-00100B-010Hz,123,10.583,13.583,6,5.0,0.09,18.672,2,76
sr,a-00100B-010Hz,124,13.429,16.429,6,7.5,0.444,24.374,3,63
sr,a-00100B-010Hz,125,12.059,15.059,6,7.5,0.555,23.114,3,63
sr,a-00100B-010Hz,126,10.264,13.263,6,0.0,3.766,17.03,1,76
sr,a-00100B-010Hz,127,13.159,16.159,6,0.0,4.178,20.337,1,76
sr,a-00100B-010Hz,128,8.938,11.938,6,5.0,0.822,17.761,2,76
sr,a-00100B-010Hz,129,10.57,13.57,6,5.0,0.478,19.048,2,88
sr,a-00100B-010Hz,130,11.502,14.502,6,7.5,1.344,23.347,3,76
sr,a-00100B-010Hz,131,9.099,12.099,6,10.0,0.985,23.084,3,51
sr,a-00100B-010Hz,132,10.221,13.221,6,7.5,0.896,21.617,3,63
sr,a-00100B-010Hz,133,17.043,20.043,6,5.0,0.154,25.197,2,76
sr,a-00100B-010Hz,134,12.442,15.442,6,5.0,1.426,21.868,2,76
sr,a-00100B-010Hz,135,9.724,12.724,6,5.0,2.193,19.917,2,88
sr,a-00100B-010Hz,136,9.158,12.158,6,5.0,0.854,18.012,2,76
sr,a-00100B-010Hz,137,13.136,16.136,6,7.5,1.074,24.71,3,63
sr,a-00100B-010Hz,138,14.107,17.107,6,5.0,1.29,23.398,2,76
sr,a-00100B-010Hz,139,10.965,13.965,6,7.5,1.249,22.715,3,63
sr,a-00100B-010Hz,140,11.507,14.507,6,5.0,0.492,19.999,2,76
sr,a-00100B-010Hz,141,10.896,13.896,6,7.5,0.531,21.927,3,63
sr,a-00100B-010Hz,142,13.091,16.091,6,5.0,1.242,22.333,2,76
sr,a-00100B-010Hz,143,8.995,11.995,6,5.0,1.057,18.052,2,76
sr,a-00100B-010Hz,144,10.556,13.556,6,5.0,0.344,18.9,2,88
sr,a-00100B-010Hz,145,9.156,12.156,6,7.5,1.636,21.292,3,63
sr,a-00100B-010Hz,146,12.519,15.519,6,5.0,1.942,22.461,2,76
sr,a-00100B-010Hz,147,9.556,12.556,6,7.5,1.131,21.186,3,63
sr,a-00100B-010Hz,148,11.894,14.894,6,7.5,0.927,23.322,3,76
sr,a-00100B-010Hz,149,11.149,14.149,6,5.0,0.813,19.962,2,88
sr,a-00100B-010Hz,150,13.174,16.174,6,5.0,1.383,22.557,2,76
sr,a-00100B-010Hz,151,10.181,13.181,6,7.5,0.893,21.575,3,63
sr,a-00100B-010Hz,152,10.091,13.091,6,5.0,0.228,18.319,2,76
sr,a-00100B-010Hz,153,14.834,17.834,6,5.0,0.413,23.247,2,76
sr,a-00100B-010Hz,154,11.133,14.133,6,0.0,3.894,18.027,1,88
sr,a-00100B-010Hz,155,8.033,11.033,6,5.0,0.138,16.171,2,76
sr,a-00100B-010Hz,156,9.58,12.58,6,7.5,0.784,20.864,3,63
sr,a-00100B-010Hz,157,9.696,12.696,6,0.0,4.913,17.609,1,76
sr,a-00100B-010Hz,158,9.579,12.579,6,7.5,0.368,20.447,3,63
sr,a-00100B-010Hz,159,11.684,14.684,6,5.0,0.091,19.775,2,76
sr,a-00100B-010Hz,160,12.034,15.034,6,5.0,2.101,22.135,2,76
sr,a-00100B-010Hz,161,12.961,15.961,6,5.0,0.742,21.704,2,76
sr,a-00100B-010Hz,162,11.605,14.605,6,0.0,4.416,19.021,1,76
sr,a-00100B-010Hz,163,9.578,12.578,6,5.0,0.463,18.042,2,88
sr,a-00100B-010Hz,164,9.175,12.175,6,5.0,0.3,17.475,2,76
sr,a-00100B-010Hz,165,9.782,12.782,6,7.5,0.444,20.725,3,63
sr,a-00100B-010Hz,166,8.518,11.518,6,5.0,0.031,16.549,2,76
sr,a-00100B-010Hz,167,9.077,12.077,6,7.5,0.131,19.708,3,63
sr,a-00100B-010Hz,168,8.73,11.73,6,5.0,0.661,17.392,2,76
sr,a-00100B-010Hz,169,14.249,17.249,6,5.0,0.368,22.617,2,88
sr,a-00100B-010Hz,170,9.896,12.896,6,5.0,0.14,18.037,2,88
sr,a-00100B-010Hz,171,10.478,13.478,6,5.0,1.725,20.203,2,101
sr,a-00100B-010Hz,172,13.12,16.12,6,5.0,1.122,22.242,2,76
sr,a-00100B-010Hz,173,11.206,14.206,6,5.0,1.871,21.077,2,76
sr,a-00100B-010Hz,174,14.479,17.479,6,5.0,0.931,23.41,2,76
sr,a-00100B-010Hz,175,11.559,14.56,6,7.5,0.513,22.572,3,63
sr,a-00100B-010Hz,176,10.722,13.721,6,7.5,0.307,21.529,3,63
sr,a-00100B-010Hz,177,10.803,13.803,6,5.0,1.623,20.426,2,76
sr,a-00100B-010Hz,178,13.079,16.079,6,5.0,0.028,21.106,2,76
sr,a-00100B-010Hz,179,5.687,8.687,6,7.5,0.806,16.993,3,76
sr,a-00100B-010Hz,180,10.519,13.519,6,5.0,0.221,18.74,2,76
sr,a-00100B-010Hz,181,12.978,15.978,6,7.5,1.32,24.797,3,63
sr,a-00100B-010Hz,182,11.884,14.884,6,7.5,0.981,23.365,3,63
sr,a-00100B-010Hz,183,12.905,15.905,6,5.0,1.451,22.356,2,76
sr,a-00100B-010Hz,184,10.013,13.013,6,5.0,0.296,18.309,2,88
sr,a-00100B-010Hz,185,11.083,14.083,6,5.0,0.434,19.518,2,76
sr,a-00100B-010Hz,186,12.29,15.29,6,10.0,2.192,27.482,3,63
sr,a-00100B-010Hz,187,15.0,17.999,6,5.0,0.248,23.248,2,76
sr,a-00100B-010Hz,188,11.359,14.359,6,0.0,4.441,18.8,1,76
sr,a-00100B-010Hz,189,8.557,11.557,6,5.0,0.6,17.157,2,88
sr,a-00100B-010Hz,190,12.601,15.601,6,5.0,0.811,21.411,2,101
sr,a-00100B-010Hz,191,9.133,12.132,6,5.0,0.288,17.421,2,116
sr,a-00100B-010Hz,192,10.379,13.379,6,5.0,0.416,18.794,2,101
sr,a-00100B-010Hz,193,15.931,18.931,6,5.0,0.407,24.338,2,88
sr,a-00100B-010Hz,194,10.7,13.7,6,5.0,0.859,19.56,2,88
sr,a-00100B-010Hz,195,10.936,13.937,6,5.0,1.818,20.754,2,101
sr,a-00100B-010Hz,196,14.211,17.211,6,5.0,1.058,23.269,2,116
sr,a-00100B-010Hz,197,12.733,15.733,6,5.0,0.386,21.118,2,101
sr,a-00100B-010Hz,198,8.5,11.5,6,0.0,4.997,16.498,1,101
sr,a-00100B-010Hz,199,11.434,14.434,6,5.0,0.208,19.641,2,101
